# "SpringConstant: 0.0258"
4.78100e-07 1.54781e-11
4.77563e-07 5.83280e-12
4.78651e-07 3.47910e-11
4.77638e-07 1.10452e-11
4.77173e-07 3.34158e-12
4.77110e-07 7.23023e-12
4.77072e-07 1.70803e-11
4.77294e-07 2.49111e-11
4.76454e-07 1.31792e-11
4.76144e-07 1.22604e-11
4.77161e-07 4.59643e-11
4.76579e-07 3.63094e-11
4.75732e-07 2.54352e-11
4.76288e-07 4.60627e-11
4.75705e-07 3.99509e-11
4.74858e-07 2.91372e-11
4.74519e-07 2.56265e-11
4.74053e-07 2.02870e-11
4.73485e-07 1.67663e-11
4.73895e-07 3.69802e-11
4.73025e-07 2.54335e-11
4.72804e-07 2.99809e-11
4.72939e-07 4.19649e-11
4.72735e-07 3.91795e-11
4.72077e-07 3.29056e-11
4.71141e-07 2.07580e-11
4.70665e-07 1.24312e-11
4.70504e-07 1.60310e-11
4.70056e-07 1.57866e-11
4.70237e-07 3.02005e-11
4.70030e-07 2.98980e-11
4.69811e-07 3.45332e-11
4.69292e-07 2.76223e-11
4.69236e-07 3.56876e-11
4.68197e-07 1.62035e-11
4.67227e-07 4.77183e-12
4.67762e-07 2.96625e-11
4.67525e-07 3.02706e-11
4.67306e-07 2.99308e-11
4.66355e-07 1.20658e-11
4.66099e-07 1.61736e-11
4.65810e-07 1.88097e-11
4.65833e-07 2.72199e-11
4.66002e-07 3.64450e-11
4.65287e-07 2.93326e-11
4.64795e-07 2.60589e-11
4.63738e-07 7.27688e-12
4.63569e-07 8.46555e-12
4.63156e-07 1.46035e-11
4.63519e-07 2.60091e-11
4.63321e-07 3.17344e-11
4.62650e-07 2.49067e-11
4.62154e-07 1.80279e-11
4.61915e-07 1.88352e-11
4.60755e-07 -7.46320e-13
4.60833e-07 1.16578e-11
4.60660e-07 2.00217e-11
4.61066e-07 3.26203e-11
4.60423e-07 2.65819e-11
4.60147e-07 3.09097e-11
4.59254e-07 1.58806e-11
4.59579e-07 2.56730e-11
4.58789e-07 1.80084e-11
4.58423e-07 1.58043e-11
4.58400e-07 2.64746e-11
4.57558e-07 1.54989e-11
4.58097e-07 3.04564e-11
4.57432e-07 2.52484e-11
4.57079e-07 2.41971e-11
4.56042e-07 8.26651e-12
4.56966e-07 3.38421e-11
4.56113e-07 2.71184e-11
4.55867e-07 3.14117e-11
4.55630e-07 3.13509e-11
4.55015e-07 2.32704e-11
4.54448e-07 1.67785e-11
4.54011e-07 1.50181e-11
4.53730e-07 1.90938e-11
4.53180e-07 1.58032e-11
4.52824e-07 8.78178e-12
4.52435e-07 1.05399e-11
4.52214e-07 1.14654e-11
4.52694e-07 2.83566e-11
4.51856e-07 1.65189e-11
4.50921e-07 9.89525e-12
4.50710e-07 9.44633e-12
4.50871e-07 2.08542e-11
4.50552e-07 2.09426e-11
4.50180e-07 2.42057e-11
4.49732e-07 1.52226e-11
4.49853e-07 2.55602e-11
4.48699e-07 8.92554e-12
4.48892e-07 2.03059e-11
4.48677e-07 2.37755e-11
4.47731e-07 1.12078e-11
4.48841e-07 4.16690e-11
4.48251e-07 4.03040e-11
4.47709e-07 3.14803e-11
4.47019e-07 2.23458e-11
4.46810e-07 2.94712e-11
4.46471e-07 2.76865e-11
4.46006e-07 2.30650e-11
4.45539e-07 1.99121e-11
4.45364e-07 2.51997e-11
4.44873e-07 2.00750e-11
4.44505e-07 2.11760e-11
4.44189e-07 1.88041e-11
4.44261e-07 3.22172e-11
4.43270e-07 1.47638e-11
4.43525e-07 2.97388e-11
4.42994e-07 1.96721e-11
4.42271e-07 1.34347e-11
4.42317e-07 2.34283e-11
4.42089e-07 2.61439e-11
4.41826e-07 2.46026e-11
4.41319e-07 2.51201e-11
4.40991e-07 2.20229e-11
4.40492e-07 1.96710e-11
4.39529e-07 3.21441e-12
4.40268e-07 3.04170e-11
4.40211e-07 3.27939e-11
4.39310e-07 2.30634e-11
4.38870e-07 1.95977e-11
4.38587e-07 1.84249e-11
4.38225e-07 2.13175e-11
4.37881e-07 2.28664e-11
4.37650e-07 2.13794e-11
4.37183e-07 1.52404e-11
4.36918e-07 2.55789e-11
4.36570e-07 2.15707e-11
4.36542e-07 2.96337e-11
4.35475e-07 1.30827e-11
4.35270e-07 1.73667e-11
4.35214e-07 2.23027e-11
4.34898e-07 2.34002e-11
4.34530e-07 1.64976e-11
4.34233e-07 2.27317e-11
4.33759e-07 1.81127e-11
4.33691e-07 2.54065e-11
4.33416e-07 2.75660e-11
4.32977e-07 2.29541e-11
4.32160e-07 1.09280e-11
4.31594e-07 8.96976e-12
4.31280e-07 4.48659e-12
4.31427e-07 1.66712e-11
4.30871e-07 1.39047e-11
4.31417e-07 3.35990e-11
4.31179e-07 3.75873e-11
4.30315e-07 2.43638e-11
4.29615e-07 1.93192e-11
4.29525e-07 2.42532e-11
4.29109e-07 1.50225e-11
4.28483e-07 1.09417e-11
4.28544e-07 1.75171e-11
4.27775e-07 1.04426e-11
4.27398e-07 6.60649e-12
4.28035e-07 3.01368e-11
4.27632e-07 3.39096e-11
4.26745e-07 1.33679e-11
4.26395e-07 1.40318e-11
4.26456e-07 2.58709e-11
4.26355e-07 3.79331e-11
4.25874e-07 3.04818e-11
4.25218e-07 2.06938e-11
4.25635e-07 3.61484e-11
4.24583e-07 2.26886e-11
4.24711e-07 3.36674e-11
4.23965e-07 2.35012e-11
4.23648e-07 2.67555e-11
4.23392e-07 2.83654e-11
4.22969e-07 2.56744e-11
4.22268e-07 1.12321e-11
4.22165e-07 1.83021e-11
4.22581e-07 4.05758e-11
4.21816e-07 3.15157e-11
4.21242e-07 2.18117e-11
4.20746e-07 1.25300e-11
4.20471e-07 1.94709e-11
4.20405e-07 2.51599e-11
4.19297e-07 1.02591e-11
4.18836e-07 3.55498e-12
4.18868e-07 1.44973e-11
4.19071e-07 2.59863e-11
4.18354e-07 1.39345e-11
4.18354e-07 2.11527e-11
4.17624e-07 1.53691e-11
4.17533e-07 2.06275e-11
4.17223e-07 2.24619e-11
4.17030e-07 2.54846e-11
4.16290e-07 1.80766e-11
4.16344e-07 2.88398e-11
4.15825e-07 1.92437e-11
4.15833e-07 2.52030e-11
4.14929e-07 1.49761e-11
4.14995e-07 2.56355e-11
4.14055e-07 8.34059e-12
4.14305e-07 2.26687e-11
4.13285e-07 6.71635e-12
4.13329e-07 1.36315e-11
4.13343e-07 2.38529e-11
4.13244e-07 3.08465e-11
4.13219e-07 4.09354e-11
4.13044e-07 4.42570e-11
4.12082e-07 2.61827e-11
4.12060e-07 3.01103e-11
4.11717e-07 3.53006e-11
4.11507e-07 3.53504e-11
4.11222e-07 3.93133e-11
4.10268e-07 2.51643e-11
4.10358e-07 3.42028e-11
4.09345e-07 2.10499e-11
4.08902e-07 1.45471e-11
4.08752e-07 1.80639e-11
4.09550e-07 4.45854e-11
4.08032e-07 1.95549e-11
4.07933e-07 2.30573e-11
4.08014e-07 3.05902e-11
4.07341e-07 2.41725e-11
4.07262e-07 3.07177e-11
4.06318e-07 1.45006e-11
4.06611e-07 3.43696e-11
4.06738e-07 4.04648e-11
4.06212e-07 3.84298e-11
4.05210e-07 2.28733e-11
4.04879e-07 2.13824e-11
4.04117e-07 1.37963e-11
4.04316e-07 2.16205e-11
4.04600e-07 3.13237e-11
4.04163e-07 3.51325e-11
4.03533e-07 3.59685e-11
4.02842e-07 2.38009e-11
4.02631e-07 2.23160e-11
4.02396e-07 2.16171e-11
4.02089e-07 2.97910e-11
4.01117e-07 8.82270e-12
4.01322e-07 2.50394e-11
4.00702e-07 1.77165e-11
4.00674e-07 2.04617e-11
4.00060e-07 1.77946e-11
4.00059e-07 2.73836e-11
4.00320e-07 3.85592e-11
3.99491e-07 2.81885e-11
3.99177e-07 2.67066e-11
3.98693e-07 2.42820e-11
3.98347e-07 2.78336e-11
3.98112e-07 3.20774e-11
3.97767e-07 2.91870e-11
3.97245e-07 2.47784e-11
3.96749e-07 1.30583e-11
3.96749e-07 2.41526e-11
3.96217e-07 2.38010e-11
3.95372e-07 5.14143e-12
3.95216e-07 1.64268e-11
3.95063e-07 1.76630e-11
3.95439e-07 3.29153e-11
3.95165e-07 3.42999e-11
3.94460e-07 2.81542e-11
3.93897e-07 1.96177e-11
3.92969e-07 8.62366e-12
3.93494e-07 2.97465e-11
3.92535e-07 1.28973e-11
3.91898e-07 7.59202e-12
3.92252e-07 2.19201e-11
3.91597e-07 1.68852e-11
3.91386e-07 1.84238e-11
3.92046e-07 4.29921e-11
3.91154e-07 2.81794e-11
3.90655e-07 2.43571e-11
3.90495e-07 2.76113e-11
3.89836e-07 2.06743e-11
3.89689e-07 1.90076e-11
3.89654e-07 3.33158e-11
3.88781e-07 2.19873e-11
3.88226e-07 1.57468e-11
3.88245e-07 2.05103e-11
3.88507e-07 3.95225e-11
3.88369e-07 4.28251e-11
3.87241e-07 2.65288e-11
3.86865e-07 1.92159e-11
3.86405e-07 2.18781e-11
3.86090e-07 2.00791e-11
3.86109e-07 2.79563e-11
3.86169e-07 3.38985e-11
3.85443e-07 2.82980e-11
3.85733e-07 3.87944e-11
3.85375e-07 4.22811e-11
3.84290e-07 2.04793e-11
3.84011e-07 2.51083e-11
3.83587e-07 2.41216e-11
3.83410e-07 3.24246e-11
3.83924e-07 4.58145e-11
3.82867e-07 3.27209e-11
3.82091e-07 1.88362e-11
3.82311e-07 3.08554e-11
3.82052e-07 3.56047e-11
3.81372e-07 1.93261e-11
3.81080e-07 2.41605e-11
3.80922e-07 2.82692e-11
3.79893e-07 1.23655e-11
3.80424e-07 3.54914e-11
3.80320e-07 4.05794e-11
3.79228e-07 2.56398e-11
3.78757e-07 1.91649e-11
3.78634e-07 2.68417e-11
3.78640e-07 3.27419e-11
3.77765e-07 1.81549e-11
3.77715e-07 2.86253e-11
3.77818e-07 4.07375e-11
3.77341e-07 3.33582e-11
3.77072e-07 3.27099e-11
3.76338e-07 2.50538e-11
3.75491e-07 1.24978e-11
3.75475e-07 1.78223e-11
3.75608e-07 3.05636e-11
3.74670e-07 1.98075e-11
3.74964e-07 3.23405e-11
3.74491e-07 2.61142e-11
3.73713e-07 1.89118e-11
3.73693e-07 2.51444e-11
3.73337e-07 2.51223e-11
3.73524e-07 4.18122e-11
3.72878e-07 2.94369e-11
3.72349e-07 2.99356e-11
3.72254e-07 2.86733e-11
3.72340e-07 4.46551e-11
3.72214e-07 4.60848e-11
3.71857e-07 4.47534e-11
3.70719e-07 2.52804e-11
3.70340e-07 2.59605e-11
3.70265e-07 3.39753e-11
3.68804e-07 9.14335e-12
3.68620e-07 5.26667e-12
3.68155e-07 1.04038e-12
3.68150e-07 1.13349e-11
3.67972e-07 1.71997e-11
3.67925e-07 2.34901e-11
3.67085e-07 6.82463e-12
3.67039e-07 1.91547e-11
3.67097e-07 2.46633e-11
3.66663e-07 2.00370e-11
3.66140e-07 2.12268e-11
3.66736e-07 4.06102e-11
3.65470e-07 2.24630e-11
3.65586e-07 2.71491e-11
3.65437e-07 3.95658e-11
3.65161e-07 4.15977e-11
3.64792e-07 3.16705e-11
3.63843e-07 2.10983e-11
3.63995e-07 3.68962e-11
3.63839e-07 3.65777e-11
3.63006e-07 2.30984e-11
3.62538e-07 2.31674e-11
3.62144e-07 2.15121e-11
3.61977e-07 2.15267e-11
3.61979e-07 3.08777e-11
3.60791e-07 1.43127e-11
3.60987e-07 2.48708e-11
3.61130e-07 3.69824e-11
3.60623e-07 3.25031e-11
3.59931e-07 2.58819e-11
3.59614e-07 2.82018e-11
3.59655e-07 3.09318e-11
3.59012e-07 2.76422e-11
3.57529e-07 -4.74686e-12
3.57533e-07 6.62119e-12
3.57644e-07 1.56243e-11
3.57581e-07 2.23370e-11
3.57439e-07 2.92356e-11
3.56991e-07 2.25567e-11
3.56191e-07 1.77581e-11
3.56759e-07 3.03027e-11
3.56102e-07 2.71528e-11
3.55128e-07 9.99256e-12
3.54897e-07 1.07997e-11
3.55104e-07 2.23192e-11
3.54686e-07 2.29164e-11
3.54486e-07 2.65974e-11
3.54224e-07 3.39275e-11
3.54065e-07 4.12505e-11
3.52856e-07 1.48534e-11
3.52611e-07 1.42514e-11
3.53636e-07 4.97957e-11
3.52787e-07 3.44271e-11
3.52263e-07 2.99952e-11
3.51552e-07 2.01255e-11
3.51024e-07 2.21634e-11
3.51169e-07 2.94403e-11
3.50299e-07 1.40639e-11
3.50133e-07 2.14690e-11
3.49896e-07 2.17532e-11
3.49831e-07 3.28027e-11
3.49264e-07 1.99685e-11
3.48617e-07 1.50405e-11
3.48605e-07 2.23060e-11
3.48261e-07 2.37125e-11
3.48536e-07 3.88144e-11
3.47825e-07 3.11629e-11
3.46834e-07 1.26673e-11
3.46773e-07 1.39462e-11
3.46448e-07 2.11704e-11
3.46549e-07 3.33434e-11
3.46352e-07 3.18964e-11
3.45464e-07 1.75945e-11
3.45757e-07 3.37570e-11
3.44637e-07 1.50061e-11
3.44245e-07 1.49153e-11
3.44744e-07 3.24434e-11
3.43743e-07 1.82670e-11
3.42855e-07 3.93535e-12
3.42964e-07 1.81075e-11
3.42628e-07 1.65367e-11
3.42682e-07 2.56310e-11
3.42054e-07 1.84669e-11
3.41421e-07 8.29462e-12
3.41260e-07 1.50259e-11
3.41255e-07 1.91326e-11
3.40238e-07 8.02381e-12
3.40371e-07 1.63406e-11
3.40820e-07 3.71162e-11
3.39991e-07 2.46411e-11
3.39569e-07 2.44025e-11
3.39709e-07 3.52807e-11
3.39552e-07 4.07001e-11
3.39335e-07 4.28848e-11
3.38444e-07 2.36716e-11
3.38034e-07 2.83781e-11
3.38025e-07 3.46980e-11
3.37715e-07 3.43563e-11
3.36750e-07 2.30895e-11
3.36647e-07 2.34847e-11
3.36453e-07 2.75184e-11
3.35858e-07 1.96666e-11
3.35537e-07 2.21247e-11
3.35145e-07 2.07370e-11
3.34222e-07 5.91502e-12
3.34643e-07 2.73028e-11
3.34419e-07 2.43151e-11
3.34173e-07 3.03082e-11
3.33508e-07 2.15685e-11
3.32837e-07 1.46742e-11
3.32936e-07 2.27765e-11
3.33013e-07 3.45951e-11
3.32665e-07 3.01092e-11
3.32306e-07 3.20452e-11
3.32191e-07 3.60248e-11
3.31707e-07 3.10866e-11
3.31004e-07 2.66067e-11
3.30276e-07 1.77040e-11
3.30631e-07 3.11121e-11
3.29998e-07 2.27021e-11
3.29457e-07 2.04793e-11
3.29231e-07 2.22087e-11
3.28680e-07 2.08397e-11
3.29038e-07 3.33191e-11
3.27924e-07 1.58132e-11
3.27927e-07 2.40085e-11
3.26952e-07 6.67426e-12
3.26980e-07 1.47782e-11
3.26897e-07 2.30828e-11
3.26037e-07 7.55332e-12
3.25988e-07 1.04946e-11
3.25940e-07 2.48387e-11
3.25337e-07 2.01918e-11
3.25932e-07 3.83933e-11
3.25589e-07 4.12584e-11
3.24716e-07 2.96414e-11
3.24485e-07 3.20730e-11
3.24001e-07 2.54380e-11
3.23729e-07 2.63630e-11
3.23448e-07 2.94734e-11
3.22770e-07 1.98364e-11
3.21837e-07 6.21206e-12
3.22013e-07 1.63472e-11
3.22027e-07 2.45157e-11
3.21448e-07 2.08730e-11
3.21176e-07 2.17001e-11
3.20887e-07 2.03347e-11
3.20140e-07 1.03508e-11
3.20187e-07 1.61736e-11
3.20043e-07 2.91306e-11
3.20278e-07 4.49260e-11
3.19870e-07 3.87770e-11
3.19858e-07 4.76857e-11
3.18512e-07 1.96202e-11
3.17466e-07 1.07268e-11
3.17890e-07 1.86632e-11
3.17912e-07 2.92091e-11
3.17628e-07 3.09849e-11
3.17138e-07 2.62338e-11
3.17119e-07 3.46449e-11
3.16184e-07 2.55458e-11
3.16124e-07 2.43337e-11
3.15651e-07 2.80813e-11
3.14791e-07 1.44951e-11
3.14528e-07 1.31737e-11
3.14852e-07 2.57227e-11
3.14166e-07 2.19942e-11
3.14166e-07 2.64513e-11
3.14408e-07 4.33846e-11
3.13521e-07 3.26059e-11
3.13519e-07 3.35502e-11
3.12652e-07 2.42189e-11
3.12756e-07 3.75530e-11
3.12171e-07 2.96822e-11
3.11425e-07 2.46988e-11
3.12173e-07 4.84622e-11
3.11315e-07 3.50674e-11
3.11304e-07 4.37263e-11
3.11096e-07 4.50089e-11
3.10018e-07 2.52915e-11
3.09975e-07 3.28801e-11
3.09913e-07 3.89241e-11
3.09281e-07 2.95279e-11
3.08992e-07 3.39394e-11
3.08335e-07 2.39381e-11
3.08132e-07 3.20696e-11
3.07641e-07 2.47486e-11
3.07249e-07 2.28865e-11
3.06600e-07 1.24134e-11
3.06030e-07 1.06350e-11
3.06744e-07 3.19458e-11
3.05922e-07 2.39763e-11
3.05450e-07 2.07392e-11
3.05333e-07 2.87469e-11
3.05082e-07 2.82715e-11
3.04558e-07 2.03234e-11
3.04137e-07 2.27582e-11
3.03877e-07 2.31416e-11
3.03603e-07 2.46568e-11
3.03983e-07 4.31944e-11
3.03441e-07 3.86157e-11
3.02748e-07 2.68550e-11
3.02517e-07 3.06068e-11
3.02300e-07 3.01939e-11
3.02238e-07 4.02078e-11
3.01173e-07 2.91162e-11
3.01964e-07 4.36624e-11
3.01348e-07 3.95101e-11
3.00197e-07 2.11660e-11
2.99749e-07 1.70128e-11
2.99635e-07 2.48193e-11
2.99369e-07 2.67157e-11
2.99237e-07 3.26778e-11
2.98589e-07 2.30745e-11
2.97920e-07 1.80047e-11
2.98743e-07 4.22173e-11
2.97992e-07 3.08533e-11
2.97659e-07 3.35071e-11
2.97675e-07 4.39399e-11
2.97239e-07 4.32497e-11
2.96601e-07 3.38311e-11
2.95637e-07 1.64623e-11
2.95062e-07 8.45227e-12
2.96263e-07 4.89078e-11
2.96037e-07 5.22929e-11
2.95266e-07 3.89816e-11
2.94741e-07 3.37282e-11
2.94170e-07 3.07677e-11
2.94054e-07 3.14670e-11
2.93252e-07 2.70563e-11
2.92766e-07 2.21416e-11
2.92606e-07 2.80846e-11
2.92391e-07 2.75118e-11
2.92181e-07 3.17932e-11
2.92010e-07 3.11242e-11
2.91758e-07 3.34750e-11
2.91716e-07 3.93205e-11
2.90823e-07 3.44956e-11
2.90756e-07 3.78913e-11
2.90269e-07 2.94702e-11
2.89854e-07 2.45352e-11
2.89777e-07 3.68442e-11
2.88555e-07 1.69373e-11
2.88578e-07 2.60412e-11
2.88037e-07 1.76332e-11
2.88128e-07 2.51183e-11
2.88278e-07 4.27610e-11
2.87345e-07 2.79043e-11
2.86621e-07 1.68374e-11
2.87126e-07 3.94681e-11
2.86915e-07 4.32674e-11
2.86550e-07 3.39076e-11
2.85643e-07 2.71845e-11
2.85699e-07 3.45775e-11
2.85433e-07 3.30918e-11
2.84951e-07 3.28658e-11
2.84757e-07 3.53890e-11
2.83959e-07 2.69763e-11
2.83914e-07 3.30217e-11
2.83635e-07 3.17656e-11
2.83627e-07 3.83083e-11
2.82789e-07 2.92622e-11
2.82414e-07 2.47840e-11
2.82657e-07 3.69575e-11
2.82135e-07 3.73672e-11
2.82294e-07 5.17395e-11
2.81216e-07 3.40241e-11
2.80929e-07 3.19613e-11
2.80198e-07 2.21733e-11
2.79867e-07 2.45989e-11
2.80178e-07 3.90734e-11
2.79416e-07 2.74444e-11
2.79409e-07 3.72517e-11
2.79209e-07 4.08503e-11
2.78905e-07 4.26017e-11
2.78664e-07 3.83593e-11
2.77443e-07 2.15818e-11
2.77480e-07 3.11065e-11
2.77343e-07 3.19719e-11
2.76430e-07 1.80180e-11
2.76314e-07 2.54883e-11
2.76017e-07 3.08975e-11
2.75502e-07 2.28169e-11
2.75318e-07 2.19279e-11
2.75160e-07 3.34925e-11
2.75087e-07 3.35458e-11
2.74927e-07 3.96163e-11
2.73946e-07 2.41583e-11
2.73595e-07 2.36915e-11
2.73720e-07 3.62891e-11
2.72902e-07 2.08686e-11
2.72167e-07 1.13592e-11
2.72602e-07 3.43574e-11
2.72013e-07 2.53048e-11
2.71765e-07 2.96282e-11
2.71608e-07 3.42059e-11
2.70849e-07 2.44125e-11
2.70579e-07 1.86416e-11
2.69766e-07 1.45548e-11
2.70108e-07 2.96955e-11
2.70083e-07 3.68718e-11
2.69400e-07 2.97122e-11
2.69181e-07 2.93537e-11
2.68710e-07 2.67500e-11
2.68338e-07 2.34151e-11
2.68137e-07 2.62427e-11
2.67261e-07 1.28343e-11
2.67304e-07 2.31652e-11
2.66912e-07 2.46233e-11
2.67052e-07 3.83358e-11
2.65770e-07 1.71323e-11
2.66821e-07 4.74760e-11
2.66592e-07 4.83682e-11
2.65769e-07 3.94924e-11
2.64793e-07 2.20983e-11
2.65160e-07 3.74291e-11
2.64823e-07 3.44226e-11
2.64033e-07 2.58242e-11
2.64123e-07 3.35137e-11
2.63135e-07 1.95008e-11
2.62543e-07 1.14567e-11
2.62362e-07 1.97706e-11
2.62180e-07 2.49078e-11
2.62041e-07 2.78109e-11
2.61960e-07 3.30460e-11
2.62020e-07 4.34952e-11
2.61745e-07 4.64948e-11
2.61061e-07 3.34761e-11
2.60552e-07 3.38466e-11
2.60208e-07 3.14891e-11
2.59940e-07 2.94822e-11
2.59753e-07 3.29376e-11
2.59302e-07 3.33226e-11
2.58902e-07 3.07052e-11
2.58323e-07 2.25835e-11
2.58481e-07 4.22329e-11
2.58211e-07 3.84995e-11
2.58185e-07 4.87430e-11
2.57097e-07 2.66444e-11
2.56116e-07 1.17396e-11
2.56236e-07 2.25714e-11
2.55423e-07 1.09783e-11
2.56554e-07 4.89564e-11
2.55018e-07 1.66358e-11
2.54504e-07 1.65511e-11
2.55057e-07 3.34474e-11
2.54373e-07 2.50582e-11
2.54504e-07 3.47910e-11
2.53626e-07 2.56918e-11
2.53230e-07 2.40199e-11
2.53175e-07 3.03581e-11
2.52669e-07 2.75660e-11
2.52514e-07 2.79408e-11
2.52672e-07 4.37745e-11
2.52129e-07 2.92401e-11
2.52071e-07 3.88058e-11
2.51598e-07 3.83715e-11
2.51304e-07 4.33912e-11
2.50563e-07 3.30891e-11
2.50328e-07 3.39031e-11
2.49303e-07 2.09924e-11
2.48718e-07 1.05808e-11
2.48916e-07 2.17243e-11
2.48893e-07 3.32572e-11
2.48624e-07 3.17766e-11
2.48271e-07 3.15169e-11
2.47338e-07 2.55624e-11
2.47697e-07 3.43386e-11
2.47827e-07 4.67057e-11
2.47373e-07 4.30872e-11
2.46717e-07 3.05813e-11
2.45741e-07 1.44689e-11
2.45991e-07 3.29940e-11
2.45797e-07 3.73396e-11
2.45347e-07 3.73327e-11
2.45071e-07 4.04080e-11
2.44937e-07 3.95577e-11
2.44668e-07 4.38078e-11
2.43659e-07 2.64956e-11
2.43502e-07 2.68904e-11
2.42465e-07 1.31304e-11
2.42848e-07 2.81620e-11
2.42174e-07 2.13838e-11
2.42137e-07 2.43070e-11
2.41719e-07 2.82405e-11
2.41516e-07 3.17468e-11
2.40503e-07 2.08774e-11
2.41449e-07 4.57675e-11
2.40978e-07 4.20467e-11
2.40388e-07 3.38199e-11
2.40363e-07 4.45766e-11
2.39402e-07 2.49907e-11
2.39259e-07 3.19886e-11
2.39311e-07 4.07751e-11
2.38423e-07 2.61009e-11
2.37985e-07 2.58076e-11
2.37584e-07 2.74245e-11
2.37205e-07 2.33542e-11
2.37156e-07 3.26290e-11
2.36781e-07 3.00627e-11
2.37206e-07 4.16177e-11
2.36327e-07 3.30596e-11
2.36494e-07 4.14971e-11
2.35267e-07 2.69600e-11
2.35009e-07 3.16611e-11
2.34548e-07 2.67113e-11
2.34306e-07 2.39580e-11
2.33881e-07 2.06499e-11
2.33345e-07 1.80390e-11
2.33820e-07 3.80019e-11
2.33388e-07 3.27744e-11
2.32660e-07 2.39635e-11
2.32134e-07 2.18062e-11
2.32326e-07 2.97410e-11
2.31638e-07 2.83776e-11
2.31370e-07 2.70861e-11
2.31023e-07 2.79486e-11
2.30677e-07 2.57791e-11
2.30404e-07 3.20221e-11
2.30770e-07 4.35270e-11
2.30130e-07 3.98175e-11
2.29045e-07 2.24442e-11
2.29355e-07 3.41085e-11
2.28877e-07 2.83853e-11
2.27559e-07 1.02778e-11
2.28407e-07 3.44004e-11
2.28324e-07 3.83557e-11
2.27653e-07 3.64970e-11
2.27692e-07 3.97933e-11
2.26922e-07 3.13686e-11
2.26319e-07 2.61551e-11
2.25647e-07 1.61094e-11
2.26053e-07 3.61786e-11
2.26271e-07 4.96386e-11
2.25332e-07 3.06811e-11
2.24555e-07 2.06861e-11
2.24729e-07 3.68199e-11
2.24697e-07 4.56291e-11
2.23793e-07 2.89471e-11
2.23296e-07 2.65310e-11
2.22912e-07 2.22704e-11
2.22845e-07 3.28437e-11
2.22744e-07 3.98186e-11
2.22553e-07 4.23272e-11
2.21219e-07 1.31693e-11
2.20423e-07 8.01552e-12
2.21138e-07 2.84969e-11
2.21564e-07 4.38789e-11
2.20226e-07 2.47928e-11
2.20554e-07 3.95602e-11
2.20492e-07 4.34731e-11
2.19247e-07 2.72387e-11
2.18973e-07 2.23814e-11
2.18804e-07 2.89703e-11
2.18961e-07 3.80948e-11
2.17841e-07 2.44835e-11
2.17766e-07 2.62225e-11
2.17887e-07 4.07928e-11
2.17484e-07 3.79886e-11
2.17151e-07 3.72345e-11
2.16674e-07 3.46781e-11
2.15929e-07 2.21139e-11
2.15492e-07 2.23878e-11
2.15184e-07 2.31397e-11
2.14420e-07 1.38430e-11
2.13983e-07 8.69444e-12
2.14137e-07 1.93526e-11
2.14464e-07 4.00286e-11
2.13652e-07 2.49653e-11
2.13742e-07 3.87151e-11
2.12621e-07 1.99252e-11
2.12650e-07 2.30402e-11
2.12668e-07 3.48085e-11
2.12234e-07 3.22871e-11
2.12416e-07 4.34012e-11
2.11613e-07 3.25860e-11
2.11339e-07 3.73294e-11
2.10576e-07 2.14579e-11
2.10889e-07 3.64881e-11
2.09892e-07 2.26932e-11
2.09473e-07 2.16149e-11
2.09304e-07 2.78911e-11
2.08882e-07 2.59263e-11
2.09072e-07 3.95156e-11
2.08555e-07 3.21581e-11
2.08454e-07 3.75103e-11
2.08050e-07 3.69492e-11
2.06733e-07 1.34259e-11
2.07236e-07 3.08265e-11
2.07621e-07 4.72779e-11
2.06444e-07 3.12481e-11
2.06426e-07 3.67877e-11
2.06187e-07 3.85360e-11
2.05889e-07 3.82595e-11
2.05077e-07 2.61350e-11
2.04118e-07 1.20946e-11
2.04354e-07 2.66759e-11
2.04048e-07 2.42249e-11
2.04194e-07 4.12406e-11
2.03634e-07 2.84052e-11
2.03666e-07 4.30875e-11
2.03170e-07 3.77940e-11
2.03423e-07 5.38570e-11
2.03120e-07 5.45582e-11
2.02133e-07 4.19461e-11
2.01553e-07 3.38167e-11
2.00639e-07 1.71205e-11
2.01132e-07 3.61885e-11
2.00576e-07 2.84373e-11
1.99811e-07 1.87542e-11
1.99707e-07 2.78734e-11
1.99494e-07 3.19093e-11
1.99543e-07 4.37079e-11
1.98475e-07 2.03754e-11
1.98057e-07 2.20970e-11
1.98117e-07 3.14736e-11
1.98625e-07 5.03552e-11
1.97825e-07 4.01879e-11
1.97624e-07 4.24526e-11
1.96990e-07 3.83027e-11
1.97349e-07 5.04027e-11
1.95994e-07 2.65679e-11
1.95541e-07 1.80047e-11
1.95540e-07 3.04630e-11
1.94816e-07 2.32115e-11
1.94523e-07 2.09139e-11
1.95009e-07 4.49349e-11
1.94193e-07 3.02316e-11
1.93926e-07 3.11176e-11
1.93994e-07 4.28395e-11
1.93859e-07 4.76092e-11
1.93126e-07 3.66418e-11
1.92554e-07 2.67732e-11
1.91781e-07 2.39330e-11
1.91531e-07 2.78358e-11
1.91031e-07 1.63041e-11
1.90669e-07 1.49784e-11
1.90912e-07 3.39494e-11
1.91073e-07 4.73465e-11
1.90125e-07 2.89497e-11
1.89769e-07 2.67024e-11
1.89864e-07 4.34122e-11
1.89272e-07 3.50241e-11
1.89822e-07 4.94219e-11
1.88804e-07 3.71538e-11
1.88618e-07 4.67734e-11
1.88018e-07 3.33600e-11
1.86681e-07 8.58165e-12
1.87766e-07 4.37590e-11
1.87625e-07 5.04182e-11
1.86267e-07 2.58200e-11
1.86329e-07 3.26267e-11
1.85350e-07 1.74319e-11
1.85402e-07 2.54098e-11
1.85395e-07 3.45735e-11
1.84690e-07 3.05017e-11
1.84388e-07 2.35157e-11
1.84643e-07 4.17578e-11
1.83846e-07 2.57227e-11
1.83610e-07 3.20674e-11
1.83393e-07 3.67300e-11
1.82864e-07 3.40544e-11
1.82793e-07 3.71450e-11
1.82462e-07 3.99198e-11
1.81969e-07 3.77166e-11
1.82080e-07 4.28837e-11
1.81769e-07 4.90842e-11
1.81762e-07 5.36027e-11
1.81202e-07 5.03806e-11
1.80429e-07 4.13416e-11
1.80315e-07 3.89561e-11
1.80007e-07 4.27477e-11
1.79138e-07 2.77543e-11
1.79123e-07 3.32417e-11
1.79142e-07 4.42051e-11
1.78094e-07 3.01772e-11
1.77443e-07 2.49067e-11
1.77063e-07 2.41935e-11
1.77278e-07 3.21051e-11
1.76741e-07 2.51500e-11
1.76922e-07 3.78714e-11
1.76020e-07 2.70773e-11
1.75986e-07 3.50164e-11
1.75769e-07 3.94272e-11
1.75170e-07 3.32927e-11
1.74899e-07 3.23958e-11
1.74029e-07 1.80235e-11
1.73530e-07 7.59094e-12
1.74032e-07 3.42590e-11
1.73255e-07 2.60169e-11
1.72584e-07 1.72747e-11
1.73186e-07 3.59729e-11
1.72708e-07 3.71007e-11
1.72928e-07 4.72240e-11
1.72709e-07 5.17594e-11
1.71567e-07 3.34673e-11
1.71025e-07 2.48131e-11
1.70904e-07 3.16108e-11
1.70476e-07 3.47621e-11
1.69697e-07 1.68263e-11
1.70189e-07 3.99358e-11
1.68750e-07 1.28774e-11
1.68399e-07 1.46843e-11
1.68704e-07 2.71668e-11
1.68537e-07 3.03911e-11
1.68158e-07 2.75368e-11
1.68179e-07 3.20354e-11
1.67950e-07 4.14441e-11
1.67310e-07 3.37921e-11
1.66347e-07 2.24896e-11
1.66574e-07 3.02717e-11
1.66567e-07 3.77211e-11
1.65888e-07 3.35546e-11
1.65746e-07 4.17094e-11
1.65522e-07 3.73127e-11
1.65318e-07 4.00785e-11
1.64478e-07 3.00495e-11
1.63813e-07 2.65201e-11
1.63889e-07 3.16085e-11
1.63554e-07 3.18562e-11
1.63138e-07 3.39187e-11
1.63210e-07 3.48616e-11
1.62107e-07 2.69711e-11
1.61822e-07 2.01438e-11
1.61922e-07 3.02408e-11
1.61977e-07 4.34078e-11
1.61400e-07 3.55236e-11
1.60555e-07 2.30513e-11
1.60793e-07 3.84431e-11
1.59893e-07 2.18175e-11
1.60138e-07 3.39405e-11
1.59266e-07 2.44611e-11
1.58925e-07 2.21749e-11
1.59081e-07 3.42114e-11
1.58601e-07 3.46935e-11
1.58429e-07 3.55635e-11
1.57677e-07 2.68915e-11
1.57945e-07 4.39817e-11
1.56626e-07 1.78042e-11
1.56602e-07 2.01056e-11
1.56332e-07 2.63773e-11
1.55855e-07 2.73437e-11
1.55510e-07 2.02449e-11
1.55529e-07 3.21271e-11
1.54615e-07 1.78463e-11
1.54460e-07 2.22563e-11
1.54940e-07 4.07906e-11
1.54302e-07 3.30596e-11
1.53677e-07 2.87502e-11
1.53693e-07 3.98651e-11
1.52890e-07 1.87221e-11
1.52063e-07 1.08838e-11
1.51012e-07 -5.74938e-13
1.50933e-07 -2.93968e-12
1.51568e-07 2.22297e-11
1.51011e-07 1.78665e-11
1.51041e-07 2.77199e-11
1.50913e-07 3.13509e-11
1.50610e-07 3.20807e-11
1.50377e-07 3.61840e-11
1.49918e-07 2.95486e-11
1.48941e-07 1.85631e-11
1.48542e-07 1.76643e-11
1.48948e-07 3.12171e-11
1.48367e-07 2.81929e-11
1.48424e-07 3.57411e-11
1.47465e-07 2.05623e-11
1.47447e-07 2.84285e-11
1.47076e-07 2.47776e-11
1.46748e-07 2.39303e-11
1.46248e-07 2.65222e-11
1.46063e-07 2.49940e-11
1.45577e-07 2.18117e-11
1.45410e-07 2.58045e-11
1.45139e-07 3.02705e-11
1.44977e-07 3.54521e-11
1.44266e-07 2.65244e-11
1.44200e-07 3.29131e-11
1.43448e-07 1.88218e-11
1.43492e-07 3.18994e-11
1.42663e-07 1.75045e-11
1.42273e-07 1.87455e-11
1.42103e-07 2.20042e-11
1.41865e-07 2.01416e-11
1.42213e-07 4.11422e-11
1.41727e-07 3.85868e-11
1.41262e-07 3.59553e-11
1.40597e-07 2.55900e-11
1.40248e-07 2.34659e-11
1.40061e-07 2.84491e-11
1.40395e-07 4.76207e-11
1.39299e-07 2.54529e-11
1.38660e-07 1.98264e-11
1.38621e-07 2.26654e-11
1.38715e-07 3.51049e-11
1.38367e-07 3.65380e-11
1.37679e-07 2.56409e-11
1.37573e-07 3.36055e-11
1.37792e-07 4.42584e-11
1.37326e-07 4.11333e-11
1.36935e-07 3.94405e-11
1.37040e-07 4.60942e-11
1.36556e-07 4.79800e-11
1.34610e-07 1.27945e-11
1.34455e-07 1.11526e-11
1.34865e-07 3.63676e-11
1.34549e-07 3.24566e-11
1.34481e-07 3.80930e-11
1.34355e-07 4.27201e-11
1.33710e-07 3.46670e-11
1.33422e-07 3.39209e-11
1.32454e-07 1.60829e-11
1.31923e-07 1.10364e-11
1.31372e-07 1.31582e-11
1.30944e-07 1.29703e-11
1.30884e-07 1.71832e-11
1.31027e-07 2.61605e-11
1.31132e-07 3.92923e-11
1.30948e-07 4.03151e-11
1.30409e-07 3.65535e-11
1.30037e-07 3.53625e-11
1.30290e-07 5.01716e-11
1.29673e-07 4.54393e-11
1.29156e-07 3.59530e-11
1.29060e-07 3.92127e-11
1.28002e-07 2.93959e-11
1.27532e-07 1.79505e-11
1.27392e-07 2.73537e-11
1.26496e-07 1.92947e-11
1.26733e-07 2.86540e-11
1.26480e-07 3.26701e-11
1.25504e-07 1.34900e-11
1.25182e-07 9.92290e-12
1.25680e-07 3.28691e-11
1.26216e-07 5.75649e-11
1.25307e-07 4.56281e-11
1.24939e-07 4.53407e-11
1.24457e-07 3.99720e-11
1.23906e-07 3.14449e-11
1.23914e-07 4.01603e-11
1.23229e-07 3.51196e-11
1.22818e-07 2.97321e-11
1.21797e-07 1.62035e-11
1.21796e-07 2.01494e-11
1.22288e-07 3.81390e-11
1.21911e-07 3.91806e-11
1.21811e-07 4.76780e-11
1.21482e-07 4.82697e-11
1.20485e-07 3.43143e-11
1.19253e-07 5.92279e-12
1.18661e-07 2.06113e-12
1.19018e-07 2.03146e-11
1.19240e-07 3.41406e-11
1.18330e-07 1.29515e-11
1.18467e-07 2.94634e-11
1.18240e-07 3.33071e-11
1.18157e-07 3.95278e-11
1.17837e-07 3.53150e-11
1.17656e-07 4.32817e-11
1.17417e-07 4.52809e-11
1.16524e-07 2.99875e-11
1.15605e-07 1.86777e-11
1.15324e-07 1.61039e-11
1.15050e-07 2.13451e-11
1.15604e-07 4.03061e-11
1.14768e-07 2.98560e-11
1.14450e-07 3.43828e-11
1.15095e-07 5.38590e-11
1.14120e-07 2.82725e-11
1.13564e-07 2.98416e-11
1.13772e-07 4.42995e-11
1.12987e-07 2.93363e-11
1.12684e-07 3.37470e-11
1.12717e-07 4.60342e-11
1.11791e-07 3.08566e-11
1.10797e-07 1.25391e-11
1.10250e-07 9.43448e-12
1.10396e-07 2.23889e-11
1.10927e-07 3.94869e-11
1.10197e-07 3.13704e-11
1.10194e-07 4.07198e-11
1.09228e-07 2.53811e-11
1.09274e-07 3.08820e-11
1.08588e-07 2.86861e-11
1.08250e-07 2.62590e-11
1.08122e-07 2.97555e-11
1.08002e-07 3.69172e-11
1.07978e-07 4.09387e-11
1.07414e-07 3.82950e-11
1.06709e-07 2.90444e-11
1.06185e-07 2.19820e-11
1.05461e-07 1.47375e-11
1.05919e-07 3.24909e-11
1.05505e-07 3.59618e-11
1.05435e-07 4.04348e-11
1.04900e-07 3.30980e-11
1.03805e-07 1.62731e-11
1.03976e-07 2.35478e-11
1.04394e-07 4.19107e-11
1.04034e-07 4.23950e-11
1.02967e-07 2.70773e-11
1.02577e-07 2.54441e-11
1.01857e-07 1.66944e-11
1.02101e-07 2.69142e-11
1.01715e-07 2.47475e-11
1.01286e-07 2.50681e-11
1.00846e-07 2.41106e-11
1.00961e-07 3.10104e-11
1.00795e-07 3.62615e-11
1.00627e-07 3.78821e-11
9.95736e-08 2.43925e-11
1.00225e-07 4.83151e-11
9.99767e-08 5.28745e-11
9.85467e-08 2.22563e-11
9.87318e-08 3.52210e-11
9.77658e-08 2.24868e-11
9.78718e-08 2.78402e-11
9.71147e-08 2.04827e-11
9.70250e-08 2.90218e-11
9.62534e-08 1.41722e-11
9.67767e-08 3.63566e-11
9.66602e-08 4.58566e-11
9.60776e-08 3.84398e-11
9.53720e-08 2.66748e-11
9.54257e-08 3.67677e-11
9.46945e-08 2.71823e-11
9.50869e-08 4.65879e-11
9.41396e-08 3.13692e-11
9.32167e-08 1.33164e-11
9.30463e-08 2.02538e-11
9.40136e-08 5.17713e-11
9.34574e-08 4.84732e-11
9.25434e-08 3.30106e-11
9.18899e-08 2.57121e-11
9.14660e-08 2.33399e-11
9.21063e-08 4.35328e-11
9.13214e-08 3.60241e-11
9.12086e-08 4.34134e-11
9.05350e-08 3.40246e-11
9.03063e-08 3.18210e-11
8.99485e-08 2.99687e-11
8.91321e-08 1.73413e-11
8.87987e-08 1.88530e-11
8.86430e-08 2.45252e-11
8.83515e-08 2.21800e-11
8.84204e-08 3.49875e-11
8.79735e-08 3.37691e-11
8.70585e-08 1.83154e-11
8.66932e-08 1.66932e-11
8.60658e-08 1.40086e-11
8.68449e-08 3.67745e-11
8.63214e-08 3.51773e-11
8.51534e-08 1.36415e-11
8.48044e-08 1.40926e-11
8.46006e-08 1.79629e-11
8.44276e-08 2.30634e-11
8.35986e-08 3.70315e-12
8.45313e-08 4.14015e-11
8.43325e-08 4.51416e-11
8.38867e-08 3.60812e-11
8.26109e-08 1.70783e-11
8.21665e-08 1.78963e-11
8.23234e-08 2.40818e-11
8.16213e-08 1.89540e-11
8.16600e-08 2.86120e-11
8.09671e-08 1.89579e-11
8.11778e-08 2.77743e-11
8.06967e-08 2.56055e-11
8.02721e-08 2.53855e-11
7.99932e-08 2.86201e-11
8.04053e-08 4.55894e-11
8.03502e-08 4.99505e-11
8.01655e-08 5.13328e-11
7.85648e-08 2.75748e-11
7.78981e-08 1.53122e-11
7.81424e-08 2.96300e-11
7.76786e-08 2.47132e-11
7.72601e-08 2.64127e-11
7.68463e-08 2.86889e-11
7.65294e-08 2.21678e-11
7.57121e-08 1.28487e-11
7.62073e-08 2.99763e-11
7.56016e-08 2.56011e-11
7.60454e-08 4.49968e-11
7.53958e-08 3.29630e-11
7.46111e-08 2.37103e-11
7.45078e-08 2.77916e-11
7.39050e-08 2.40773e-11
7.40525e-08 3.72456e-11
7.42923e-08 5.08494e-11
7.33918e-08 3.62039e-11
7.28369e-08 3.35602e-11
7.20637e-08 1.62753e-11
7.16674e-08 2.01061e-11
7.14368e-08 1.89081e-11
7.14604e-08 2.69446e-11
7.13957e-08 3.84148e-11
7.12697e-08 4.43997e-11
6.98715e-08 1.86493e-11
6.98111e-08 1.58097e-11
6.95912e-08 2.10145e-11
6.93797e-08 2.73493e-11
6.87408e-08 2.05789e-11
6.87888e-08 2.83068e-11
6.81186e-08 2.28401e-11
6.84927e-08 3.85236e-11
6.80830e-08 3.89351e-11
6.69758e-08 1.72329e-11
6.65807e-08 1.35022e-11
6.63790e-08 2.24597e-11
6.62055e-08 2.64912e-11
6.62040e-08 2.96434e-11
6.53453e-08 1.41512e-11
6.48792e-08 1.74264e-11
6.51164e-08 2.92360e-11
6.43327e-08 1.89645e-11
6.37290e-08 1.22118e-11
6.41000e-08 3.08665e-11
6.36199e-08 2.65045e-11
6.32761e-08 2.37932e-11
6.31339e-08 3.01794e-11
6.28127e-08 2.86983e-11
6.25243e-08 3.21338e-11
6.15200e-08 1.17941e-11
6.16870e-08 2.51500e-11
6.14800e-08 3.00981e-11
6.07746e-08 2.05334e-11
6.00813e-08 1.57059e-11
6.05632e-08 2.74466e-11
6.00500e-08 2.94469e-11
5.90986e-08 1.09523e-11
5.77536e-08 -1.36723e-11
5.82251e-08 5.01712e-12
5.79665e-08 8.63472e-12
5.81315e-08 2.40619e-11
5.77672e-08 1.91349e-11
5.75555e-08 2.31508e-11
5.73028e-08 2.47154e-11
5.70575e-08 2.58020e-11
5.68227e-08 3.06333e-11
5.62966e-08 2.86043e-11
5.61659e-08 3.11572e-11
5.51240e-08 1.27691e-11
5.46732e-08 9.82118e-12
5.47989e-08 2.30717e-11
5.47717e-08 2.74853e-11
5.42457e-08 2.70430e-11
5.38017e-08 1.80395e-11
5.39678e-08 3.23096e-11
5.38689e-08 3.76304e-11
5.29731e-08 2.52193e-11
5.28400e-08 3.20862e-11
5.20917e-08 2.52395e-11
5.22738e-08 3.22960e-11
5.16891e-08 2.58576e-11
5.12045e-08 2.37501e-11
5.10246e-08 2.94336e-11
5.08223e-08 2.87425e-11
5.05421e-08 3.20144e-11
4.99130e-08 2.42893e-11
4.90814e-08 1.04371e-11
4.95515e-08 3.30913e-11
4.90500e-08 2.80596e-11
4.89656e-08 3.42347e-11
4.87443e-08 3.66806e-11
4.82523e-08 3.61051e-11
4.77472e-08 3.10280e-11
4.81287e-08 4.25133e-11
4.75161e-08 3.95680e-11
4.70647e-08 3.82474e-11
4.59650e-08 1.93648e-11
4.54332e-08 1.03834e-11
4.59990e-08 3.43441e-11
4.59562e-08 4.45755e-11
4.51693e-08 2.93282e-11
4.47561e-08 2.76677e-11
4.39600e-08 1.84724e-11
4.35462e-08 1.16565e-11
4.38115e-08 3.09495e-11
4.33288e-08 2.95829e-11
4.26876e-08 1.48241e-11
4.24166e-08 2.30601e-11
4.09656e-08 -1.10816e-11
4.20474e-08 2.87632e-11
4.21208e-08 4.10880e-11
4.20578e-08 4.62087e-11
4.10160e-08 2.58054e-11
4.03629e-08 1.47981e-11
4.06144e-08 3.27043e-11
4.02399e-08 3.10318e-11
3.94335e-08 1.91425e-11
3.90967e-08 2.34294e-11
3.89773e-08 2.76578e-11
3.91442e-08 4.14441e-11
3.85154e-08 3.42203e-11
3.84059e-08 3.51495e-11
3.77126e-08 2.65775e-11
3.71479e-08 2.04086e-11
3.69506e-08 2.81672e-11
3.66637e-08 2.60213e-11
3.63425e-08 2.58510e-11
3.55584e-08 1.70150e-11
3.55040e-08 2.19467e-11
3.52013e-08 2.35588e-11
3.54582e-08 3.60053e-11
3.46933e-08 2.88951e-11
3.39589e-08 1.65297e-11
3.39416e-08 2.90818e-11
3.39245e-08 3.15400e-11
3.32615e-08 2.06286e-11
3.25180e-08 1.09728e-11
3.22799e-08 2.04683e-11
3.29008e-08 3.76868e-11
3.13927e-08 8.32570e-12
3.12644e-08 2.00702e-11
3.16574e-08 3.37415e-11
3.10898e-08 2.61250e-11
3.03316e-08 1.65573e-11
3.04079e-08 2.50029e-11
2.97582e-08 2.24369e-11
2.95329e-08 2.25139e-11
2.86684e-08 1.45581e-11
2.85360e-08 1.72792e-11
2.90761e-08 3.37260e-11
2.85646e-08 3.16970e-11
2.87772e-08 4.76369e-11
2.78880e-08 2.94347e-11
2.78495e-08 3.67369e-11
2.74071e-08 3.97656e-11
2.67302e-08 2.86717e-11
2.59188e-08 1.97164e-11
2.63620e-08 3.48932e-11
2.55230e-08 2.11538e-11
2.53764e-08 2.47165e-11
2.42911e-08 8.23690e-12
2.42870e-08 1.41844e-11
2.39266e-08 1.80169e-11
2.40517e-08 2.68986e-11
2.29490e-08 1.02745e-11
2.31689e-08 2.61319e-11
2.29549e-08 2.84969e-11
2.22805e-08 1.58474e-11
2.20448e-08 1.35442e-11
2.18921e-08 2.66178e-11
2.13419e-08 1.84393e-11
2.15169e-08 3.01943e-11
2.05861e-08 1.66332e-11
2.01560e-08 9.90188e-12
2.01829e-08 2.18361e-11
1.95926e-08 1.52747e-11
1.97098e-08 2.35555e-11
1.88033e-08 1.61227e-11
1.86643e-08 2.12204e-11
1.92882e-08 4.48265e-11
1.88372e-08 3.76359e-11
1.81498e-08 3.11295e-11
1.81009e-08 3.58767e-11
1.73859e-08 2.72597e-11
1.70965e-08 2.89341e-11
1.64942e-08 2.32138e-11
1.54026e-08 3.86016e-12
1.56601e-08 2.11105e-11
1.56367e-08 2.38153e-11
1.54083e-08 2.70972e-11
1.51917e-08 2.85146e-11
1.44113e-08 2.55801e-11
1.41173e-08 1.80534e-11
1.32511e-08 8.90173e-12
1.28856e-08 5.98539e-12
1.35723e-08 2.94048e-11
1.29046e-08 1.82659e-11
1.24822e-08 2.09902e-11
1.20425e-08 1.92310e-11
1.18183e-08 1.61327e-11
1.10753e-08 1.16069e-11
1.13139e-08 2.86032e-11
1.09331e-08 2.68864e-11
9.44572e-09 -3.21873e-12
9.98195e-09 1.59790e-11
1.01918e-08 3.06978e-11
9.91794e-09 3.00262e-11
9.24574e-09 2.73139e-11
8.58424e-09 1.71804e-11
8.88959e-09 3.14184e-11
8.41854e-09 2.74189e-11
7.63728e-09 2.05434e-11
7.13680e-09 1.41302e-11
7.00842e-09 1.64147e-11
7.65707e-09 3.94282e-11
6.33120e-09 1.86062e-11
6.28243e-09 2.91162e-11
5.51317e-09 1.67187e-11
5.24430e-09 2.16437e-11
5.34018e-09 2.58422e-11
4.80799e-09 2.82793e-11
5.00827e-09 3.09595e-11
4.74066e-09 3.72544e-11
4.27779e-09 3.10374e-11
3.67379e-09 2.71513e-11
3.90395e-09 4.78971e-11
3.60165e-09 3.98743e-11
2.94362e-09 2.99831e-11
2.20804e-09 2.41216e-11
2.42243e-09 3.50974e-11
1.76259e-09 3.35955e-11
1.96100e-09 3.99469e-11
1.24110e-09 2.73093e-11
6.21991e-10 2.60721e-11
2.59061e-10 2.89692e-11
5.13412e-10 3.65291e-11
8.79085e-10 5.76972e-11
2.07550e-10 4.95811e-11
-6.94865e-10 3.81362e-11
-1.17315e-09 3.38211e-11
-1.54042e-09 2.85103e-11
-1.31593e-09 4.49798e-11
-1.15766e-09 5.86846e-11
-2.05769e-09 4.25376e-11
-2.50663e-09 3.73371e-11
-2.70844e-09 4.26780e-11
-2.99842e-09 4.32453e-11
-3.38915e-09 4.59765e-11
-3.16380e-09 5.52403e-11
-3.72245e-09 5.16091e-11
-3.44674e-09 6.68069e-11
-3.76928e-09 6.58299e-11
-4.25634e-09 6.13119e-11
-3.98282e-09 7.76384e-11
-4.41484e-09 7.56201e-11
-4.79192e-09 7.46437e-11
-5.00780e-09 7.85540e-11
-4.81271e-09 9.14608e-11
-4.85577e-09 9.51838e-11
-5.59033e-09 9.04398e-11
-6.20332e-09 8.29544e-11
-6.21915e-09 8.96562e-11
-6.48690e-09 9.48095e-11
-6.20434e-09 1.04810e-10
-6.54776e-09 1.03963e-10
-6.46124e-09 1.18867e-10
-6.86562e-09 1.16319e-10
-6.68222e-09 1.26131e-10
-6.97128e-09 1.33011e-10
-6.89175e-09 1.38829e-10
-7.16045e-09 1.42128e-10
-6.83408e-09 1.56720e-10
-6.98887e-09 1.64108e-10
-7.16700e-09 1.66892e-10
-7.41354e-09 1.71349e-10
-7.11649e-09 1.89280e-10
-7.26640e-09 1.95244e-10
-7.48742e-09 1.95408e-10
-7.60933e-09 2.00276e-10
-7.60186e-09 2.08694e-10
-7.40948e-09 2.19512e-10
-7.54046e-09 2.27103e-10
-7.58913e-09 2.32078e-10
-7.86509e-09 2.36984e-10
-7.85562e-09 2.42544e-10
-7.75383e-09 2.56821e-10
-8.10503e-09 2.61359e-10
-7.95485e-09 2.71206e-10
-8.40774e-09 2.68121e-10
-8.21383e-09 2.77489e-10
-8.40577e-09 2.84140e-10
-8.14176e-09 2.97875e-10
-8.10988e-09 3.08002e-10
-8.27780e-09 3.13912e-10
-8.17785e-09 3.18732e-10
-8.27686e-09 3.30070e-10
 
-9.00843e-09 3.33287e-10
-8.84430e-09 3.33966e-10
-9.40391e-09 3.34570e-10
-9.23299e-09 3.35096e-10
-8.63165e-09 3.35546e-10
-8.76997e-09 3.35919e-10
-8.88125e-09 3.36216e-10
-8.98093e-09 3.36437e-10
-8.97763e-09 3.36581e-10
-9.14282e-09 3.36648e-10
-9.07848e-09 3.36924e-10
-9.14133e-09 3.37027e-10
-9.30507e-09 3.36721e-10
-9.06687e-09 3.36308e-10
-8.79830e-09 3.35681e-10
-8.90677e-09 3.34795e-10
-9.19587e-09 3.34024e-10
-9.16819e-09 3.33858e-10
-9.08867e-09 3.33305e-10
-9.32343e-09 3.32833e-10
-9.42001e-09 3.31538e-10
-9.24368e-09 3.30350e-10
-9.11751e-09 3.29569e-10
-9.21635e-09 3.28791e-10
-8.84614e-09 3.28334e-10
-8.71850e-09 3.27169e-10
-8.98419e-09 3.25288e-10
-9.05084e-09 3.23475e-10
-9.13707e-09 3.22083e-10
-9.19046e-09 3.19966e-10
-9.09737e-09 3.18086e-10
-9.02557e-09 3.16524e-10
-9.26793e-09 3.15069e-10
-9.06359e-09 3.13384e-10
-9.02636e-09 3.11622e-10
-9.13032e-09 3.10548e-10
-9.28312e-09 3.09116e-10
-9.31238e-09 3.06894e-10
-9.27497e-09 3.05478e-10
-9.15074e-09 3.04095e-10
-9.12936e-09 3.03321e-10
-9.03010e-09 3.02656e-10
-9.05388e-09 3.01150e-10
-9.05229e-09 2.99654e-10
-9.00732e-09 2.98222e-10
-8.82151e-09 2.96821e-10
-9.03214e-09 2.94730e-10
-9.12504e-09 2.92415e-10
-9.09233e-09 2.90185e-10
-9.07409e-09 2.87863e-10
-9.11783e-09 2.85104e-10
-9.21460e-09 2.81797e-10
-9.22260e-09 2.78658e-10
-9.39261e-09 2.76242e-10
-9.03686e-09 2.73547e-10
-9.06966e-09 2.70542e-10
-9.21676e-09 2.68812e-10
-8.95041e-09 2.66720e-10
-9.36091e-09 2.65397e-10
-9.29418e-09 2.65113e-10
-8.90239e-09 2.64885e-10
-8.94241e-09 2.64767e-10
-8.71317e-09 2.64815e-10
-8.88272e-09 2.63855e-10
-8.74785e-09 2.61903e-10
-8.76373e-09 2.60472e-10
-8.63050e-09 2.59627e-10
-8.76899e-09 2.57943e-10
-8.81474e-09 2.56668e-10
-9.01218e-09 2.54378e-10
-8.43287e-09 2.52735e-10
-8.59968e-09 2.50543e-10
-8.67656e-09 2.46858e-10
-8.76232e-09 2.42486e-10
-8.92215e-09 2.38468e-10
-9.25683e-09 2.34679e-10
-9.37923e-09 2.31450e-10
-9.24758e-09 2.29578e-10
-9.05898e-09 2.26748e-10
-9.66298e-09 2.23507e-10
-9.39904e-09 2.20860e-10
-9.45803e-09 2.17778e-10
-8.75868e-09 2.15242e-10
-9.02449e-09 2.13734e-10
-8.80398e-09 2.12888e-10
-8.85874e-09 2.11405e-10
-9.34330e-09 2.10260e-10
-9.05025e-09 2.08423e-10
-9.03292e-09 2.07262e-10
-9.12634e-09 2.04875e-10
-8.80507e-09 2.02194e-10
-8.73245e-09 1.99738e-10
-8.76215e-09 1.97353e-10
-8.98186e-09 1.95263e-10
-8.97977e-09 1.93217e-10
-9.01577e-09 1.91595e-10
-9.07828e-09 1.89490e-10
-8.93143e-09 1.87846e-10
-9.01738e-09 1.86520e-10
-8.65879e-09 1.85119e-10
-8.83927e-09 1.83947e-10
-8.83551e-09 1.82577e-10
-8.72811e-09 1.81934e-10
-8.49566e-09 1.80469e-10
-8.77588e-09 1.78531e-10
-9.14041e-09 1.76588e-10
-8.83199e-09 1.74713e-10
-9.01135e-09 1.72455e-10
-8.57239e-09 1.70605e-10
-8.59914e-09 1.69011e-10
-8.56161e-09 1.67422e-10
-8.70912e-09 1.66174e-10
-8.53835e-09 1.64654e-10
-8.84993e-09 1.63162e-10
-8.41356e-09 1.61527e-10
-8.67514e-09 1.59928e-10
-8.40061e-09 1.58047e-10
-8.40642e-09 1.56196e-10
-8.60631e-09 1.54183e-10
-8.45793e-09 1.51476e-10
-8.14459e-09 1.49846e-10
-8.77302e-09 1.47371e-10
-8.54395e-09 1.44868e-10
-8.72759e-09 1.42054e-10
-8.77635e-09 1.39752e-10
-8.14642e-09 1.38417e-10
-8.10434e-09 1.37356e-10
-8.33238e-09 1.36423e-10
-8.31314e-09 1.35101e-10
-8.22115e-09 1.33638e-10
-8.54399e-09 1.32078e-10
-8.26622e-09 1.30645e-10
-8.28753e-09 1.29696e-10
-8.57657e-09 1.28093e-10
-7.98498e-09 1.26438e-10
-8.44410e-09 1.25304e-10
-8.06558e-09 1.24886e-10
-7.97603e-09 1.23759e-10
-8.15625e-09 1.23802e-10
-7.99114e-09 1.23111e-10
-7.80085e-09 1.21485e-10
-8.14478e-09 1.19710e-10
-7.92738e-09 1.18972e-10
-8.13058e-09 1.17941e-10
-8.10215e-09 1.15577e-10
-7.85424e-09 1.13537e-10
-7.70654e-09 1.11388e-10
-7.79669e-09 1.09508e-10
-7.91252e-09 1.08408e-10
-7.87410e-09 1.06501e-10
-7.66869e-09 1.04726e-10
-7.70981e-09 1.02762e-10
-7.58083e-09 1.01185e-10
-7.36573e-09 9.98475e-11
-7.88287e-09 9.87773e-11
-7.78970e-09 9.73565e-11
-7.72719e-09 9.57542e-11
-7.91607e-09 9.32509e-11
-7.58890e-09 9.06398e-11
-7.78878e-09 8.79583e-11
-7.48894e-09 8.55103e-11
-7.75267e-09 8.30117e-11
-7.62525e-09 8.03858e-11
-7.85599e-09 7.92430e-11
-7.49613e-09 7.90123e-11
-7.61259e-09 7.93162e-11
-7.61907e-09 7.99234e-11
-7.42161e-09 7.91634e-11
-7.32080e-09 7.89718e-11
-7.01498e-09 7.94001e-11
-7.09142e-09 7.88360e-11
-7.21339e-09 7.88100e-11
-7.00697e-09 7.87035e-11
-6.97680e-09 7.81091e-11
-7.26111e-09 7.63936e-11
-6.88583e-09 7.31114e-11
-7.05935e-09 6.97489e-11
-7.41179e-09 6.56067e-11
-6.93320e-09 6.25378e-11
-6.53329e-09 6.04541e-11
-7.24711e-09 5.80638e-11
-7.12563e-09 5.68804e-11
-6.99310e-09 5.63810e-11
-7.23742e-09 5.52515e-11
-6.83957e-09 5.38657e-11
-6.93551e-09 5.27749e-11
-6.48807e-09 5.14951e-11
-6.60054e-09 5.13857e-11
-6.69130e-09 5.08625e-11
-6.65259e-09 5.15797e-11
-6.37552e-09 5.14774e-11
-6.64492e-09 5.03579e-11
-6.73206e-09 4.93884e-11
-6.34698e-09 4.79547e-11
-6.12432e-09 4.75044e-11
-6.11666e-09 4.67871e-11
-6.09000e-09 4.71933e-11
-6.08518e-09 4.68834e-11
-6.06972e-09 4.59683e-11
-5.59341e-09 4.51518e-11
-5.70839e-09 4.32999e-11
-5.92247e-09 4.10499e-11
-5.80657e-09 3.74930e-11
-5.87115e-09 3.47826e-11
-6.34003e-09 3.16724e-11
-6.26385e-09 2.98013e-11
-6.00399e-09 2.85157e-11
-6.19403e-09 2.78362e-11
-5.94578e-09 2.69905e-11
-5.77184e-09 2.60809e-11
-5.94127e-09 2.59218e-11
-5.84815e-09 2.61654e-11
-5.46548e-09 2.71217e-11
-5.32236e-09 2.78693e-11
-5.43290e-09 2.80913e-11
-5.39843e-09 2.70800e-11
-5.23252e-09 2.67731e-11
-5.33740e-09 2.61671e-11
-5.17961e-09 2.43015e-11
-5.27584e-09 2.28628e-11
-5.29975e-09 2.07909e-11
-5.10418e-09 2.08036e-11
-4.70646e-09 2.08222e-11
-4.69627e-09 2.15076e-11
-4.77351e-09 2.04064e-11
-4.82055e-09 1.90634e-11
-4.52325e-09 1.73946e-11
-4.76025e-09 1.55154e-11
-4.98455e-09 1.42103e-11
-4.73812e-09 1.34466e-11
-4.80229e-09 1.30815e-11
-4.49936e-09 1.22151e-11
-4.28563e-09 1.05488e-11
-4.33783e-09 8.28675e-12
-4.49531e-09 7.15682e-12
-4.68141e-09 6.12140e-12
-4.59337e-09 4.60339e-12
-4.53737e-09 4.81630e-12
-4.43860e-09 6.17949e-12
-4.24336e-09 7.40384e-12
-4.07172e-09 8.53527e-12
-3.78961e-09 9.53699e-12
-3.92733e-09 1.01722e-11
-3.76944e-09 1.18759e-11
-3.33997e-09 1.42392e-11
-2.91327e-09 1.70824e-11
-3.22003e-09 1.92816e-11
-2.95158e-09 2.09046e-11
-2.62601e-09 2.25112e-11
-2.62476e-09 2.41745e-11
-2.46444e-09 2.49670e-11
-2.73427e-09 2.41062e-11
-2.66977e-09 2.38579e-11
-2.23582e-09 2.25704e-11
-2.37077e-09 2.15876e-11
-2.59278e-09 2.17259e-11
-2.34615e-09 2.09087e-11
-2.04672e-09 1.81334e-11
-1.90352e-09 1.74752e-11
-2.05701e-09 1.71404e-11
-1.97954e-09 1.73088e-11
-1.92771e-09 1.78953e-11
-1.90040e-09 1.90222e-11
-1.61723e-09 1.87369e-11
-1.87847e-09 1.76989e-11
-1.47433e-09 1.71090e-11
-1.50876e-09 1.64319e-11
-1.47210e-09 1.65447e-11
-1.40830e-09 1.59498e-11
-1.31377e-09 1.46693e-11
-1.03804e-09 1.38638e-11
-1.39076e-09 1.40322e-11
-9.62560e-10 1.45206e-11
-8.60133e-10 1.39836e-11
-8.87752e-10 1.31303e-11
-9.99176e-10 1.30126e-11
-6.33857e-10 1.46007e-11
-4.91569e-10 1.48458e-11
-5.11077e-10 1.49878e-11
-6.04325e-10 1.61957e-11
-1.91330e-10 1.73008e-11
1.21425e-10 1.71454e-11
-1.86382e-10 1.58210e-11
-2.34620e-10 1.47876e-11
-4.77645e-11 1.27096e-11
-2.10449e-10 9.82625e-12
1.77570e-10 6.52057e-12
1.94342e-11 2.90976e-12
-1.92015e-11 -4.45487e-13
-2.69194e-10 -2.63654e-12
-5.17146e-10 -5.49064e-12
-5.03196e-10 -7.98186e-12
-4.20232e-10 -9.32601e-12
-1.56688e-10 -9.28450e-12
3.35184e-10 -8.31487e-12
-1.95565e-10 -6.31004e-12
-1.84432e-10 -2.06872e-12
1.78019e-10 2.41381e-12
5.40322e-10 6.52877e-12
8.39691e-10 8.99650e-12
1.01807e-09 9.51575e-12
9.79886e-10 9.85644e-12
1.29406e-09 8.96319e-12
1.23765e-09 7.85992e-12
1.29909e-09 7.35665e-12
1.18173e-09 6.06508e-12
1.17030e-09 3.47036e-12
1.52314e-09 9.93454e-13
1.46829e-09 -1.47768e-12
1.49448e-09 -2.32725e-12
1.58748e-09 -1.11261e-12
1.51818e-09 1.65170e-12
1.91848e-09 4.98694e-12
2.08567e-09 7.84603e-12
2.53624e-09 1.07067e-11
2.47837e-09 1.33669e-11
2.86073e-09 1.62630e-11
2.79971e-09 1.75749e-11
2.79375e-09 1.71160e-11
2.99344e-09 1.65427e-11
3.20142e-09 1.61244e-11
3.07256e-09 1.50993e-11
2.97336e-09 1.25398e-11
3.18359e-09 9.08191e-12
3.12342e-09 5.04221e-12
3.02923e-09 2.61191e-12
2.87876e-09 1.56904e-12
3.19061e-09 2.17632e-12
3.08733e-09 1.67039e-12
3.35492e-09 -3.77852e-13
3.22199e-09 -4.26514e-12
3.07353e-09 -7.54422e-12
3.07742e-09 -9.87269e-12
3.01984e-09 -1.04548e-11
3.02882e-09 -1.11383e-11
3.22513e-09 -1.22213e-11
3.22902e-09 -1.21797e-11
3.02965e-09 -1.15978e-11
3.53566e-09 -1.02986e-11
3.59384e-09 -8.97364e-12
3.59908e-09 -7.30123e-12
4.28335e-09 -4.31259e-12
4.26253e-09 -1.69365e-12
4.16274e-09 1.38719e-12
4.37453e-09 4.62234e-12
4.74263e-09 6.72795e-12
4.89265e-09 7.10227e-12
5.26601e-09 6.10513e-12
5.14331e-09 4.65230e-12
4.74227e-09 4.68868e-12
4.75301e-09 4.40275e-12
5.10542e-09 4.64851e-12
5.18434e-09 5.64051e-12
5.23205e-09 6.70724e-12
5.64254e-09 7.63039e-12
5.41143e-09 6.47802e-12
5.77547e-09 5.08806e-12
5.52199e-09 2.63117e-12
5.53084e-09 6.70436e-14
5.45708e-09 -1.78916e-12
5.54043e-09 -4.49619e-12
5.43033e-09 -5.23686e-12
5.53447e-09 -5.02558e-12
6.12257e-09 -5.44502e-12
5.72540e-09 -5.57854e-12
5.88747e-09 -3.14507e-12
6.12580e-09 8.25520e-14
6.58818e-09 2.52042e-12
6.56179e-09 5.26579e-12
6.69406e-09 8.46729e-12
7.03332e-09 1.23396e-11
7.27568e-09 1.44158e-11
7.58787e-09 1.52786e-11
7.58665e-09 1.37805e-11
7.64585e-09 1.24214e-11
7.36592e-09 1.04553e-11
7.22083e-09 8.87057e-12
7.48234e-09 8.76579e-12
7.76633e-09 9.41699e-12
7.68601e-09 1.06299e-11
7.68265e-09 1.15289e-11
7.83472e-09 1.26483e-11
8.01010e-09 1.45920e-11
7.92755e-09 1.65804e-11
8.35502e-09 1.69327e-11
8.31030e-09 1.62716e-11
8.31251e-09 1.58945e-11
8.75132e-09 1.59291e-11
8.77334e-09 1.62275e-11
8.76237e-09 1.63081e-11
8.88411e-09 1.57298e-11
9.07247e-09 1.40425e-11
8.79061e-09 1.29302e-11
9.16788e-09 1.23157e-11
8.85452e-09 1.16928e-11
8.97148e-09 1.12256e-11
9.08289e-09 1.07562e-11
9.02277e-09 9.33422e-12
9.04627e-09 9.18966e-12
9.67868e-09 1.00777e-11
9.81849e-09 1.12444e-11
9.35152e-09 1.14101e-11
9.70271e-09 1.20235e-11
9.96769e-09 1.27238e-11
1.01137e-08 1.28770e-11
1.00793e-08 1.35844e-11
9.94952e-09 1.37218e-11
1.00522e-08 1.38365e-11
1.02572e-08 1.33651e-11
1.02642e-08 1.25723e-11
1.04050e-08 1.19702e-11
1.02060e-08 1.13402e-11
1.03000e-08 9.16685e-12
1.06252e-08 6.17600e-12
1.04559e-08 3.70871e-12
1.02899e-08 2.14646e-12
1.04593e-08 1.82490e-12
1.02809e-08 9.98817e-13
1.04891e-08 -3.15517e-13
1.04231e-08 -1.72520e-12
1.06823e-08 -2.58179e-12
1.06691e-08 -2.72320e-12
1.07473e-08 -3.20444e-12
1.06237e-08 -3.40281e-12
1.05428e-08 -4.23520e-12
1.08612e-08 -3.58760e-12
1.12544e-08 -3.02677e-12
1.14053e-08 -2.34825e-12
1.12855e-08 -8.52022e-13
1.15579e-08 -3.59622e-13
1.13885e-08 8.12544e-14
1.14803e-08 5.59193e-13
1.17830e-08 1.11920e-12
1.22294e-08 2.53406e-12
1.22648e-08 3.03825e-12
1.22610e-08 2.09443e-12
1.22440e-08 5.99642e-13
1.23762e-08 1.73299e-13
1.21658e-08 -5.04005e-13
1.23098e-08 -1.04752e-12
1.21404e-08 -1.94336e-12
1.23038e-08 -3.36009e-12
1.25270e-08 -4.23143e-12
1.24247e-08 -4.03191e-12
1.25438e-08 -3.51636e-12
1.24803e-08 -3.47653e-12
1.26299e-08 -3.12488e-12
1.31587e-08 -2.71673e-12
1.29571e-08 -2.33185e-12
1.28987e-08 -1.71669e-12
1.26732e-08 -4.57476e-13
1.30329e-08 1.57052e-12
1.36462e-08 3.20972e-12
1.34276e-08 3.31871e-12
1.38704e-08 2.46960e-12
1.38057e-08 1.79998e-12
1.37819e-08 8.09280e-13
1.37894e-08 -1.10996e-13
1.37420e-08 3.67052e-13
1.37377e-08 1.89903e-12
1.36865e-08 4.14449e-12
1.41225e-08 5.58520e-12
1.45706e-08 6.79713e-12
1.46888e-08 7.26544e-12
1.46493e-08 8.13704e-12
1.50582e-08 9.05389e-12
1.51896e-08 9.79212e-12
1.52371e-08 1.13349e-11
1.52747e-08 1.28331e-11
1.52681e-08 1.30725e-11
1.51793e-08 1.33050e-11
1.56344e-08 1.15770e-11
1.55960e-08 1.00942e-11
1.56291e-08 9.41056e-12
1.51967e-08 8.57979e-12
1.56012e-08 7.71709e-12
1.56915e-08 6.63133e-12
1.55478e-08 4.39138e-12
1.55585e-08 2.01605e-12
1.55583e-08 -2.08399e-13
1.56337e-08 -1.06549e-12
1.60148e-08 -7.82853e-13
1.60515e-08 -8.56964e-13
1.58472e-08 -1.57487e-13
1.60982e-08 2.53856e-13
1.58056e-08 5.19102e-13
1.61655e-08 1.56761e-12
1.65054e-08 3.99057e-12
1.68117e-08 8.56053e-12
1.68298e-08 1.13163e-11
1.67750e-08 1.45709e-11
1.76988e-08 1.70763e-11
1.77467e-08 1.73253e-11
1.75981e-08 1.62844e-11
1.73691e-08 1.47988e-11
1.75644e-08 1.44400e-11
1.77340e-08 1.56725e-11
1.79025e-08 1.55379e-11
1.79555e-08 1.52506e-11
1.79763e-08 1.47432e-11
1.81437e-08 1.31261e-11
1.79963e-08 1.10831e-11
1.76900e-08 8.05984e-12
1.81749e-08 6.35118e-12
1.78826e-08 5.56670e-12
1.77170e-08 5.68384e-12
1.80447e-08 5.18567e-12
1.80092e-08 2.75643e-12
1.82757e-08 1.05628e-12
1.82808e-08 -6.89619e-13
1.82470e-08 -1.70219e-12
1.82617e-08 -2.22810e-12
1.83986e-08 -1.46383e-12
1.83094e-08 -3.75849e-13
1.87014e-08 8.79709e-13
1.86671e-08 4.99555e-13
1.86335e-08 1.29938e-12
1.86065e-08 2.34022e-12
1.90719e-08 2.38002e-12
1.92059e-08 1.21427e-12
1.88857e-08 -7.71406e-13
1.88868e-08 -1.90390e-12
1.89825e-08 -2.95336e-12
1.91087e-08 -3.25315e-12
1.91161e-08 -4.27059e-12
1.91374e-08 -4.74203e-12
1.92822e-08 -4.35078e-12
1.88835e-08 -3.88849e-12
1.94270e-08 -4.11156e-12
1.94177e-08 -4.83176e-12
1.97937e-08 -5.25548e-12
1.98038e-08 -6.66104e-12
1.98620e-08 -6.20364e-12
1.99256e-08 -5.60675e-12
2.01190e-08 -5.00508e-12
2.03548e-08 -4.85894e-12
2.03017e-08 -5.53583e-12
2.03486e-08 -6.54395e-12
2.00892e-08 -6.90160e-12
2.05088e-08 -6.07172e-12
2.04979e-08 -5.20283e-12
2.05011e-08 -3.93567e-12
2.11070e-08 -3.23866e-12
2.10158e-08 -2.30617e-12
2.12096e-08 -2.39750e-12
2.09435e-08 -3.41912e-12
2.10462e-08 -4.79562e-12
2.10254e-08 -5.68447e-12
2.11311e-08 -7.35526e-12
2.10711e-08 -9.80860e-12
2.11144e-08 -1.07785e-11
2.11344e-08 -1.21512e-11
2.10755e-08 -1.28262e-11
2.14574e-08 -1.16907e-11
2.12321e-08 -1.11222e-11
2.15348e-08 -1.02584e-11
2.18972e-08 -8.72203e-12
2.17544e-08 -7.48877e-12
2.19692e-08 -6.79332e-12
2.21523e-08 -6.45576e-12
2.20032e-08 -6.79603e-12
2.18702e-08 -7.74020e-12
2.21142e-08 -8.76485e-12
2.25575e-08 -1.04798e-11
2.22209e-08 -1.22910e-11
2.22999e-08 -1.42291e-11
2.19779e-08 -1.72216e-11
2.20943e-08 -2.00855e-11
2.21680e-08 -2.22328e-11
2.23650e-08 -2.28171e-11
2.23394e-08 -2.11542e-11
2.23315e-08 -1.72515e-11
2.27472e-08 -1.41505e-11
2.30000e-08 -1.20645e-11
2.32230e-08 -9.86550e-12
2.32960e-08 -8.27425e-12
2.38646e-08 -6.83932e-12
2.33845e-08 -5.27571e-12
2.34950e-08 -4.06661e-12
2.38151e-08 -2.88391e-12
2.39428e-08 -1.61956e-12
2.40817e-08 -1.67349e-12
2.42176e-08 -1.56771e-12
2.41218e-08 -2.64479e-12
2.41933e-08 -4.51955e-12
2.45087e-08 -6.47015e-12
2.45547e-08 -7.65329e-12
2.45130e-08 -8.02544e-12
2.44591e-08 -7.61100e-12
2.48915e-08 -7.47063e-12
2.47002e-08 -8.79344e-12
2.43400e-08 -9.91938e-12
2.47189e-08 -9.76498e-12
2.47724e-08 -9.82731e-12
2.50547e-08 -9.46801e-12
2.50756e-08 -9.06797e-12
2.53956e-08 -8.19307e-12
2.53180e-08 -7.14440e-12
2.54791e-08 -6.61214e-12
2.53459e-08 -6.99867e-12
2.56301e-08 -6.82344e-12
2.56963e-08 -6.65210e-12
2.56648e-08 -7.33673e-12
2.58211e-08 -9.70911e-12
2.56836e-08 -1.13109e-11
2.56365e-08 -1.18210e-11
2.59265e-08 -1.11087e-11
2.61612e-08 -1.05555e-11
2.61770e-08 -1.00538e-11
2.61014e-08 -9.38841e-12
2.59367e-08 -9.44919e-12
2.61623e-08 -9.57621e-12
2.62783e-08 -9.49345e-12
2.63801e-08 -8.81500e-12
2.64091e-08 -7.94981e-12
2.65543e-08 -6.69085e-12
2.66667e-08 -5.25614e-12
2.69319e-08 -4.09229e-12
2.68980e-08 -1.79990e-12
2.70860e-08 4.62651e-14
2.72092e-08 -5.99746e-14
2.74025e-08 -1.12726e-12
2.76027e-08 -1.26360e-12
2.74301e-08 -1.36484e-12
2.76068e-08 -2.48573e-12
2.76770e-08 -5.06145e-12
2.72965e-08 -7.99141e-12
2.71526e-08 -1.02265e-11
2.75818e-08 -1.12834e-11
2.77180e-08 -1.31207e-11
2.75361e-08 -1.55377e-11
2.79266e-08 -1.69725e-11
2.75822e-08 -1.76909e-11
2.78655e-08 -1.68000e-11
2.80162e-08 -1.58462e-11
2.76797e-08 -1.46728e-11
2.81192e-08 -1.27640e-11
2.81860e-08 -1.12530e-11
2.83289e-08 -1.01701e-11
2.85592e-08 -1.00599e-11
2.88570e-08 -9.97910e-12
2.88856e-08 -9.61599e-12
2.88840e-08 -9.97494e-12
2.91333e-08 -1.01004e-11
2.90393e-08 -1.13181e-11
2.92488e-08 -1.24257e-11
2.89431e-08 -1.49386e-11
2.90879e-08 -1.90517e-11
2.90847e-08 -2.25150e-11
2.91398e-08 -2.52810e-11
2.91242e-08 -2.83115e-11
2.85532e-08 -3.11359e-11
2.86327e-08 -3.29197e-11
2.88577e-08 -3.52584e-11
2.85565e-08 -3.72573e-11
2.89255e-08 -3.67347e-11
2.90868e-08 -3.50854e-11
2.93960e-08 -3.31715e-11
2.95450e-08 -2.98919e-11
2.96561e-08 -2.73300e-11
2.98609e-08 -2.45906e-11
3.02260e-08 -2.15182e-11
3.01191e-08 -2.11927e-11
2.98952e-08 -2.09263e-11
3.01082e-08 -2.16955e-11
3.02942e-08 -2.19073e-11
3.00017e-08 -2.31296e-11
3.06745e-08 -2.45189e-11
3.03075e-08 -2.53898e-11
3.02679e-08 -2.57419e-11
3.05897e-08 -2.60167e-11
3.04436e-08 -2.61956e-11
3.06048e-08 -2.45126e-11
3.06973e-08 -2.17026e-11
3.11286e-08 -2.02070e-11
3.15944e-08 -1.89938e-11
3.12726e-08 -1.83682e-11
3.17690e-08 -1.94639e-11
3.17649e-08 -1.94769e-11
3.16645e-08 -2.11635e-11
3.14022e-08 -2.36262e-11
3.13877e-08 -2.62757e-11
3.14346e-08 -2.91131e-11
3.13936e-08 -3.12750e-11
3.13520e-08 -3.27812e-11
3.17506e-08 -3.19788e-11
3.17286e-08 -3.02112e-11
3.20017e-08 -2.82215e-11
3.22453e-08 -2.52796e-11
3.23891e-08 -2.15921e-11
3.23714e-08 -1.82610e-11
3.25816e-08 -1.66034e-11
3.25846e-08 -1.66903e-11
3.28917e-08 -1.72483e-11
3.26379e-08 -1.94809e-11
3.25250e-08 -2.38243e-11
3.26491e-08 -2.73464e-11
3.31155e-08 -3.04484e-11
3.26655e-08 -3.22262e-11
3.29590e-08 -3.45567e-11
3.26687e-08 -3.61913e-11
3.28887e-08 -3.56061e-11
3.29088e-08 -3.38911e-11
3.31467e-08 -3.18726e-11
3.29093e-08 -2.97602e-11
3.35532e-08 -2.75909e-11
3.38444e-08 -2.56616e-11
3.39621e-08 -2.49010e-11
3.37252e-08 -2.35742e-11
3.39022e-08 -2.31836e-11
3.41669e-08 -2.35120e-11
3.39597e-08 -2.47040e-11
3.37817e-08 -2.72803e-11
3.39355e-08 -3.00469e-11
3.39869e-08 -3.15348e-11
3.42301e-08 -3.16094e-11
3.42615e-08 -3.19728e-11
3.40306e-08 -3.20871e-11
3.46335e-08 -3.18652e-11
3.42640e-08 -3.21878e-11
3.46905e-08 -3.31184e-11
3.46749e-08 -3.46336e-11
3.42524e-08 -3.60311e-11
3.44731e-08 -3.74012e-11
3.48406e-08 -3.77498e-11
3.45362e-08 -3.70633e-11
3.48253e-08 -3.43091e-11
3.49237e-08 -3.17707e-11
3.51378e-08 -3.13747e-11
3.50041e-08 -3.09517e-11
3.51063e-08 -3.00627e-11
3.52649e-08 -2.93028e-11
3.54805e-08 -2.94062e-11
3.56706e-08 -3.08493e-11
3.55011e-08 -3.29823e-11
3.56720e-08 -3.53430e-11
3.60704e-08 -3.83800e-11
3.57289e-08 -4.15490e-11
3.55720e-08 -4.34948e-11
3.54854e-08 -4.43340e-11
3.55307e-08 -4.35417e-11
3.57187e-08 -4.20234e-11
3.60936e-08 -3.97420e-11
3.61269e-08 -3.67228e-11
3.64436e-08 -3.34906e-11
3.66110e-08 -3.10623e-11
3.67944e-08 -2.96263e-11
3.71609e-08 -2.72574e-11
3.71732e-08 -2.62461e-11
3.71522e-08 -2.61312e-11
3.69855e-08 -2.82983e-11
3.70826e-08 -3.06041e-11
3.70394e-08 -3.20822e-11
3.71988e-08 -3.38109e-11
3.69146e-08 -3.50073e-11
3.72152e-08 -3.61110e-11
3.74765e-08 -3.62801e-11
3.73294e-08 -3.56059e-11
3.77196e-08 -3.58499e-11
3.73739e-08 -3.68261e-11
3.77953e-08 -3.74636e-11
3.76505e-08 -3.77027e-11
3.74606e-08 -3.76632e-11
3.79781e-08 -3.61618e-11
3.81531e-08 -3.42868e-11
3.82411e-08 -3.23101e-11
3.84312e-08 -3.11720e-11
3.82741e-08 -3.07431e-11
3.83601e-08 -3.23018e-11
3.85474e-08 -3.17273e-11
3.89208e-08 -3.08354e-11
3.84600e-08 -3.01455e-11
3.85179e-08 -3.09528e-11
3.90848e-08 -3.22006e-11
3.91969e-08 -3.25463e-11
3.90327e-08 -3.36388e-11
3.90922e-08 -3.49080e-11
3.92712e-08 -3.62030e-11
3.91439e-08 -3.68456e-11
3.93442e-08 -3.64788e-11
3.91734e-08 -3.53114e-11
3.94545e-08 -3.35726e-11
3.96965e-08 -3.21280e-11
4.00207e-08 -2.94180e-11
4.02251e-08 -2.70074e-11
4.03593e-08 -2.62918e-11
4.02567e-08 -2.65438e-11
4.03061e-08 -2.47777e-11
4.04035e-08 -2.31684e-11
4.06650e-08 -2.39529e-11
4.06656e-08 -2.69418e-11
4.07311e-08 -3.06375e-11
4.01485e-08 -3.42862e-11
4.01526e-08 -3.67623e-11
4.03657e-08 -3.85033e-11
4.00051e-08 -4.18229e-11
4.01668e-08 -4.38575e-11
4.05484e-08 -4.51238e-11
4.04761e-08 -4.66134e-11
4.05644e-08 -4.74113e-11
4.05315e-08 -4.71916e-11
4.05696e-08 -4.74756e-11
4.03984e-08 -4.82674e-11
4.09225e-08 -4.96349e-11
4.08811e-08 -4.93398e-11
4.10123e-08 -4.91713e-11
4.07247e-08 -5.01262e-11
4.07862e-08 -5.24233e-11
4.08988e-08 -5.50218e-11
4.09790e-08 -5.75168e-11
4.09695e-08 -5.87824e-11
4.12010e-08 -5.74086e-11
4.12589e-08 -5.73105e-11
4.13419e-08 -5.83136e-11
4.11331e-08 -5.72131e-11
4.11477e-08 -5.69187e-11
4.14776e-08 -5.66198e-11
4.17565e-08 -5.59116e-11
4.18566e-08 -5.39859e-11
4.17918e-08 -5.33226e-11
4.22302e-08 -5.10093e-11
4.25957e-08 -4.78816e-11
4.26391e-08 -4.40147e-11
4.26159e-08 -4.10594e-11
4.33710e-08 -3.84249e-11
4.30632e-08 -3.56543e-11
4.31857e-08 -3.38204e-11
4.31161e-08 -3.28241e-11
4.38020e-08 -3.21494e-11
4.36160e-08 -3.23378e-11
4.35041e-08 -3.50611e-11
4.36090e-08 -3.78931e-11
4.33408e-08 -3.99322e-11
4.31223e-08 -4.25648e-11
4.37298e-08 -4.34227e-11
4.38230e-08 -4.42226e-11
4.35963e-08 -4.40747e-11
4.36390e-08 -4.52030e-11
4.39393e-08 -4.56210e-11
4.37822e-08 -4.55797e-11
4.40050e-08 -4.44079e-11
4.41181e-08 -4.35890e-11
4.42217e-08 -4.32971e-11
4.47240e-08 -4.28093e-11
4.43905e-08 -4.24143e-11
4.43541e-08 -4.28622e-11
4.45824e-08 -4.42341e-11
4.43083e-08 -4.66946e-11
4.42227e-08 -4.95731e-11
4.44777e-08 -5.08318e-11
4.46650e-08 -4.94248e-11
4.51882e-08 -4.75989e-11
4.49680e-08 -4.46695e-11
4.52633e-08 -4.22124e-11
4.54842e-08 -3.86243e-11
4.55479e-08 -3.50806e-11
4.58967e-08 -2.99870e-11
4.63332e-08 -2.54258e-11
4.64767e-08 -2.04545e-11
4.66235e-08 -1.71618e-11
4.70145e-08 -1.38649e-11
4.69689e-08 -1.09717e-11
4.75043e-08 -9.00709e-12
4.74162e-08 -8.59359e-12
4.71781e-08 -8.84726e-12
4.74345e-08 -9.41078e-12
4.75378e-08 -1.02091e-11
4.78953e-08 -1.00766e-11
4.79062e-08 -8.20039e-12
4.77646e-08 -6.18708e-12
4.82803e-08 -3.55820e-12
4.82559e-08 -1.54698e-12
4.84960e-08 4.34139e-13
4.86548e-08 1.70550e-12
4.89208e-08 3.05273e-12
4.89836e-08 3.10249e-12
4.87496e-08 2.89421e-12
4.87594e-08 1.47034e-12
4.86493e-08 2.84781e-13
4.89890e-08 -1.32289e-12
4.91236e-08 -2.59009e-12
4.92332e-08 -3.12974e-12
4.89417e-08 -3.51869e-12
4.89256e-08 -4.41407e-12
4.90154e-08 -5.63990e-12
4.92476e-08 -6.57219e-12
4.94045e-08 -6.91102e-12
4.96804e-08 -7.52531e-12
4.97081e-08 -9.33412e-12
4.93813e-08 -1.19796e-11
4.94900e-08 -1.51947e-11
4.92788e-08 -1.89422e-11
4.92060e-08 -2.20781e-11
4.90599e-08 -2.45919e-11
4.85818e-08 -2.61904e-11
4.91556e-08 -2.77060e-11
4.92996e-08 -2.71826e-11
4.98902e-08 -2.66005e-11
4.94242e-08 -2.43327e-11
4.97070e-08 -2.19172e-11
4.99195e-08 -1.88046e-11
4.99387e-08 -1.69125e-11
5.02340e-08 -1.53943e-11
5.08035e-08 -1.35705e-11
5.08805e-08 -1.16562e-11
5.07213e-08 -8.55895e-12
5.09979e-08 -5.21104e-12
5.13173e-08 -2.33299e-12
5.10376e-08 -1.60530e-12
5.11281e-08 -1.78264e-12
5.13625e-08 -1.79910e-12
5.17694e-08 -1.69615e-12
5.17992e-08 -1.41012e-12
5.16951e-08 -1.72484e-12
5.18856e-08 -2.09062e-12
5.17548e-08 -3.52820e-12
5.21113e-08 -5.27822e-12
5.21140e-08 -6.74511e-12
5.15275e-08 -7.99772e-12
5.20876e-08 -9.79468e-12
5.19837e-08 -1.06811e-11
5.20528e-08 -1.13264e-11
5.21715e-08 -1.16098e-11
5.24601e-08 -1.02758e-11
5.24058e-08 -8.97676e-12
5.24245e-08 -8.22579e-12
5.26862e-08 -8.69043e-12
5.25332e-08 -8.69454e-12
5.27554e-08 -8.33448e-12
5.27065e-08 -8.02404e-12
5.30238e-08 -7.75820e-12
5.30393e-08 -7.83989e-12
5.28574e-08 -8.09779e-12
5.30728e-08 -8.01959e-12
5.32692e-08 -8.81821e-12
5.34909e-08 -7.89570e-12
5.36199e-08 -6.66748e-12
5.35847e-08 -4.30304e-12
5.38236e-08 -1.85968e-12
5.42680e-08 -1.31785e-13
5.41875e-08 1.69827e-12
5.44003e-08 3.88064e-12
5.44464e-08 4.47232e-12
5.46978e-08 4.27173e-12
5.45707e-08 3.67880e-12
5.44479e-08 3.32611e-12
5.46006e-08 1.76231e-12
5.46111e-08 -6.54336e-13
5.43194e-08 -2.50094e-12
5.45351e-08 -4.81995e-12
5.46223e-08 -6.52360e-12
5.46407e-08 -8.09000e-12
5.49408e-08 -9.13506e-12
5.48553e-08 -9.28882e-12
5.48617e-08 -8.10292e-12
5.52635e-08 -5.19914e-12
5.52868e-08 -2.69594e-12
5.53479e-08 -9.31937e-13
5.55353e-08 -1.32762e-13
5.55595e-08 -5.42188e-13
5.57386e-08 -2.36210e-12
5.56813e-08 -3.41839e-12
5.61182e-08 -4.60504e-12
5.59146e-08 -5.90415e-12
5.56872e-08 -7.72284e-12
5.56967e-08 -9.46117e-12
5.56932e-08 -9.59771e-12
5.58321e-08 -8.72493e-12
5.62379e-08 -7.11327e-12
5.61517e-08 -5.85286e-12
5.64881e-08 -5.60950e-12
5.63915e-08 -5.34341e-12
5.65173e-08 -4.02227e-12
5.67970e-08 -1.96805e-12
5.71391e-08 -9.92229e-13
5.70165e-08 -6.94457e-13
5.73178e-08 3.80113e-13
5.69988e-08 -7.86479e-13
5.72029e-08 -3.77011e-12
5.72692e-08 -7.29224e-12
5.71688e-08 -1.13365e-11
5.71272e-08 -1.42995e-11
5.69135e-08 -1.59763e-11
5.69369e-08 -1.62651e-11
5.71851e-08 -1.47523e-11
5.71997e-08 -1.17371e-11
5.73317e-08 -9.82033e-12
5.78630e-08 -7.72789e-12
5.80245e-08 -5.86086e-12
5.80989e-08 -3.69421e-12
5.82237e-08 -1.76604e-12
5.85105e-08 -8.54075e-13
5.85559e-08 3.76576e-13
5.84274e-08 1.88226e-12
5.89171e-08 3.78156e-12
5.87669e-08 2.07706e-12
5.87076e-08 -5.79082e-13
5.86431e-08 -3.35806e-12
5.87126e-08 -5.20165e-12
5.88075e-08 -6.09727e-12
5.88636e-08 -7.16177e-12
5.86986e-08 -8.18105e-12
5.89784e-08 -9.00937e-12
5.88926e-08 -9.54502e-12
5.87481e-08 -1.04457e-11
5.90974e-08 -1.10305e-11
5.92676e-08 -1.22831e-11
5.91304e-08 -1.39005e-11
5.90358e-08 -1.62462e-11
5.94595e-08 -1.71644e-11
5.93427e-08 -1.57074e-11
5.93899e-08 -1.37977e-11
5.95362e-08 -1.15593e-11
6.00205e-08 -9.33096e-12
6.00244e-08 -6.14525e-12
6.00411e-08 -2.15745e-12
6.03871e-08 1.81668e-12
6.05785e-08 4.52639e-12
6.07791e-08 5.65540e-12
6.08343e-08 5.85745e-12
6.07704e-08 5.50129e-12
6.09912e-08 4.42607e-12
6.10900e-08 3.74961e-12
6.11008e-08 3.20605e-12
6.11477e-08 3.03235e-12
6.15009e-08 2.66651e-12
6.13222e-08 9.05935e-13
6.13436e-08 -2.20608e-13
6.15853e-08 -9.65309e-13
6.14097e-08 -8.13429e-13
6.13018e-08 3.09362e-13
6.18402e-08 2.15135e-12
6.18731e-08 3.05734e-12
6.19391e-08 3.50457e-12
6.19278e-08 2.35884e-12
6.19968e-08 -2.38382e-13
6.20438e-08 -2.58223e-12
6.20214e-08 -5.21170e-12
6.17428e-08 -8.11851e-12
6.19508e-08 -1.11171e-11
6.19043e-08 -1.30434e-11
6.17653e-08 -1.50690e-11
6.18921e-08 -1.69619e-11
6.18845e-08 -1.86593e-11
6.20873e-08 -1.95988e-11
6.20987e-08 -1.94456e-11
6.23411e-08 -1.78478e-11
6.23926e-08 -1.55567e-11
6.27232e-08 -1.35737e-11
6.25357e-08 -1.19827e-11
6.28246e-08 -1.10287e-11
6.27536e-08 -9.23430e-12
6.29586e-08 -8.00644e-12
6.31760e-08 -7.75780e-12
6.30894e-08 -8.17492e-12
6.31134e-08 -1.01718e-11
6.31846e-08 -1.42250e-11
6.29927e-08 -1.78511e-11
6.32267e-08 -2.02729e-11
6.29736e-08 -2.26714e-11
6.31698e-08 -2.45080e-11
6.32559e-08 -2.56080e-11
6.31730e-08 -2.56820e-11
6.34728e-08 -2.51286e-11
6.35407e-08 -2.41384e-11
6.35846e-08 -2.25942e-11
6.36884e-08 -2.00582e-11
6.41141e-08 -1.72745e-11
6.43274e-08 -1.36833e-11
6.41844e-08 -9.98308e-12
6.49279e-08 -7.17918e-12
6.49277e-08 -5.23645e-12
6.49042e-08 -3.40174e-12
6.49746e-08 -3.07608e-12
6.50884e-08 -4.64572e-12
6.51651e-08 -4.62397e-12
6.54204e-08 -4.31587e-12
6.50499e-08 -7.03430e-12
6.49682e-08 -1.01853e-11
6.51502e-08 -1.27642e-11
6.50977e-08 -1.38969e-11
6.55255e-08 -1.45675e-11
6.53834e-08 -1.50315e-11
6.54858e-08 -1.49004e-11
6.56348e-08 -1.39187e-11
6.58400e-08 -1.30947e-11
6.60240e-08 -1.13395e-11
6.60470e-08 -9.97046e-12
6.60686e-08 -8.75713e-12
6.60291e-08 -8.13378e-12
6.61456e-08 -7.49902e-12
6.62583e-08 -7.75759e-12
6.66082e-08 -7.00159e-12
6.66551e-08 -5.15704e-12
6.66813e-08 -4.41227e-12
6.68046e-08 -5.70179e-12
6.65406e-08 -5.81288e-12
6.69046e-08 -6.08886e-12
6.67756e-08 -6.87200e-12
6.71367e-08 -8.84060e-12
6.69781e-08 -1.02114e-11
6.67834e-08 -1.20310e-11
6.70193e-08 -1.35497e-11
6.70436e-08 -1.47517e-11
6.71620e-08 -1.57917e-11
6.75200e-08 -1.74427e-11
6.71523e-08 -1.97973e-11
6.70920e-08 -2.17862e-11
6.72604e-08 -2.26056e-11
6.74361e-08 -2.18960e-11
6.73427e-08 -2.06912e-11
6.77039e-08 -1.95966e-11
6.77914e-08 -1.89591e-11
6.79837e-08 -1.91497e-11
6.77191e-08 -2.03190e-11
6.79872e-08 -2.16980e-11
6.79901e-08 -2.27491e-11
6.81016e-08 -2.31460e-11
6.82672e-08 -2.21831e-11
6.83279e-08 -2.06515e-11
6.84796e-08 -1.88960e-11
6.83362e-08 -1.61545e-11
6.83012e-08 -1.35956e-11
6.86979e-08 -1.08945e-11
6.91711e-08 -9.47888e-12
6.92756e-08 -7.99214e-12
6.94258e-08 -5.78307e-12
6.93687e-08 -3.32554e-12
6.97068e-08 -2.50941e-12
6.99917e-08 -2.06900e-12
7.00526e-08 -2.95081e-12
6.97538e-08 -4.23044e-12
6.99816e-08 -4.91112e-12
6.97899e-08 -4.70730e-12
6.93918e-08 -4.64097e-12
7.00718e-08 -4.60099e-12
7.02909e-08 -4.87443e-12
7.02421e-08 -5.44230e-12
7.03722e-08 -6.61327e-12
7.04579e-08 -8.77924e-12
7.03276e-08 -1.06276e-11
7.04526e-08 -1.20706e-11
7.03881e-08 -1.36877e-11
7.06601e-08 -1.38994e-11
7.05435e-08 -1.32109e-11
7.09230e-08 -1.32744e-11
7.10018e-08 -1.47737e-11
7.07058e-08 -1.55831e-11
7.07679e-08 -1.55764e-11
7.08797e-08 -1.48612e-11
7.10699e-08 -1.30875e-11
7.14117e-08 -1.18475e-11
7.12820e-08 -1.13805e-11
7.12571e-08 -1.04983e-11
7.14794e-08 -1.05936e-11
7.17180e-08 -1.01032e-11
7.18959e-08 -1.09593e-11
7.16676e-08 -1.35996e-11
7.12816e-08 -1.59306e-11
7.09785e-08 -1.90005e-11
7.14162e-08 -2.20679e-11
7.17348e-08 -2.44558e-11
7.18386e-08 -2.61761e-11
7.17353e-08 -2.70811e-11
7.16779e-08 -2.87155e-11
7.19058e-08 -2.83488e-11
7.18729e-08 -2.67807e-11
7.21869e-08 -2.54859e-11
7.23877e-08 -2.30968e-11
7.23260e-08 -2.04760e-11
7.24333e-08 -1.79430e-11
7.31487e-08 -1.51714e-11
7.28263e-08 -1.27310e-11
7.29758e-08 -9.17854e-12
7.30989e-08 -8.37332e-12
7.32226e-08 -9.87482e-12
7.30957e-08 -1.31947e-11
7.32557e-08 -1.63167e-11
7.31934e-08 -1.96159e-11
7.31441e-08 -2.10854e-11
7.33914e-08 -2.09825e-11
7.35207e-08 -2.00865e-11
7.34965e-08 -2.09941e-11
7.37246e-08 -2.12451e-11
7.34494e-08 -2.10825e-11
7.37247e-08 -2.08889e-11
7.39066e-08 -2.05142e-11
7.37931e-08 -2.03563e-11
7.37944e-08 -2.07694e-11
7.39633e-08 -2.19852e-11
7.43446e-08 -2.31172e-11
7.38887e-08 -2.48844e-11
7.38367e-08 -2.91581e-11
7.39670e-08 -3.34223e-11
7.38941e-08 -3.63249e-11
7.37523e-08 -3.79641e-11
7.37301e-08 -3.86914e-11
7.42512e-08 -3.73670e-11
7.42187e-08 -3.49197e-11
7.44391e-08 -3.22827e-11
7.47019e-08 -2.99857e-11
7.48844e-08 -2.68822e-11
7.47265e-08 -2.21092e-11
7.52740e-08 -1.70423e-11
7.56908e-08 -1.23540e-11
7.59698e-08 -7.44355e-12
7.57831e-08 -4.04666e-12
7.60803e-08 -3.06695e-12
7.64752e-08 -2.91081e-12
7.61833e-08 -3.55289e-12
7.62473e-08 -4.34328e-12
7.66065e-08 -4.96589e-12
7.64641e-08 -4.88577e-12
7.65645e-08 -5.42753e-12
7.67244e-08 -5.96162e-12
7.69913e-08 -7.32217e-12
7.69312e-08 -9.84729e-12
7.66870e-08 -1.26634e-11
7.69733e-08 -1.46165e-11
7.69015e-08 -1.67511e-11
7.65093e-08 -1.76705e-11
7.68680e-08 -1.84580e-11
7.68424e-08 -1.96700e-11
7.64637e-08 -2.10405e-11
7.66349e-08 -2.28647e-11
7.71059e-08 -2.45227e-11
7.71215e-08 -2.46711e-11
7.70661e-08 -2.37309e-11
7.72291e-08 -2.15560e-11
7.76963e-08 -1.80557e-11
7.75550e-08 -1.42622e-11
7.78380e-08 -1.14892e-11
7.80966e-08 -1.02029e-11
7.78476e-08 -9.22204e-12
7.81902e-08 -8.46839e-12
7.82084e-08 -7.10584e-12
7.82420e-08 -5.73508e-12
7.83566e-08 -5.07671e-12
7.84026e-08 -3.86615e-12
7.89890e-08 -3.34563e-12
7.90833e-08 -4.04583e-12
7.90147e-08 -6.04968e-12
7.88760e-08 -7.65610e-12
7.88286e-08 -1.02652e-11
7.92393e-08 -1.23617e-11
7.90513e-08 -1.38692e-11
7.93092e-08 -1.41851e-11
7.92285e-08 -1.42026e-11
7.91284e-08 -1.50842e-11
7.95125e-08 -1.59199e-11
7.93126e-08 -1.57165e-11
7.93953e-08 -1.37812e-11
7.98324e-08 -1.37339e-11
7.96459e-08 -1.36280e-11
7.96757e-08 -1.38684e-11
7.96126e-08 -1.33370e-11
7.97843e-08 -1.24627e-11
7.99666e-08 -1.28514e-11
7.99646e-08 -1.40875e-11
8.00289e-08 -1.66997e-11
8.01116e-08 -1.84497e-11
8.00880e-08 -2.12890e-11
8.02530e-08 -2.28856e-11
8.00186e-08 -2.39244e-11
8.01173e-08 -2.49316e-11
7.98369e-08 -2.56201e-11
8.00119e-08 -2.54923e-11
8.03984e-08 -2.59035e-11
8.04877e-08 -2.58185e-11
8.07587e-08 -2.51839e-11
8.04525e-08 -2.50017e-11
8.07565e-08 -2.43384e-11
8.08584e-08 -2.45711e-11
8.10448e-08 -2.51247e-11
8.07893e-08 -2.55460e-11
8.08983e-08 -2.60523e-11
8.10325e-08 -2.62859e-11
8.11840e-08 -2.66827e-11
8.13981e-08 -2.59829e-11
8.15300e-08 -2.54415e-11
8.15314e-08 -2.43022e-11
8.16831e-08 -2.26056e-11
8.17992e-08 -2.14288e-11
8.23057e-08 -1.93316e-11
8.21158e-08 -1.81420e-11
8.23154e-08 -1.87752e-11
8.25491e-08 -1.87894e-11
8.23270e-08 -1.75738e-11
8.21459e-08 -1.62505e-11
8.23535e-08 -1.71818e-11
8.24648e-08 -1.84053e-11
8.22795e-08 -1.97719e-11
8.27715e-08 -2.04192e-11
8.29301e-08 -2.09137e-11
8.27418e-08 -2.10909e-11
8.28836e-08 -2.00738e-11
8.31548e-08 -1.78966e-11
8.32922e-08 -1.69344e-11
8.32564e-08 -1.56166e-11
8.35426e-08 -1.27019e-11
8.36621e-08 -1.10158e-11
8.36799e-08 -1.00745e-11
8.38343e-08 -1.03382e-11
8.38738e-08 -1.03629e-11
8.38183e-08 -9.47377e-12
8.39731e-08 -8.08314e-12
8.43889e-08 -7.68025e-12
8.43482e-08 -9.11648e-12
8.42784e-08 -1.08132e-11
8.42368e-08 -1.28590e-11
8.45397e-08 -1.45142e-11
8.46270e-08 -1.57570e-11
8.44500e-08 -1.70515e-11
8.42515e-08 -1.84070e-11
8.45093e-08 -2.09663e-11
8.43624e-08 -2.48972e-11
8.41448e-08 -2.76718e-11
8.43971e-08 -2.91518e-11
8.43843e-08 -3.04682e-11
8.41557e-08 -3.11439e-11
8.46011e-08 -2.99660e-11
8.47827e-08 -2.77209e-11
8.51616e-08 -2.57948e-11
8.51402e-08 -2.37882e-11
8.52432e-08 -2.14839e-11
8.56691e-08 -1.90717e-11
8.54991e-08 -1.69688e-11
8.56099e-08 -1.57882e-11
8.57991e-08 -1.45085e-11
8.59634e-08 -1.31542e-11
8.58547e-08 -1.24764e-11
8.60848e-08 -1.32965e-11
8.60999e-08 -1.57707e-11
8.59996e-08 -1.85701e-11
8.62986e-08 -2.03107e-11
8.64647e-08 -2.05782e-11
8.64102e-08 -2.12929e-11
8.64119e-08 -2.27041e-11
8.64983e-08 -2.36193e-11
8.64141e-08 -2.49579e-11
8.64807e-08 -2.60207e-11
8.62327e-08 -2.64358e-11
8.65238e-08 -2.64453e-11
8.65896e-08 -2.56871e-11
8.67419e-08 -2.56397e-11
8.68407e-08 -2.60832e-11
8.69795e-08 -2.55398e-11
8.69134e-08 -2.47013e-11
8.74294e-08 -2.38003e-11
8.71232e-08 -2.53062e-11
8.70125e-08 -2.71641e-11
8.73705e-08 -2.86652e-11
8.73762e-08 -2.88325e-11
8.71918e-08 -2.90860e-11
8.73923e-08 -2.98486e-11
8.73167e-08 -2.94427e-11
8.75437e-08 -2.74107e-11
8.79944e-08 -2.46976e-11
8.80166e-08 -2.27176e-11
8.82151e-08 -2.15859e-11
8.82772e-08 -2.10264e-11
8.85835e-08 -1.96248e-11
8.84506e-08 -1.83726e-11
8.90023e-08 -1.66225e-11
8.89825e-08 -1.49262e-11
8.87131e-08 -1.38275e-11
8.90244e-08 -1.38923e-11
8.89289e-08 -1.62401e-11
8.90048e-08 -1.91384e-11
8.88374e-08 -2.17787e-11
8.89090e-08 -2.27717e-11
8.92298e-08 -2.28840e-11
8.93075e-08 -2.19931e-11
8.91618e-08 -2.02859e-11
8.93209e-08 -1.84442e-11
8.95331e-08 -1.75702e-11
8.96747e-08 -1.80211e-11
8.96623e-08 -1.82142e-11
9.01953e-08 -1.88220e-11
9.02445e-08 -1.80458e-11
9.01050e-08 -1.67629e-11
9.02770e-08 -1.55295e-11
9.02915e-08 -1.46389e-11
9.04668e-08 -1.62172e-11
9.07096e-08 -1.86004e-11
9.04048e-08 -2.19128e-11
9.06856e-08 -2.41006e-11
9.02467e-08 -2.49587e-11
9.03647e-08 -2.39310e-11
9.07706e-08 -2.31611e-11
9.10938e-08 -2.31889e-11
9.06737e-08 -2.40319e-11
9.12129e-08 -2.55591e-11
9.10801e-08 -2.59818e-11
9.06592e-08 -2.57541e-11
9.10671e-08 -2.52735e-11
9.12358e-08 -2.52502e-11
9.12313e-08 -2.40888e-11
9.13617e-08 -2.35286e-11
9.14077e-08 -2.29044e-11
9.13458e-08 -2.40328e-11
9.13004e-08 -2.62949e-11
9.17218e-08 -2.76363e-11
9.15161e-08 -2.93421e-11
9.20530e-08 -2.87119e-11
9.15414e-08 -2.75391e-11
9.17625e-08 -2.56703e-11
9.22980e-08 -2.51819e-11
9.18981e-08 -2.51755e-11
9.17893e-08 -2.55553e-11
9.24398e-08 -2.50096e-11
9.26529e-08 -2.23610e-11
9.25568e-08 -1.91985e-11
9.24708e-08 -1.74382e-11
9.28607e-08 -1.63786e-11
9.31291e-08 -1.46288e-11
9.33385e-08 -1.45036e-11
9.31266e-08 -1.48218e-11
9.31961e-08 -1.63017e-11
9.33903e-08 -1.79207e-11
9.32680e-08 -2.08631e-11
9.33738e-08 -2.33919e-11
9.35175e-08 -2.35557e-11
9.32581e-08 -2.43926e-11
9.34092e-08 -2.52345e-11
9.34145e-08 -2.50980e-11
9.38223e-08 -2.51840e-11
9.38720e-08 -2.51918e-11
9.37326e-08 -2.44240e-11
9.39402e-08 -2.33261e-11
9.39654e-08 -2.20784e-11
9.41779e-08 -2.16530e-11
9.44558e-08 -2.08994e-11
9.44457e-08 -2.01628e-11
9.41009e-08 -2.04342e-11
9.45686e-08 -2.07100e-11
9.48479e-08 -2.14611e-11
9.48812e-08 -2.34518e-11
9.43795e-08 -2.43349e-11
9.49043e-08 -2.50372e-11
9.47368e-08 -2.44551e-11
9.49646e-08 -2.49246e-11
9.49599e-08 -2.48701e-11
9.50450e-08 -2.50933e-11
9.53408e-08 -2.64471e-11
9.53129e-08 -2.72390e-11
9.47601e-08 -2.77615e-11
9.49096e-08 -2.72610e-11
9.52294e-08 -2.66341e-11
9.52884e-08 -2.50767e-11
9.57385e-08 -2.37908e-11
9.59600e-08 -2.16532e-11
9.58474e-08 -2.02178e-11
9.60997e-08 -1.97733e-11
9.62195e-08 -2.06255e-11
9.62388e-08 -2.22513e-11
9.62538e-08 -2.24263e-11
9.58836e-08 -2.32729e-11
9.62326e-08 -2.33851e-11
9.62512e-08 -2.50051e-11
9.62798e-08 -2.62844e-11
9.65067e-08 -2.79629e-11
9.62678e-08 -2.92465e-11
9.66440e-08 -3.02752e-11
9.65572e-08 -3.12605e-11
9.65720e-08 -3.14423e-11
9.63183e-08 -3.22366e-11
9.65480e-08 -3.18494e-11
9.68081e-08 -3.08512e-11
9.73653e-08 -2.97814e-11
9.71769e-08 -3.08300e-11
9.73287e-08 -3.21323e-11
9.70191e-08 -3.39031e-11
9.69806e-08 -3.58229e-11
9.68692e-08 -3.68097e-11
9.71916e-08 -3.74535e-11
9.74712e-08 -3.86399e-11
9.72372e-08 -3.99370e-11
9.74324e-08 -3.87495e-11
9.74728e-08 -3.95020e-11
9.77635e-08 -4.02386e-11
9.76100e-08 -4.11715e-11
9.73344e-08 -4.37767e-11
9.78584e-08 -4.51824e-11
9.77081e-08 -4.65033e-11
9.78866e-08 -4.84330e-11
9.77517e-08 -4.93320e-11
9.74599e-08 -5.19102e-11
9.77498e-08 -5.27953e-11
9.76411e-08 -5.29479e-11
9.77868e-08 -5.31069e-11
9.79651e-08 -5.26128e-11
9.82240e-08 -5.15764e-11
9.85299e-08 -4.87998e-11
9.86564e-08 -4.46810e-11
9.90729e-08 -3.94365e-11
9.90736e-08 -3.41394e-11
9.92887e-08 -3.05246e-11
9.93311e-08 -2.74839e-11
9.95908e-08 -2.63781e-11
9.94791e-08 -2.62345e-11
9.95156e-08 -2.55749e-11
9.97954e-08 -2.69776e-11
9.96940e-08 -3.03227e-11
9.98661e-08 -3.31331e-11
9.96534e-08 -3.59572e-11
9.96465e-08 -3.62166e-11
9.99077e-08 -3.79853e-11
9.97412e-08 -3.94174e-11
9.98273e-08 -4.07623e-11
1.00215e-07 -4.12088e-11
1.00289e-07 -4.08539e-11
1.00329e-07 -4.04944e-11
1.00188e-07 -4.12290e-11
1.00572e-07 -4.19146e-11
1.00077e-07 -4.12823e-11
1.00531e-07 -4.14329e-11
1.00624e-07 -4.26206e-11
1.00678e-07 -4.31484e-11
1.00686e-07 -4.42554e-11
1.00901e-07 -4.44572e-11
1.00591e-07 -4.44978e-11
1.00784e-07 -4.25054e-11
1.00897e-07 -4.01950e-11
1.01457e-07 -3.72581e-11
1.01714e-07 -3.32998e-11
1.01879e-07 -2.81641e-11
1.02196e-07 -2.36584e-11
1.02433e-07 -1.94810e-11
1.02503e-07 -1.75216e-11
1.02619e-07 -1.70021e-11
1.02592e-07 -1.75365e-11
1.02477e-07 -1.83200e-11
1.02855e-07 -2.00345e-11
1.02569e-07 -2.22010e-11
1.02650e-07 -2.54722e-11
1.02593e-07 -2.84616e-11
1.02512e-07 -3.20181e-11
1.02439e-07 -3.65651e-11
1.02158e-07 -4.16391e-11
1.01999e-07 -4.49928e-11
1.02771e-07 -4.71921e-11
1.02748e-07 -4.69897e-11
1.02744e-07 -4.50055e-11
1.02672e-07 -4.31014e-11
1.03165e-07 -4.19444e-11
1.02905e-07 -4.14909e-11
1.03484e-07 -4.06952e-11
1.03270e-07 -4.07167e-11
1.03432e-07 -4.08580e-11
1.03422e-07 -4.10338e-11
1.03800e-07 -4.09910e-11
1.03653e-07 -4.03734e-11
1.03525e-07 -4.03585e-11
1.03919e-07 -4.08957e-11
1.03753e-07 -4.33185e-11
1.03811e-07 -4.70620e-11
1.03680e-07 -4.98649e-11
1.03801e-07 -5.22716e-11
1.03586e-07 -5.26362e-11
1.03753e-07 -5.29455e-11
1.03664e-07 -5.31316e-11
1.03717e-07 -5.47236e-11
1.03589e-07 -5.65495e-11
1.03648e-07 -5.76112e-11
1.03705e-07 -5.68775e-11
1.04213e-07 -5.64911e-11
1.04464e-07 -5.57131e-11
1.04147e-07 -5.38847e-11
1.04499e-07 -5.27388e-11
1.04612e-07 -5.17506e-11
1.04741e-07 -5.12436e-11
1.04629e-07 -5.18055e-11
1.04766e-07 -5.29421e-11
1.04597e-07 -5.42539e-11
1.04883e-07 -5.50321e-11
1.05165e-07 -5.48493e-11
1.04681e-07 -5.35676e-11
1.04719e-07 -5.40824e-11
1.05381e-07 -5.45273e-11
1.05630e-07 -5.53395e-11
1.05422e-07 -5.47978e-11
1.05797e-07 -5.33385e-11
1.06085e-07 -5.15236e-11
1.05954e-07 -4.97819e-11
1.06219e-07 -4.99918e-11
1.06458e-07 -5.02021e-11
1.06097e-07 -5.16026e-11
1.05793e-07 -5.17764e-11
1.06076e-07 -5.23264e-11
1.06262e-07 -5.23012e-11
1.06242e-07 -5.12147e-11
1.06439e-07 -5.06876e-11
1.06403e-07 -5.06773e-11
1.06764e-07 -5.07019e-11
1.06880e-07 -4.97830e-11
1.06973e-07 -4.85149e-11
1.07258e-07 -4.66070e-11
1.06935e-07 -4.41952e-11
1.07566e-07 -4.15202e-11
1.07648e-07 -3.98856e-11
1.07302e-07 -3.81931e-11
1.07750e-07 -3.71351e-11
1.07824e-07 -3.86199e-11
1.07893e-07 -3.97939e-11
1.07989e-07 -4.09200e-11
1.08029e-07 -4.23353e-11
1.07696e-07 -4.45781e-11
1.07879e-07 -4.66289e-11
1.08039e-07 -4.94055e-11
1.08174e-07 -5.45654e-11
1.07846e-07 -6.04486e-11
1.07722e-07 -6.45590e-11
1.07970e-07 -6.65534e-11
1.07987e-07 -6.81712e-11
1.07615e-07 -6.89894e-11
1.07763e-07 -6.90659e-11
1.07887e-07 -6.86667e-11
1.07905e-07 -6.79264e-11
1.07855e-07 -6.72556e-11
1.08226e-07 -6.66181e-11
1.08428e-07 -6.58653e-11
1.08261e-07 -6.54662e-11
1.08343e-07 -6.49072e-11
1.08608e-07 -6.56226e-11
1.08621e-07 -6.50315e-11
1.09127e-07 -6.40800e-11
1.08857e-07 -6.32252e-11
1.08848e-07 -6.32742e-11
1.08923e-07 -6.23803e-11
1.09034e-07 -6.07468e-11
1.09426e-07 -5.93484e-11
1.09479e-07 -5.78506e-11
1.09531e-07 -5.71464e-11
1.09800e-07 -5.79768e-11
1.09655e-07 -5.98100e-11
1.09819e-07 -6.19909e-11
1.09947e-07 -6.37409e-11
1.09542e-07 -6.40391e-11
1.09884e-07 -6.35241e-11
1.09753e-07 -6.45657e-11
1.09957e-07 -6.58319e-11
1.09953e-07 -6.62174e-11
1.09995e-07 -6.65997e-11
1.09872e-07 -6.76537e-11
1.10212e-07 -6.79702e-11
1.10421e-07 -6.76684e-11
1.10348e-07 -6.68859e-11
1.10711e-07 -6.61810e-11
1.10846e-07 -6.61009e-11
1.10887e-07 -6.58219e-11
1.10741e-07 -6.70762e-11
1.10876e-07 -6.82410e-11
1.10758e-07 -6.92085e-11
1.10968e-07 -7.00157e-11
1.11155e-07 -6.91953e-11
1.10679e-07 -7.00653e-11
1.11008e-07 -7.12794e-11
1.11087e-07 -7.39754e-11
1.10965e-07 -7.60856e-11
1.11073e-07 -7.67095e-11
1.11338e-07 -7.81214e-11
1.10898e-07 -7.79378e-11
1.11388e-07 -7.54849e-11
1.11734e-07 -7.29245e-11
1.11708e-07 -7.04492e-11
1.11829e-07 -6.84231e-11
1.11967e-07 -6.67773e-11
1.12214e-07 -6.50589e-11
1.12141e-07 -6.45804e-11
1.12522e-07 -6.41262e-11
1.12583e-07 -6.48029e-11
1.12632e-07 -6.61189e-11
1.12606e-07 -6.68605e-11
1.12598e-07 -7.04835e-11
1.12372e-07 -7.45718e-11
1.12545e-07 -7.83389e-11
1.12371e-07 -8.05917e-11
1.12405e-07 -8.23778e-11
1.12172e-07 -8.35856e-11
1.12495e-07 -8.46587e-11
1.12570e-07 -8.56413e-11
1.12704e-07 -8.66294e-11
1.12787e-07 -8.75134e-11
1.12844e-07 -8.76309e-11
1.13277e-07 -8.72925e-11
1.13108e-07 -8.68790e-11
1.12954e-07 -8.67463e-11
1.13122e-07 -8.57642e-11
1.13221e-07 -8.29995e-11
1.13458e-07 -7.94783e-11
1.13736e-07 -7.72825e-11
1.13670e-07 -7.64281e-11
1.13910e-07 -7.52809e-11
1.14099e-07 -7.40557e-11
1.14381e-07 -7.30158e-11
1.14481e-07 -7.21287e-11
1.14560e-07 -7.13138e-11
1.14634e-07 -7.13010e-11
1.14492e-07 -7.16994e-11
1.14264e-07 -7.28553e-11
1.14327e-07 -7.51921e-11
1.14670e-07 -7.75010e-11
1.14865e-07 -8.03667e-11
1.14722e-07 -8.25710e-11
1.14549e-07 -8.45724e-11
1.14694e-07 -8.54787e-11
1.14866e-07 -8.49291e-11
1.14689e-07 -8.39674e-11
1.14688e-07 -8.37116e-11
1.14857e-07 -8.34679e-11
1.15086e-07 -8.33553e-11
1.15375e-07 -8.36974e-11
1.15316e-07 -8.34767e-11
1.15499e-07 -8.16854e-11
1.15734e-07 -8.01712e-11
1.15587e-07 -7.86003e-11
1.15969e-07 -7.84202e-11
1.15970e-07 -8.00189e-11
1.15821e-07 -8.16863e-11
1.15998e-07 -8.29884e-11
1.15916e-07 -8.46149e-11
1.15925e-07 -8.54889e-11
1.15948e-07 -8.52544e-11
1.16152e-07 -8.28433e-11
1.16379e-07 -8.02744e-11
1.16394e-07 -7.93196e-11
1.16424e-07 -8.17737e-11
1.16631e-07 -8.36710e-11
1.16657e-07 -8.47931e-11
1.16476e-07 -8.46767e-11
1.16681e-07 -8.36351e-11
1.17112e-07 -8.22057e-11
1.17227e-07 -8.17998e-11
1.17253e-07 -8.18307e-11
1.17445e-07 -8.28794e-11
1.17011e-07 -8.40970e-11
1.17418e-07 -8.40647e-11
1.17240e-07 -8.32935e-11
1.17430e-07 -8.23647e-11
1.17309e-07 -8.22919e-11
1.17904e-07 -8.30329e-11
1.17709e-07 -8.43677e-11
1.17466e-07 -8.67388e-11
1.17683e-07 -8.76827e-11
1.17944e-07 -8.86249e-11
1.17835e-07 -8.83116e-11
1.17900e-07 -8.79487e-11
1.17836e-07 -8.70438e-11
1.18011e-07 -8.72493e-11
1.17719e-07 -8.96972e-11
1.18303e-07 -9.15515e-11
1.17893e-07 -9.22464e-11
1.18232e-07 -9.25664e-11
1.18269e-07 -9.24894e-11
1.18297e-07 -9.22859e-11
1.18373e-07 -9.22848e-11
1.18622e-07 -9.29445e-11
1.18627e-07 -9.52644e-11
1.18558e-07 -9.77005e-11
1.18803e-07 -9.81166e-11
1.18613e-07 -9.80704e-11
1.18794e-07 -9.62648e-11
1.19299e-07 -9.54484e-11
1.19166e-07 -9.52428e-11
1.19111e-07 -9.52730e-11
1.19155e-07 -9.54668e-11
1.19232e-07 -9.57012e-11
1.19083e-07 -9.60591e-11
1.19629e-07 -9.47778e-11
1.19486e-07 -9.34690e-11
1.19683e-07 -9.27778e-11
1.19839e-07 -9.16273e-11
1.20020e-07 -9.07798e-11
1.20299e-07 -9.11135e-11
1.19904e-07 -9.08639e-11
1.19975e-07 -9.09051e-11
1.20252e-07 -9.18324e-11
1.20443e-07 -9.38152e-11
1.20277e-07 -9.69725e-11
1.20114e-07 -9.86109e-11
1.20454e-07 -9.98289e-11
1.20246e-07 -1.01220e-10
1.20294e-07 -1.04228e-10
1.20321e-07 -1.06657e-10
1.20481e-07 -1.09009e-10
1.20530e-07 -1.11399e-10
1.20405e-07 -1.14565e-10
1.20063e-07 -1.17149e-10
1.20337e-07 -1.18932e-10
1.20367e-07 -1.19934e-10
1.20027e-07 -1.20680e-10
1.20499e-07 -1.20343e-10
1.20684e-07 -1.19455e-10
1.20729e-07 -1.19077e-10
1.20742e-07 -1.18114e-10
1.20730e-07 -1.16717e-10
1.21178e-07 -1.14611e-10
1.21390e-07 -1.11707e-10
1.21258e-07 -1.08550e-10
1.21813e-07 -1.07207e-10
1.22021e-07 -1.07304e-10
1.21864e-07 -1.07762e-10
1.22042e-07 -1.08553e-10
1.21792e-07 -1.08456e-10
1.21958e-07 -1.06967e-10
1.22107e-07 -1.02354e-10
1.22606e-07 -9.58942e-11
1.22904e-07 -9.00837e-11
1.23254e-07 -8.44021e-11
1.23532e-07 -7.88233e-11
1.23889e-07 -7.39213e-11
1.24502e-07 -6.73365e-11
1.24702e-07 -6.05021e-11
1.24739e-07 -5.36881e-11
1.25047e-07 -4.85253e-11
1.25280e-07 -4.61389e-11
1.25471e-07 -4.56511e-11
1.25294e-07 -4.68513e-11
1.25188e-07 -4.76305e-11
1.25770e-07 -4.84711e-11
1.25667e-07 -4.79626e-11
1.25780e-07 -4.53995e-11
1.26015e-07 -4.22168e-11
1.26147e-07 -3.73638e-11
1.26506e-07 -3.33549e-11
1.26522e-07 -3.18431e-11
1.26763e-07 -2.98528e-11
1.27224e-07 -2.75169e-11
1.27254e-07 -2.50474e-11
1.27527e-07 -2.33294e-11
1.27376e-07 -2.24056e-11
1.27594e-07 -2.26564e-11
1.27832e-07 -2.54389e-11
1.27615e-07 -2.98539e-11
1.27276e-07 -3.32666e-11
1.27296e-07 -3.59934e-11
1.27495e-07 -3.81588e-11
1.27255e-07 -4.06796e-11
1.27383e-07 -4.40507e-11
1.27274e-07 -4.75610e-11
1.27443e-07 -5.05484e-11
1.27477e-07 -5.13196e-11
1.27148e-07 -5.18018e-11
1.27534e-07 -5.19643e-11
1.27521e-07 -5.26382e-11
1.27536e-07 -5.45570e-11
1.27591e-07 -5.66381e-11
1.27663e-07 -5.78867e-11
1.27686e-07 -5.77078e-11
1.27556e-07 -5.79625e-11
1.27549e-07 -5.72680e-11
1.27907e-07 -5.52910e-11
1.28172e-07 -5.24095e-11
1.28311e-07 -4.99551e-11
1.28526e-07 -4.85389e-11
1.28490e-07 -4.90247e-11
1.28344e-07 -5.04960e-11
1.28735e-07 -5.17805e-11
1.28753e-07 -5.17346e-11
1.28797e-07 -5.10858e-11
1.28956e-07 -5.06048e-11
1.28890e-07 -5.15216e-11
1.28729e-07 -5.42468e-11
1.28522e-07 -5.74939e-11
1.28869e-07 -5.90133e-11
1.28952e-07 -5.85240e-11
1.29345e-07 -5.68303e-11
1.29760e-07 -5.51404e-11
1.29555e-07 -5.37861e-11
1.29254e-07 -5.17911e-11
1.29750e-07 -5.00835e-11
1.30136e-07 -4.86148e-11
1.30057e-07 -4.75330e-11
1.29898e-07 -4.77547e-11
1.30112e-07 -4.91674e-11
1.30380e-07 -5.17496e-11
1.30067e-07 -5.43409e-11
1.30058e-07 -5.65074e-11
1.29926e-07 -5.80795e-11
1.29679e-07 -6.02639e-11
1.29803e-07 -6.28768e-11
1.30059e-07 -6.42809e-11
1.30217e-07 -6.41637e-11
1.30095e-07 -6.34944e-11
1.30315e-07 -6.26875e-11
1.30714e-07 -6.22382e-11
1.30858e-07 -6.18069e-11
1.30870e-07 -5.96785e-11
1.30651e-07 -5.60734e-11
1.31342e-07 -5.08520e-11
1.31716e-07 -4.72670e-11
1.31585e-07 -4.54245e-11
1.32098e-07 -4.54971e-11
1.32004e-07 -4.63164e-11
1.31829e-07 -4.66948e-11
1.31891e-07 -4.60807e-11
1.32125e-07 -4.52910e-11
1.32115e-07 -4.56840e-11
1.32548e-07 -4.60226e-11
1.32616e-07 -4.64883e-11
1.32234e-07 -4.73595e-11
1.32566e-07 -4.86154e-11
1.32815e-07 -4.95957e-11
1.32190e-07 -5.28819e-11
1.32209e-07 -5.61524e-11
1.32347e-07 -5.77540e-11
1.32485e-07 -5.82270e-11
1.32508e-07 -5.71600e-11
1.32697e-07 -5.75119e-11
1.32705e-07 -5.77858e-11
1.32805e-07 -5.82791e-11
1.32961e-07 -5.90650e-11
1.32950e-07 -5.92594e-11
1.32638e-07 -5.89754e-11
1.32649e-07 -5.81347e-11
1.33091e-07 -5.69774e-11
1.33271e-07 -5.56009e-11
1.33475e-07 -5.61363e-11
1.33211e-07 -5.69024e-11
1.33778e-07 -5.91136e-11
1.33917e-07 -6.24529e-11
1.33515e-07 -6.65538e-11
1.33602e-07 -6.84793e-11
1.33193e-07 -6.99612e-11
1.33205e-07 -7.01630e-11
1.33520e-07 -6.90597e-11
1.33700e-07 -6.88016e-11
1.34041e-07 -6.75715e-11
1.34340e-07 -6.70678e-11
1.34073e-07 -6.65011e-11
1.34592e-07 -6.53036e-11
1.34619e-07 -6.37737e-11
1.34390e-07 -6.18734e-11
1.34489e-07 -6.15243e-11
1.34629e-07 -6.13007e-11
1.34522e-07 -6.16308e-11
1.34624e-07 -6.26709e-11
1.34551e-07 -6.41475e-11
1.34930e-07 -6.44700e-11
1.35048e-07 -6.28273e-11
1.35225e-07 -6.10478e-11
1.35137e-07 -5.88677e-11
1.35562e-07 -5.67786e-11
1.35719e-07 -5.47286e-11
1.36061e-07 -5.30051e-11
1.36186e-07 -5.10352e-11
1.35906e-07 -5.01844e-11
1.35938e-07 -4.93568e-11
1.36321e-07 -4.98661e-11
1.36371e-07 -5.02624e-11
1.36423e-07 -5.12671e-11
1.36311e-07 -5.35476e-11
1.36203e-07 -5.47844e-11
1.36310e-07 -5.73237e-11
1.36517e-07 -5.96887e-11
1.36310e-07 -5.99028e-11
1.36512e-07 -5.80363e-11
1.36803e-07 -5.59830e-11
1.37006e-07 -5.45684e-11
1.37137e-07 -5.29957e-11
1.37069e-07 -5.37277e-11
1.37185e-07 -5.37269e-11
1.37279e-07 -5.47811e-11
1.37495e-07 -5.53490e-11
1.36707e-07 -5.65857e-11
1.37136e-07 -5.66776e-11
1.37388e-07 -5.62585e-11
1.37675e-07 -5.51787e-11
1.37635e-07 -5.45840e-11
1.37535e-07 -5.54465e-11
1.37928e-07 -5.48391e-11
1.38080e-07 -5.42781e-11
1.38244e-07 -5.15918e-11
1.38360e-07 -4.81673e-11
1.38740e-07 -4.51848e-11
1.38851e-07 -4.35058e-11
1.38855e-07 -4.15887e-11
1.39174e-07 -4.07576e-11
1.39292e-07 -4.13254e-11
1.39186e-07 -4.09406e-11
1.39303e-07 -4.00254e-11
1.39188e-07 -3.77218e-11
1.39538e-07 -3.68721e-11
1.39526e-07 -3.57147e-11
1.40119e-07 -3.60598e-11
1.39686e-07 -3.75936e-11
1.39908e-07 -3.98784e-11
1.39746e-07 -4.24994e-11
1.39785e-07 -4.41055e-11
1.39755e-07 -4.59304e-11
1.40082e-07 -4.65724e-11
1.40176e-07 -4.62825e-11
1.40005e-07 -4.65274e-11
1.40220e-07 -4.71100e-11
1.40068e-07 -4.77577e-11
1.40150e-07 -4.89145e-11
1.40483e-07 -4.95474e-11
1.40300e-07 -4.94297e-11
1.40541e-07 -4.93638e-11
1.40863e-07 -5.04937e-11
1.40710e-07 -5.27404e-11
1.40585e-07 -5.56103e-11
1.40381e-07 -5.79650e-11
1.40449e-07 -5.93457e-11
1.40082e-07 -6.08529e-11
1.40255e-07 -6.21533e-11
1.40603e-07 -6.41458e-11
1.40580e-07 -6.54345e-11
1.40703e-07 -6.65113e-11
1.40682e-07 -6.76182e-11
1.40781e-07 -6.88891e-11
1.40875e-07 -6.93048e-11
1.41015e-07 -6.93564e-11
1.41023e-07 -6.89309e-11
1.41130e-07 -6.83270e-11
1.40998e-07 -6.69192e-11
1.41264e-07 -6.52972e-11
1.41779e-07 -6.27592e-11
1.41798e-07 -5.97407e-11
1.41844e-07 -5.85548e-11
1.42040e-07 -5.65098e-11
1.42276e-07 -5.59725e-11
1.42382e-07 -5.65437e-11
1.42317e-07 -5.58711e-11
1.42537e-07 -5.67746e-11
1.42341e-07 -5.73717e-11
1.42392e-07 -5.90444e-11
1.42693e-07 -6.00895e-11
1.42518e-07 -6.04250e-11
1.42528e-07 -5.97157e-11
1.42444e-07 -5.96867e-11
1.42756e-07 -5.99843e-11
1.42964e-07 -5.90948e-11
1.42910e-07 -5.75558e-11
1.43180e-07 -5.67255e-11
1.43230e-07 -5.70368e-11
1.43450e-07 -5.90970e-11
1.43169e-07 -6.18919e-11
1.43159e-07 -6.38893e-11
1.43377e-07 -6.56550e-11
1.43164e-07 -6.56574e-11
1.43506e-07 -6.48542e-11
1.43666e-07 -6.50425e-11
1.43450e-07 -6.45499e-11
1.43459e-07 -6.38591e-11
1.43641e-07 -6.25405e-11
1.43996e-07 -6.10600e-11
1.44142e-07 -5.87120e-11
1.44382e-07 -5.70953e-11
1.44534e-07 -5.49136e-11
1.44872e-07 -5.22561e-11
1.45053e-07 -4.91284e-11
1.44959e-07 -4.75626e-11
1.45636e-07 -4.72061e-11
1.45056e-07 -4.75793e-11
1.45206e-07 -4.71238e-11
1.45355e-07 -4.60153e-11
1.45287e-07 -4.52407e-11
1.45684e-07 -4.43426e-11
1.45752e-07 -4.33501e-11
1.45597e-07 -4.36573e-11
1.45795e-07 -4.44274e-11
1.45629e-07 -4.43295e-11
1.45907e-07 -4.42327e-11
1.46219e-07 -4.37315e-11
1.45961e-07 -4.25633e-11
1.46503e-07 -4.20421e-11
1.46326e-07 -4.24287e-11
1.46579e-07 -4.40395e-11
1.46270e-07 -4.56248e-11
1.46203e-07 -4.80582e-11
1.46387e-07 -4.98377e-11
1.46621e-07 -5.11344e-11
1.46681e-07 -5.23798e-11
1.46765e-07 -5.39511e-11
1.46518e-07 -5.52562e-11
1.46306e-07 -5.52836e-11
1.46463e-07 -5.65795e-11
1.46541e-07 -5.77321e-11
1.47021e-07 -5.67212e-11
1.47314e-07 -5.59384e-11
1.47115e-07 -5.56169e-11
1.47118e-07 -5.50429e-11
1.47321e-07 -5.45749e-11
1.47237e-07 -5.61626e-11
1.47445e-07 -5.87677e-11
1.47625e-07 -5.98930e-11
1.47393e-07 -5.86904e-11
1.47799e-07 -5.61792e-11
1.47923e-07 -5.38953e-11
1.48172e-07 -5.19832e-11
1.48367e-07 -5.09391e-11
1.48004e-07 -5.03185e-11
1.48344e-07 -4.92207e-11
1.48773e-07 -4.88338e-11
1.48501e-07 -4.95273e-11
1.48924e-07 -4.86204e-11
1.48807e-07 -4.81664e-11
1.48717e-07 -5.08989e-11
1.48617e-07 -5.46676e-11
1.48727e-07 -5.90797e-11
1.48181e-07 -6.28200e-11
1.48415e-07 -6.60145e-11
1.48425e-07 -6.83511e-11
1.48556e-07 -6.84158e-11
1.48848e-07 -6.70534e-11
1.48796e-07 -6.62361e-11
1.48775e-07 -6.62401e-11
1.48651e-07 -6.55774e-11
1.49068e-07 -6.52158e-11
1.49056e-07 -6.61320e-11
1.49367e-07 -6.67055e-11
1.49306e-07 -6.68254e-11
1.49475e-07 -6.72392e-11
1.49416e-07 -6.77375e-11
1.49295e-07 -6.96071e-11
1.49626e-07 -7.28146e-11
1.49352e-07 -7.62151e-11
1.49526e-07 -7.87101e-11
1.49198e-07 -7.91083e-11
1.49644e-07 -7.99271e-11
1.49608e-07 -8.04297e-11
1.49756e-07 -8.11498e-11
1.49657e-07 -8.31472e-11
1.49508e-07 -8.58591e-11
1.49481e-07 -8.84544e-11
1.49535e-07 -9.07493e-11
1.49722e-07 -9.26973e-11
1.49658e-07 -9.39386e-11
1.49422e-07 -9.24629e-11
1.49798e-07 -8.98869e-11
1.50053e-07 -8.82145e-11
1.50305e-07 -8.55203e-11
1.50458e-07 -8.29039e-11
1.50739e-07 -7.93745e-11
1.50864e-07 -7.73115e-11
1.50828e-07 -7.53890e-11
1.51148e-07 -7.41175e-11
1.51370e-07 -7.45649e-11
1.51380e-07 -7.43803e-11
1.51153e-07 -7.53254e-11
1.51270e-07 -7.59670e-11
1.51525e-07 -7.55270e-11
1.51264e-07 -7.52410e-11
1.51612e-07 -7.61464e-11
1.51273e-07 -7.57600e-11
1.51951e-07 -7.37782e-11
1.51746e-07 -7.14354e-11
1.52161e-07 -7.06831e-11
1.52281e-07 -7.05053e-11
1.52516e-07 -6.97132e-11
1.52147e-07 -6.92369e-11
1.52621e-07 -6.96000e-11
1.52316e-07 -7.07449e-11
1.52622e-07 -7.15774e-11
1.52698e-07 -7.39124e-11
1.52696e-07 -7.50205e-11
1.53335e-07 -7.35222e-11
1.53308e-07 -7.14076e-11
1.53048e-07 -6.95057e-11
1.53298e-07 -6.84199e-11
1.53257e-07 -6.89909e-11
1.53390e-07 -7.08431e-11
1.53544e-07 -7.23829e-11
1.53543e-07 -7.42851e-11
1.53195e-07 -7.77620e-11
1.53305e-07 -8.10577e-11
1.53371e-07 -8.27429e-11
1.53389e-07 -8.41485e-11
1.53609e-07 -8.60041e-11
1.53375e-07 -8.82872e-11
1.53006e-07 -8.97661e-11
1.53286e-07 -9.09704e-11
1.53361e-07 -9.13519e-11
1.53449e-07 -9.04507e-11
1.53431e-07 -8.94013e-11
1.53733e-07 -8.96139e-11
1.54379e-07 -8.97759e-11
1.54150e-07 -9.07897e-11
1.53683e-07 -9.20261e-11
1.53871e-07 -9.36697e-11
1.53825e-07 -9.48399e-11
1.53807e-07 -9.61386e-11
1.53667e-07 -9.70416e-11
1.54091e-07 -9.62026e-11
1.54361e-07 -9.54993e-11
1.54352e-07 -9.56377e-11
1.54703e-07 -9.77223e-11
1.54372e-07 -9.89749e-11
1.54782e-07 -9.89734e-11
1.54388e-07 -9.76842e-11
1.54434e-07 -9.55245e-11
1.54843e-07 -9.56304e-11
1.54831e-07 -9.56825e-11
1.55105e-07 -9.62850e-11
1.54463e-07 -9.74995e-11
1.54635e-07 -1.00310e-10
1.54508e-07 -1.02123e-10
1.55037e-07 -1.04382e-10
1.55051e-07 -1.06797e-10
1.54922e-07 -1.09501e-10
1.54908e-07 -1.10922e-10
1.54751e-07 -1.11481e-10
1.54986e-07 -1.13135e-10
1.54989e-07 -1.14618e-10
1.55139e-07 -1.16266e-10
1.55322e-07 -1.17293e-10
1.55343e-07 -1.16701e-10
1.55425e-07 -1.16598e-10
1.55445e-07 -1.16940e-10
1.55457e-07 -1.18151e-10
1.55420e-07 -1.18355e-10
1.55494e-07 -1.18314e-10
1.55709e-07 -1.20177e-10
1.55504e-07 -1.22306e-10
1.55618e-07 -1.23308e-10
1.55709e-07 -1.24196e-10
1.55968e-07 -1.25274e-10
1.55871e-07 -1.25500e-10
1.55740e-07 -1.24586e-10
1.56137e-07 -1.23362e-10
1.56454e-07 -1.22284e-10
1.56573e-07 -1.21660e-10
1.56402e-07 -1.21883e-10
1.56565e-07 -1.22516e-10
1.56443e-07 -1.23136e-10
1.56544e-07 -1.25183e-10
1.56684e-07 -1.27318e-10
1.56560e-07 -1.27281e-10
1.56886e-07 -1.27053e-10
1.56580e-07 -1.26179e-10
1.56972e-07 -1.25380e-10
1.57224e-07 -1.24526e-10
1.57356e-07 -1.23430e-10
1.57236e-07 -1.21967e-10
1.57448e-07 -1.20699e-10
1.57594e-07 -1.18987e-10
1.57882e-07 -1.15210e-10
1.57942e-07 -1.12211e-10
1.58434e-07 -1.09345e-10
1.58659e-07 -1.06543e-10
1.58643e-07 -1.04994e-10
1.58816e-07 -1.04295e-10
1.58653e-07 -1.05037e-10
1.58799e-07 -1.05776e-10
1.58879e-07 -1.07287e-10
1.58974e-07 -1.07208e-10
1.58976e-07 -1.07776e-10
1.58861e-07 -1.08165e-10
1.58948e-07 -1.09944e-10
1.59014e-07 -1.13625e-10
1.59073e-07 -1.16082e-10
1.58903e-07 -1.18862e-10
1.59207e-07 -1.21353e-10
1.59046e-07 -1.22457e-10
1.58873e-07 -1.22137e-10
1.59216e-07 -1.22871e-10
1.59272e-07 -1.22695e-10
1.59474e-07 -1.22754e-10
1.59245e-07 -1.24682e-10
1.59144e-07 -1.25229e-10
1.59447e-07 -1.25945e-10
1.59581e-07 -1.27102e-10
1.59299e-07 -1.27456e-10
1.59511e-07 -1.25357e-10
1.59664e-07 -1.23284e-10
1.60114e-07 -1.21874e-10
1.60589e-07 -1.20001e-10
1.60252e-07 -1.18019e-10
1.60319e-07 -1.16007e-10
1.60758e-07 -1.16489e-10
1.60400e-07 -1.17553e-10
1.60372e-07 -1.18027e-10
1.60642e-07 -1.19051e-10
1.60602e-07 -1.21340e-10
1.60597e-07 -1.22846e-10
1.60636e-07 -1.24572e-10
1.60813e-07 -1.26349e-10
1.60614e-07 -1.27315e-10
1.60579e-07 -1.29590e-10
1.60596e-07 -1.32008e-10
1.60672e-07 -1.32399e-10
1.60598e-07 -1.32606e-10
1.60912e-07 -1.32245e-10
1.61226e-07 -1.32399e-10
1.61172e-07 -1.32563e-10
1.61142e-07 -1.33693e-10
1.61131e-07 -1.35616e-10
1.61221e-07 -1.38064e-10
1.61443e-07 -1.40508e-10
1.61205e-07 -1.42343e-10
1.61201e-07 -1.42689e-10
1.61345e-07 -1.44076e-10
1.61332e-07 -1.43808e-10
1.61594e-07 -1.43445e-10
1.61662e-07 -1.42942e-10
1.62204e-07 -1.42553e-10
1.61884e-07 -1.43004e-10
1.62137e-07 -1.44573e-10
1.61881e-07 -1.44941e-10
1.61741e-07 -1.44114e-10
1.61796e-07 -1.42752e-10
1.62290e-07 -1.41606e-10
1.62563e-07 -1.40337e-10
1.62470e-07 -1.39934e-10
1.62631e-07 -1.40310e-10
1.62374e-07 -1.40548e-10
1.62597e-07 -1.40709e-10
1.62519e-07 -1.40306e-10
1.62894e-07 -1.40297e-10
1.63039e-07 -1.41457e-10
1.62573e-07 -1.42741e-10
1.62606e-07 -1.44391e-10
1.62945e-07 -1.46651e-10
1.62852e-07 -1.49496e-10
1.62959e-07 -1.52925e-10
1.63033e-07 -1.56094e-10
1.62855e-07 -1.56621e-10
1.62988e-07 -1.56638e-10
1.63356e-07 -1.56625e-10
1.62885e-07 -1.55710e-10
1.63241e-07 -1.55337e-10
1.63010e-07 -1.56138e-10
1.63182e-07 -1.55900e-10
1.63640e-07 -1.55504e-10
1.63725e-07 -1.54845e-10
1.63617e-07 -1.54024e-10
1.63512e-07 -1.54342e-10
1.63640e-07 -1.54184e-10
1.64042e-07 -1.56436e-10
1.63671e-07 -1.58467e-10
1.63781e-07 -1.60112e-10
1.63944e-07 -1.61883e-10
1.64098e-07 -1.62521e-10
1.64106e-07 -1.62658e-10
1.64156e-07 -1.61577e-10
1.63969e-07 -1.59848e-10
1.64598e-07 -1.57154e-10
1.64660e-07 -1.53804e-10
1.65066e-07 -1.51286e-10
1.64978e-07 -1.50060e-10
1.65289e-07 -1.49391e-10
1.65157e-07 -1.49504e-10
1.65333e-07 -1.50390e-10
1.65439e-07 -1.50618e-10
1.65528e-07 -1.51367e-10
1.65642e-07 -1.52243e-10
1.65661e-07 -1.53381e-10
1.65642e-07 -1.54201e-10
1.65495e-07 -1.55358e-10
1.65439e-07 -1.56987e-10
1.65630e-07 -1.57869e-10
1.65642e-07 -1.58038e-10
1.66028e-07 -1.56826e-10
1.66160e-07 -1.55553e-10
1.65994e-07 -1.54481e-10
1.66266e-07 -1.53089e-10
1.66518e-07 -1.53775e-10
1.66401e-07 -1.54583e-10
1.66136e-07 -1.56933e-10
1.66078e-07 -1.59894e-10
1.66355e-07 -1.62302e-10
1.66761e-07 -1.63386e-10
1.66761e-07 -1.63973e-10
1.66455e-07 -1.63364e-10
1.66385e-07 -1.62695e-10
1.66469e-07 -1.63761e-10
1.66830e-07 -1.64277e-10
1.67025e-07 -1.63805e-10
1.67002e-07 -1.63326e-10
1.67215e-07 -1.62235e-10
1.67091e-07 -1.62802e-10
1.67186e-07 -1.62972e-10
1.67528e-07 -1.61704e-10
1.67545e-07 -1.60425e-10
1.67413e-07 -1.59496e-10
1.67661e-07 -1.58813e-10
1.67516e-07 -1.60546e-10
1.67612e-07 -1.62243e-10
1.67859e-07 -1.63314e-10
1.67891e-07 -1.64095e-10
1.67808e-07 -1.63527e-10
1.67538e-07 -1.63662e-10
1.67833e-07 -1.65121e-10
1.68166e-07 -1.67759e-10
1.68201e-07 -1.68955e-10
1.68337e-07 -1.70523e-10
1.68179e-07 -1.73200e-10
1.68525e-07 -1.74523e-10
1.68240e-07 -1.76347e-10
1.68356e-07 -1.76372e-10
1.68112e-07 -1.76412e-10
1.68341e-07 -1.75442e-10
1.68481e-07 -1.74688e-10
1.68646e-07 -1.74975e-10
1.68440e-07 -1.74162e-10
1.69164e-07 -1.71765e-10
1.68794e-07 -1.69400e-10
1.69312e-07 -1.66524e-10
1.69435e-07 -1.63050e-10
1.70014e-07 -1.59882e-10
1.70021e-07 -1.57014e-10
1.70337e-07 -1.55453e-10
1.70188e-07 -1.53456e-10
1.70325e-07 -1.52073e-10
1.70539e-07 -1.50462e-10
1.70404e-07 -1.49192e-10
1.70623e-07 -1.50676e-10
1.70842e-07 -1.52264e-10
1.70729e-07 -1.52743e-10
1.70874e-07 -1.53351e-10
1.71029e-07 -1.54697e-10
1.70690e-07 -1.56102e-10
1.70637e-07 -1.56405e-10
1.71107e-07 -1.57349e-10
1.70749e-07 -1.59194e-10
1.70798e-07 -1.60534e-10
1.71057e-07 -1.61364e-10
1.71415e-07 -1.61040e-10
1.71174e-07 -1.61180e-10
1.71092e-07 -1.60801e-10
1.71192e-07 -1.60262e-10
1.71500e-07 -1.59918e-10
1.71570e-07 -1.59847e-10
1.71903e-07 -1.61153e-10
1.71512e-07 -1.62856e-10
1.71629e-07 -1.63638e-10
1.71826e-07 -1.65156e-10
1.71659e-07 -1.67708e-10
1.71636e-07 -1.68675e-10
1.71972e-07 -1.68785e-10
1.71894e-07 -1.68064e-10
1.71876e-07 -1.67843e-10
1.72193e-07 -1.67070e-10
1.72324e-07 -1.65269e-10
1.72351e-07 -1.65086e-10
1.72620e-07 -1.63358e-10
1.72740e-07 -1.61689e-10
1.72696e-07 -1.59240e-10
1.72914e-07 -1.58433e-10
1.73276e-07 -1.57926e-10
1.73089e-07 -1.57477e-10
1.73427e-07 -1.58101e-10
1.73358e-07 -1.58553e-10
1.73446e-07 -1.59974e-10
1.73391e-07 -1.61199e-10
1.73579e-07 -1.60359e-10
1.73617e-07 -1.57041e-10
1.73875e-07 -1.54016e-10
1.74100e-07 -1.52510e-10
1.74029e-07 -1.51628e-10
1.74435e-07 -1.50915e-10
1.74257e-07 -1.51359e-10
1.74185e-07 -1.53750e-10
1.74501e-07 -1.54874e-10
1.74412e-07 -1.56495e-10
1.74258e-07 -1.58831e-10
1.74527e-07 -1.61933e-10
1.73946e-07 -1.64752e-10
1.74488e-07 -1.68118e-10
1.74193e-07 -1.71593e-10
1.74115e-07 -1.73508e-10
1.74226e-07 -1.74584e-10
1.74303e-07 -1.72885e-10
1.75008e-07 -1.69932e-10
1.75111e-07 -1.66966e-10
1.75053e-07 -1.66092e-10
1.75053e-07 -1.65078e-10
1.75274e-07 -1.64408e-10
1.75374e-07 -1.64704e-10
1.75509e-07 -1.65011e-10
1.75160e-07 -1.65259e-10
1.75331e-07 -1.64831e-10
1.75534e-07 -1.65009e-10
1.75390e-07 -1.65825e-10
1.75729e-07 -1.66422e-10
1.75371e-07 -1.67352e-10
1.75725e-07 -1.69304e-10
1.75617e-07 -1.70641e-10
1.75841e-07 -1.71519e-10
1.75641e-07 -1.71399e-10
1.76033e-07 -1.70370e-10
1.76043e-07 -1.69545e-10
1.76184e-07 -1.69389e-10
1.75851e-07 -1.69839e-10
1.76358e-07 -1.70294e-10
1.76472e-07 -1.72566e-10
1.76469e-07 -1.75856e-10
1.76574e-07 -1.78519e-10
1.76531e-07 -1.82062e-10
1.76467e-07 -1.83707e-10
1.76441e-07 -1.84644e-10
1.76359e-07 -1.83995e-10
1.76613e-07 -1.84137e-10
1.76371e-07 -1.85246e-10
1.76617e-07 -1.86051e-10
1.76895e-07 -1.86062e-10
1.76554e-07 -1.85622e-10
1.76652e-07 -1.83477e-10
1.76884e-07 -1.80766e-10
1.77226e-07 -1.79260e-10
1.77512e-07 -1.78648e-10
1.77463e-07 -1.78926e-10
1.77507e-07 -1.80081e-10
1.77376e-07 -1.82710e-10
1.77258e-07 -1.85476e-10
1.77202e-07 -1.88091e-10
1.77363e-07 -1.91288e-10
1.77553e-07 -1.92376e-10
1.77468e-07 -1.92122e-10
1.77850e-07 -1.90711e-10
1.77644e-07 -1.90645e-10
1.77687e-07 -1.90288e-10
1.77983e-07 -1.88873e-10
1.78260e-07 -1.87661e-10
1.78535e-07 -1.86610e-10
1.78776e-07 -1.85443e-10
1.78204e-07 -1.85555e-10
1.78483e-07 -1.87248e-10
1.78329e-07 -1.88661e-10
1.78490e-07 -1.89548e-10
1.78571e-07 -1.90301e-10
1.78536e-07 -1.90597e-10
1.78562e-07 -1.91375e-10
1.78422e-07 -1.94831e-10
1.78525e-07 -1.98901e-10
1.78393e-07 -2.01319e-10
1.78543e-07 -2.02199e-10
1.78710e-07 -2.03045e-10
1.78512e-07 -2.05649e-10
1.78721e-07 -2.08284e-10
1.78494e-07 -2.09801e-10
1.78804e-07 -2.10934e-10
1.78541e-07 -2.12235e-10
1.78825e-07 -2.14362e-10
1.78819e-07 -2.15706e-10
1.78684e-07 -2.16544e-10
1.79215e-07 -2.16228e-10
1.79055e-07 -2.15340e-10
1.79332e-07 -2.14261e-10
1.79504e-07 -2.12822e-10
1.79378e-07 -2.12589e-10
1.79392e-07 -2.12868e-10
1.79420e-07 -2.12205e-10
1.79507e-07 -2.10575e-10
1.79960e-07 -2.08311e-10
1.80298e-07 -2.06560e-10
1.80329e-07 -2.05152e-10
1.80451e-07 -2.02739e-10
1.80514e-07 -2.00290e-10
1.80709e-07 -1.99796e-10
1.80872e-07 -2.00639e-10
1.80816e-07 -2.03233e-10
1.80622e-07 -2.05819e-10
1.80710e-07 -2.08087e-10
1.80642e-07 -2.10396e-10
1.80563e-07 -2.12981e-10
1.80737e-07 -2.14897e-10
1.80565e-07 -2.15932e-10
1.80642e-07 -2.16526e-10
1.81025e-07 -2.16233e-10
1.81190e-07 -2.15158e-10
1.81004e-07 -2.12955e-10
1.81224e-07 -2.10826e-10
1.81685e-07 -2.08988e-10
1.81584e-07 -2.06922e-10
1.81602e-07 -2.05973e-10
1.81931e-07 -2.05650e-10
1.81632e-07 -2.06606e-10
1.81924e-07 -2.07977e-10
1.81505e-07 -2.10422e-10
1.82018e-07 -2.12121e-10
1.81933e-07 -2.13069e-10
1.81854e-07 -2.15313e-10
1.82285e-07 -2.17234e-10
1.82191e-07 -2.17954e-10
1.82300e-07 -2.19211e-10
1.82226e-07 -2.21199e-10
1.82197e-07 -2.22454e-10
1.82309e-07 -2.22959e-10
1.82206e-07 -2.25831e-10
1.81990e-07 -2.31487e-10
1.82036e-07 -2.34397e-10
1.82049e-07 -2.34613e-10
1.82009e-07 -2.32678e-10
1.81926e-07 -2.28452e-10
1.82705e-07 -2.22347e-10
1.83035e-07 -2.14018e-10
1.83841e-07 -2.03085e-10
1.84250e-07 -1.89698e-10
1.85180e-07 -1.75650e-10
1.85623e-07 -1.60400e-10
1.86092e-07 -1.45425e-10
1.86956e-07 -1.32294e-10
1.87311e-07 -1.21996e-10
1.87770e-07 -1.14352e-10
1.87883e-07 -1.09445e-10
1.88118e-07 -1.07587e-10
1.88230e-07 -1.11191e-10
1.88093e-07 -1.16001e-10
1.87616e-07 -1.20123e-10
1.87642e-07 -1.25118e-10
1.87721e-07 -1.30759e-10
1.87263e-07 -1.36433e-10
1.87574e-07 -1.41514e-10
1.87271e-07 -1.45567e-10
1.87105e-07 -1.47691e-10
1.87560e-07 -1.47919e-10
1.87440e-07 -1.47427e-10
1.87641e-07 -1.46616e-10
1.87582e-07 -1.45426e-10
1.87866e-07 -1.43946e-10
1.88110e-07 -1.41768e-10
1.88173e-07 -1.40357e-10
1.88282e-07 -1.40427e-10
1.88418e-07 -1.40231e-10
1.88510e-07 -1.40785e-10
1.88188e-07 -1.41086e-10
1.88372e-07 -1.42410e-10
1.88206e-07 -1.44658e-10
1.88478e-07 -1.46484e-10
1.88436e-07 -1.47939e-10
1.88314e-07 -1.49476e-10
1.88716e-07 -1.50195e-10
1.88798e-07 -1.49742e-10
1.88978e-07 -1.49086e-10
1.89134e-07 -1.48751e-10
1.89309e-07 -1.48420e-10
1.89367e-07 -1.46651e-10
1.89153e-07 -1.46058e-10
1.89498e-07 -1.45079e-10
1.89607e-07 -1.44900e-10
1.89645e-07 -1.44347e-10
1.89797e-07 -1.42859e-10
1.89881e-07 -1.42796e-10
1.89805e-07 -1.43342e-10
1.89822e-07 -1.43970e-10
1.90067e-07 -1.44751e-10
1.90134e-07 -1.45107e-10
1.90125e-07 -1.45790e-10
1.89902e-07 -1.46728e-10
1.90051e-07 -1.47393e-10
1.90438e-07 -1.48502e-10
1.90322e-07 -1.50587e-10
1.89977e-07 -1.53343e-10
1.90219e-07 -1.56816e-10
1.90242e-07 -1.59006e-10
1.90077e-07 -1.60943e-10
1.90374e-07 -1.61954e-10
1.90355e-07 -1.62771e-10
1.90451e-07 -1.62916e-10
1.90437e-07 -1.63661e-10
1.90614e-07 -1.64950e-10
1.90526e-07 -1.64525e-10
1.91149e-07 -1.63351e-10
1.90748e-07 -1.62628e-10
1.91034e-07 -1.62656e-10
1.90858e-07 -1.62863e-10
1.91201e-07 -1.63493e-10
1.91206e-07 -1.63470e-10
1.91152e-07 -1.63778e-10
1.91244e-07 -1.65161e-10
1.91189e-07 -1.65177e-10
1.91412e-07 -1.63908e-10
1.91472e-07 -1.62013e-10
1.91736e-07 -1.60559e-10
1.91611e-07 -1.60236e-10
1.91778e-07 -1.59414e-10
1.91963e-07 -1.59081e-10
1.91949e-07 -1.58348e-10
1.92247e-07 -1.57474e-10
1.92003e-07 -1.56868e-10
1.92442e-07 -1.57402e-10
1.92782e-07 -1.58402e-10
1.92472e-07 -1.59474e-10
1.92559e-07 -1.61703e-10
1.92505e-07 -1.64004e-10
1.92647e-07 -1.66085e-10
1.92573e-07 -1.68536e-10
1.92605e-07 -1.72024e-10
1.92607e-07 -1.73473e-10
1.92562e-07 -1.75232e-10
1.92328e-07 -1.78907e-10
1.92271e-07 -1.81729e-10
1.92256e-07 -1.83968e-10
1.92423e-07 -1.84610e-10
1.92606e-07 -1.84197e-10
1.92772e-07 -1.84180e-10
1.92807e-07 -1.85158e-10
1.92595e-07 -1.86823e-10
1.92825e-07 -1.88456e-10
1.93065e-07 -1.88605e-10
1.93162e-07 -1.88387e-10
1.93103e-07 -1.89389e-10
1.93288e-07 -1.90317e-10
1.92991e-07 -1.91175e-10
1.93112e-07 -1.92767e-10
1.93370e-07 -1.94895e-10
1.93401e-07 -1.95123e-10
1.93362e-07 -1.94628e-10
1.93263e-07 -1.93558e-10
1.93851e-07 -1.91085e-10
1.93638e-07 -1.88472e-10
1.93721e-07 -1.86822e-10
1.93885e-07 -1.86100e-10
1.94097e-07 -1.86333e-10
1.94390e-07 -1.85473e-10
1.94203e-07 -1.84836e-10
1.94476e-07 -1.83373e-10
1.94779e-07 -1.81068e-10
1.94698e-07 -1.79492e-10
1.94969e-07 -1.78063e-10
1.95252e-07 -1.76333e-10
1.95127e-07 -1.75788e-10
1.94854e-07 -1.77180e-10
1.95232e-07 -1.78657e-10
1.95441e-07 -1.79365e-10
1.95172e-07 -1.80640e-10
1.95283e-07 -1.82781e-10
1.95246e-07 -1.85453e-10
1.95153e-07 -1.87744e-10
1.95302e-07 -1.90442e-10
1.95338e-07 -1.92707e-10
1.95609e-07 -1.93488e-10
1.95506e-07 -1.93710e-10
1.95595e-07 -1.95365e-10
1.95479e-07 -1.95795e-10
1.95685e-07 -1.96620e-10
1.95558e-07 -1.98092e-10
1.95269e-07 -1.97947e-10
1.95270e-07 -1.97424e-10
1.95609e-07 -1.98967e-10
1.95643e-07 -2.01755e-10
1.95662e-07 -2.04679e-10
1.95664e-07 -2.06550e-10
1.95944e-07 -2.07107e-10
1.95931e-07 -2.07086e-10
1.96145e-07 -2.05801e-10
1.96143e-07 -2.05097e-10
1.96023e-07 -2.04503e-10
1.95908e-07 -2.04327e-10
1.96514e-07 -2.04436e-10
1.96615e-07 -2.04010e-10
1.96232e-07 -2.03629e-10
1.96647e-07 -2.02837e-10
1.96671e-07 -2.03386e-10
1.96737e-07 -2.04477e-10
1.96761e-07 -2.04776e-10
1.96948e-07 -2.05391e-10
1.96897e-07 -2.07495e-10
1.96774e-07 -2.10858e-10
1.96592e-07 -2.13584e-10
1.97058e-07 -2.15171e-10
1.96970e-07 -2.15482e-10
1.97150e-07 -2.15447e-10
1.97256e-07 -2.15234e-10
1.97013e-07 -2.16191e-10
1.97046e-07 -2.15692e-10
1.97334e-07 -2.16767e-10
1.97386e-07 -2.17523e-10
1.97105e-07 -2.18139e-10
1.97674e-07 -2.18730e-10
1.97644e-07 -2.19028e-10
1.97550e-07 -2.19549e-10
1.97355e-07 -2.19978e-10
1.97827e-07 -2.20849e-10
1.97551e-07 -2.21491e-10
1.97932e-07 -2.21779e-10
1.97872e-07 -2.22475e-10
1.98111e-07 -2.21817e-10
1.98139e-07 -2.20190e-10
1.98508e-07 -2.17310e-10
1.98338e-07 -2.15193e-10
1.98589e-07 -2.13828e-10
1.98603e-07 -2.12967e-10
1.98784e-07 -2.12694e-10
1.99366e-07 -2.14599e-10
1.99000e-07 -2.17289e-10
1.98832e-07 -2.19893e-10
1.98623e-07 -2.22224e-10
1.99188e-07 -2.23316e-10
1.99125e-07 -2.24802e-10
1.99097e-07 -2.25135e-10
1.98672e-07 -2.26517e-10
1.99116e-07 -2.26798e-10
1.99325e-07 -2.25484e-10
1.99103e-07 -2.23834e-10
1.99347e-07 -2.22233e-10
1.99557e-07 -2.22397e-10
1.99752e-07 -2.23492e-10
1.99669e-07 -2.25142e-10
1.99878e-07 -2.26010e-10
1.99631e-07 -2.27528e-10
1.99475e-07 -2.30294e-10
1.99659e-07 -2.32224e-10
1.99626e-07 -2.33651e-10
1.99830e-07 -2.34440e-10
1.99991e-07 -2.36058e-10
2.00055e-07 -2.36511e-10
2.00267e-07 -2.37329e-10
2.00216e-07 -2.36981e-10
2.00088e-07 -2.38447e-10
2.00454e-07 -2.39001e-10
2.00241e-07 -2.38310e-10
2.00473e-07 -2.37954e-10
2.00521e-07 -2.38869e-10
2.00309e-07 -2.40735e-10
2.00250e-07 -2.42013e-10
2.00482e-07 -2.42815e-10
2.00509e-07 -2.43096e-10
2.00499e-07 -2.43419e-10
2.00645e-07 -2.43686e-10
2.00460e-07 -2.42502e-10
2.00987e-07 -2.42188e-10
2.01304e-07 -2.43146e-10
2.01057e-07 -2.44593e-10
2.01408e-07 -2.45490e-10
2.01152e-07 -2.46787e-10
2.00943e-07 -2.48232e-10
2.01184e-07 -2.50427e-10
2.01073e-07 -2.51470e-10
2.01366e-07 -2.52120e-10
2.01418e-07 -2.51562e-10
2.01188e-07 -2.52701e-10
2.01118e-07 -2.53483e-10
2.01312e-07 -2.53264e-10
2.01717e-07 -2.51664e-10
2.01624e-07 -2.51141e-10
2.01878e-07 -2.51771e-10
2.02040e-07 -2.52468e-10
2.01685e-07 -2.52097e-10
2.01838e-07 -2.51747e-10
2.01980e-07 -2.51645e-10
2.02146e-07 -2.51670e-10
2.02456e-07 -2.51557e-10
2.02455e-07 -2.51874e-10
2.02551e-07 -2.51494e-10
2.02556e-07 -2.51369e-10
2.02514e-07 -2.50765e-10
2.02656e-07 -2.49790e-10
2.02906e-07 -2.48467e-10
2.03328e-07 -2.48930e-10
2.03255e-07 -2.48922e-10
2.03199e-07 -2.47806e-10
2.03296e-07 -2.46698e-10
2.03357e-07 -2.47980e-10
2.03550e-07 -2.49491e-10
2.03460e-07 -2.49851e-10
2.03472e-07 -2.50670e-10
2.03432e-07 -2.51285e-10
2.03810e-07 -2.51366e-10
2.03921e-07 -2.51832e-10
2.03642e-07 -2.51945e-10
2.03645e-07 -2.53249e-10
2.03919e-07 -2.54139e-10
2.03634e-07 -2.55355e-10
2.03992e-07 -2.55934e-10
2.04060e-07 -2.56453e-10
2.03979e-07 -2.58105e-10
2.04319e-07 -2.61949e-10
2.03979e-07 -2.65765e-10
2.04131e-07 -2.66801e-10
2.04183e-07 -2.66436e-10
2.04318e-07 -2.64300e-10
2.04381e-07 -2.60831e-10
2.04770e-07 -2.55131e-10
2.05193e-07 -2.47965e-10
2.05681e-07 -2.36970e-10
2.06276e-07 -2.23870e-10
2.06900e-07 -2.10868e-10
2.07360e-07 -1.98059e-10
2.07780e-07 -1.86666e-10
2.08319e-07 -1.75447e-10
2.09060e-07 -1.65364e-10
2.09331e-07 -1.57506e-10
2.09245e-07 -1.52605e-10
2.09680e-07 -1.50409e-10
2.09995e-07 -1.51830e-10
2.09691e-07 -1.53632e-10
2.09883e-07 -1.55688e-10
2.09720e-07 -1.58297e-10
2.09675e-07 -1.60565e-10
2.09672e-07 -1.63586e-10
2.09831e-07 -1.65815e-10
2.09641e-07 -1.66474e-10
2.10037e-07 -1.66014e-10
2.09928e-07 -1.65211e-10
2.10100e-07 -1.64537e-10
2.10181e-07 -1.64613e-10
2.10577e-07 -1.64019e-10
2.10249e-07 -1.62825e-10
2.10526e-07 -1.60941e-10
2.10643e-07 -1.60298e-10
2.10595e-07 -1.62171e-10
2.10892e-07 -1.63620e-10
2.10583e-07 -1.65032e-10
2.10876e-07 -1.66327e-10
2.11024e-07 -1.67809e-10
2.10770e-07 -1.69428e-10
2.10859e-07 -1.70314e-10
2.10627e-07 -1.71918e-10
2.11160e-07 -1.74277e-10
2.10886e-07 -1.75972e-10
2.10947e-07 -1.76623e-10
2.10925e-07 -1.76507e-10
2.10829e-07 -1.76609e-10
2.11469e-07 -1.76483e-10
2.11303e-07 -1.75269e-10
2.11355e-07 -1.75201e-10
2.11502e-07 -1.76194e-10
2.11234e-07 -1.79560e-10
2.11426e-07 -1.83346e-10
2.11282e-07 -1.84886e-10
2.11472e-07 -1.85207e-10
2.11417e-07 -1.84948e-10
2.11584e-07 -1.83904e-10
2.11922e-07 -1.83016e-10
2.11999e-07 -1.83855e-10
2.11847e-07 -1.85371e-10
2.11822e-07 -1.87608e-10
2.11687e-07 -1.89423e-10
2.11632e-07 -1.89237e-10
2.12116e-07 -1.89151e-10
2.12072e-07 -1.89141e-10
2.12123e-07 -1.89732e-10
2.12047e-07 -1.91508e-10
2.12083e-07 -1.94383e-10
2.12134e-07 -1.96995e-10
2.12239e-07 -1.98690e-10
2.12289e-07 -1.99388e-10
2.12394e-07 -1.99344e-10
2.12175e-07 -1.98450e-10
2.12800e-07 -1.95483e-10
2.12876e-07 -1.93054e-10
2.13035e-07 -1.92633e-10
2.13087e-07 -1.93298e-10
2.12925e-07 -1.91589e-10
2.13086e-07 -1.90984e-10
2.13161e-07 -1.90285e-10
2.13719e-07 -1.89162e-10
2.13959e-07 -1.90074e-10
2.13568e-07 -1.91444e-10
2.13315e-07 -1.92958e-10
2.13595e-07 -1.93965e-10
2.13920e-07 -1.93993e-10
2.14112e-07 -1.94207e-10
2.14118e-07 -1.94760e-10
2.13654e-07 -1.95750e-10
2.13697e-07 -1.98303e-10
2.13784e-07 -2.00529e-10
2.13751e-07 -2.01389e-10
2.13722e-07 -2.02958e-10
2.13560e-07 -2.03990e-10
2.13784e-07 -2.04059e-10
2.14255e-07 -2.04060e-10
2.13952e-07 -2.05045e-10
2.13859e-07 -2.05464e-10
2.14396e-07 -2.06632e-10
2.14450e-07 -2.07041e-10
2.14172e-07 -2.06229e-10
2.14383e-07 -2.05418e-10
2.14736e-07 -2.04614e-10
2.15108e-07 -2.03755e-10
2.14864e-07 -2.03690e-10
2.14977e-07 -2.03701e-10
2.15324e-07 -2.03420e-10
2.15273e-07 -2.04568e-10
2.15378e-07 -2.04385e-10
2.15591e-07 -2.03051e-10
2.15578e-07 -2.02571e-10
2.15504e-07 -2.02456e-10
2.15275e-07 -2.02147e-10
2.15603e-07 -2.02827e-10
2.15906e-07 -2.02412e-10
2.15984e-07 -2.02037e-10
2.15830e-07 -2.02056e-10
2.16167e-07 -2.03209e-10
2.16254e-07 -2.04428e-10
2.15971e-07 -2.05244e-10
2.16199e-07 -2.05725e-10
2.16279e-07 -2.04962e-10
2.16152e-07 -2.05682e-10
2.16583e-07 -2.07108e-10
2.16282e-07 -2.09655e-10
2.16313e-07 -2.11778e-10
2.16402e-07 -2.13653e-10
2.16263e-07 -2.15370e-10
2.16463e-07 -2.16630e-10
2.16634e-07 -2.15357e-10
2.16987e-07 -2.13980e-10
2.16571e-07 -2.14525e-10
2.16704e-07 -2.15428e-10
2.16788e-07 -2.16482e-10
2.16831e-07 -2.17737e-10
2.16963e-07 -2.18838e-10
2.17000e-07 -2.17317e-10
2.17036e-07 -2.15927e-10
2.16974e-07 -2.14464e-10
2.17278e-07 -2.13250e-10
2.17049e-07 -2.13986e-10
2.17690e-07 -2.14403e-10
2.17559e-07 -2.14633e-10
2.17931e-07 -2.13689e-10
2.18039e-07 -2.13063e-10
2.18006e-07 -2.12444e-10
2.18272e-07 -2.11436e-10
2.18429e-07 -2.11148e-10
2.18049e-07 -2.13187e-10
2.18137e-07 -2.15813e-10
2.18566e-07 -2.18228e-10
2.18196e-07 -2.19877e-10
2.18259e-07 -2.21888e-10
2.18352e-07 -2.23039e-10
2.18389e-07 -2.23390e-10
2.18176e-07 -2.23607e-10
2.18296e-07 -2.23730e-10
2.18850e-07 -2.23807e-10
2.18837e-07 -2.23089e-10
2.18527e-07 -2.22303e-10
2.18579e-07 -2.22716e-10
2.18674e-07 -2.22900e-10
2.19292e-07 -2.22363e-10
2.19446e-07 -2.21746e-10
2.19605e-07 -2.22443e-10
2.19430e-07 -2.23284e-10
2.19244e-07 -2.24248e-10
2.19203e-07 -2.25283e-10
2.19279e-07 -2.26472e-10
2.19546e-07 -2.28572e-10
2.19678e-07 -2.30672e-10
2.19734e-07 -2.31037e-10
2.19827e-07 -2.31741e-10
2.19501e-07 -2.33067e-10
2.19327e-07 -2.34700e-10
2.19369e-07 -2.36395e-10
2.19612e-07 -2.37114e-10
2.19831e-07 -2.37539e-10
2.19949e-07 -2.37085e-10
2.19961e-07 -2.34954e-10
2.20037e-07 -2.32154e-10
2.20507e-07 -2.28633e-10
2.20352e-07 -2.27032e-10
2.20756e-07 -2.26016e-10
2.20866e-07 -2.25736e-10
2.20693e-07 -2.26448e-10
2.20782e-07 -2.26875e-10
2.21032e-07 -2.28187e-10
2.20866e-07 -2.28613e-10
2.21094e-07 -2.28940e-10
2.20953e-07 -2.30860e-10
2.21058e-07 -2.33565e-10
2.20785e-07 -2.35797e-10
2.20992e-07 -2.37842e-10
2.21021e-07 -2.38219e-10
2.21533e-07 -2.38602e-10
2.21071e-07 -2.40349e-10
2.21138e-07 -2.42109e-10
2.21320e-07 -2.43820e-10
2.20958e-07 -2.44733e-10
2.21379e-07 -2.45870e-10
2.21521e-07 -2.45955e-10
2.21173e-07 -2.46843e-10
2.21271e-07 -2.48304e-10
2.21639e-07 -2.49135e-10
2.21395e-07 -2.49552e-10
2.21898e-07 -2.48005e-10
2.22097e-07 -2.47478e-10
2.21675e-07 -2.48345e-10
2.21738e-07 -2.49567e-10
2.21934e-07 -2.49867e-10
2.21941e-07 -2.49818e-10
2.22195e-07 -2.50899e-10
2.22198e-07 -2.51773e-10
2.22117e-07 -2.53065e-10
2.22167e-07 -2.53903e-10
2.22384e-07 -2.55275e-10
2.22451e-07 -2.55929e-10
2.22388e-07 -2.55943e-10
2.22413e-07 -2.56352e-10
2.22210e-07 -2.57744e-10
2.22199e-07 -2.59298e-10
2.22433e-07 -2.60729e-10
2.22541e-07 -2.61186e-10
2.22949e-07 -2.60371e-10
2.22670e-07 -2.60661e-10
2.22778e-07 -2.61434e-10
2.23050e-07 -2.62307e-10
2.22980e-07 -2.63274e-10
2.22829e-07 -2.64292e-10
2.23057e-07 -2.64416e-10
2.23140e-07 -2.64169e-10
2.23135e-07 -2.65456e-10
2.23069e-07 -2.68453e-10
2.22915e-07 -2.71841e-10
2.22822e-07 -2.75788e-10
2.22952e-07 -2.80043e-10
2.22920e-07 -2.83235e-10
2.22632e-07 -2.84185e-10
2.23094e-07 -2.83479e-10
2.23310e-07 -2.79091e-10
2.23876e-07 -2.70353e-10
2.24403e-07 -2.58555e-10
2.25066e-07 -2.45502e-10
2.25338e-07 -2.32904e-10
2.25944e-07 -2.21033e-10
2.26632e-07 -2.08661e-10
2.27184e-07 -1.95687e-10
2.27765e-07 -1.83253e-10
2.28301e-07 -1.73616e-10
2.28370e-07 -1.66415e-10
2.28782e-07 -1.63438e-10
2.28711e-07 -1.63808e-10
2.28933e-07 -1.68111e-10
2.28760e-07 -1.72790e-10
2.28465e-07 -1.76706e-10
2.28416e-07 -1.78477e-10
2.28691e-07 -1.79446e-10
2.28800e-07 -1.79078e-10
2.28949e-07 -1.77692e-10
2.29306e-07 -1.76213e-10
2.28881e-07 -1.75463e-10
2.29407e-07 -1.76484e-10
2.29182e-07 -1.77323e-10
2.29363e-07 -1.76481e-10
2.29408e-07 -1.74746e-10
2.29459e-07 -1.73307e-10
2.29706e-07 -1.72449e-10
2.29674e-07 -1.73150e-10
2.29539e-07 -1.75213e-10
2.29977e-07 -1.77101e-10
2.29603e-07 -1.78490e-10
2.29778e-07 -1.78743e-10
2.29860e-07 -1.78865e-10
2.29807e-07 -1.78768e-10
2.30284e-07 -1.79626e-10
2.29830e-07 -1.80127e-10
2.30250e-07 -1.80362e-10
2.30217e-07 -1.81424e-10
2.30123e-07 -1.83249e-10
2.29992e-07 -1.84332e-10
2.30593e-07 -1.83790e-10
2.30597e-07 -1.82428e-10
2.30862e-07 -1.81920e-10
2.30696e-07 -1.81635e-10
2.31042e-07 -1.81557e-10
2.31279e-07 -1.81411e-10
2.31242e-07 -1.80581e-10
2.31022e-07 -1.80120e-10
2.30925e-07 -1.79797e-10
2.30776e-07 -1.80748e-10
2.31509e-07 -1.84236e-10
2.31232e-07 -1.87936e-10
2.31409e-07 -1.91199e-10
2.31080e-07 -1.93683e-10
2.30988e-07 -1.97072e-10
2.31029e-07 -2.00519e-10
2.31215e-07 -2.01840e-10
2.31071e-07 -2.01463e-10
2.31174e-07 -2.01022e-10
2.31575e-07 -2.01432e-10
2.31663e-07 -2.01252e-10
2.31675e-07 -1.99404e-10
2.31787e-07 -1.97686e-10
2.31800e-07 -1.95232e-10
2.31808e-07 -1.94157e-10
2.32044e-07 -1.93982e-10
2.32380e-07 -1.94633e-10
2.32288e-07 -1.96050e-10
2.32165e-07 -1.98322e-10
2.32322e-07 -2.00236e-10
2.32261e-07 -2.01560e-10
2.32233e-07 -2.02586e-10
2.32445e-07 -2.03145e-10
2.32459e-07 -2.01623e-10
2.32571e-07 -2.00206e-10
2.32924e-07 -1.99230e-10
2.33122e-07 -1.98048e-10
2.33165e-07 -1.98122e-10
2.32867e-07 -1.97173e-10
2.33326e-07 -1.95998e-10
2.33130e-07 -1.96313e-10
2.33253e-07 -1.97739e-10
2.33250e-07 -1.99900e-10
2.33270e-07 -2.01206e-10
2.33549e-07 -2.02001e-10
2.33471e-07 -2.02023e-10
2.33468e-07 -2.03201e-10
2.33668e-07 -2.05589e-10
2.33611e-07 -2.07196e-10
2.33594e-07 -2.07356e-10
2.33493e-07 -2.06636e-10
2.33705e-07 -2.05527e-10
2.33864e-07 -2.05819e-10
2.34040e-07 -2.06553e-10
2.33819e-07 -2.07457e-10
2.33914e-07 -2.10194e-10
2.33734e-07 -2.12390e-10
2.33981e-07 -2.13328e-10
2.34186e-07 -2.14751e-10
2.34015e-07 -2.16540e-10
2.34086e-07 -2.16685e-10
2.34299e-07 -2.16067e-10
2.34362e-07 -2.15718e-10
2.34510e-07 -2.16633e-10
2.34406e-07 -2.17574e-10
2.34445e-07 -2.18102e-10
2.34449e-07 -2.19539e-10
2.34563e-07 -2.19722e-10
2.34784e-07 -2.20250e-10
2.34626e-07 -2.21447e-10
2.34793e-07 -2.21940e-10
2.34933e-07 -2.23224e-10
2.34992e-07 -2.24621e-10
2.34837e-07 -2.26126e-10
2.35284e-07 -2.26488e-10
2.35103e-07 -2.25949e-10
2.35238e-07 -2.25824e-10
2.35293e-07 -2.26035e-10
2.35599e-07 -2.25357e-10
2.35482e-07 -2.24813e-10
2.35495e-07 -2.24578e-10
2.35778e-07 -2.24304e-10
2.35843e-07 -2.24078e-10
2.35807e-07 -2.25658e-10
2.35522e-07 -2.27553e-10
2.35862e-07 -2.28765e-10
2.35676e-07 -2.30105e-10
2.35937e-07 -2.31432e-10
2.36049e-07 -2.31669e-10
2.35954e-07 -2.33695e-10
2.35757e-07 -2.35587e-10
2.35756e-07 -2.35677e-10
2.36229e-07 -2.35092e-10
2.36241e-07 -2.34175e-10
2.36473e-07 -2.33412e-10
2.36346e-07 -2.32788e-10
2.36427e-07 -2.32236e-10
2.36575e-07 -2.32461e-10
2.36771e-07 -2.33625e-10
2.36690e-07 -2.35418e-10
2.36437e-07 -2.37348e-10
2.36613e-07 -2.38764e-10
2.36835e-07 -2.40043e-10
2.36730e-07 -2.41493e-10
2.36902e-07 -2.42997e-10
2.37020e-07 -2.43031e-10
2.37274e-07 -2.42755e-10
2.37184e-07 -2.43147e-10
2.37098e-07 -2.43097e-10
2.37331e-07 -2.43100e-10
2.37334e-07 -2.44175e-10
2.37356e-07 -2.45163e-10
2.37230e-07 -2.44988e-10
2.37451e-07 -2.45170e-10
2.37562e-07 -2.47306e-10
2.37244e-07 -2.50628e-10
2.37164e-07 -2.53502e-10
2.37336e-07 -2.54745e-10
2.37717e-07 -2.55447e-10
2.37765e-07 -2.56845e-10
2.37254e-07 -2.58539e-10
2.37470e-07 -2.59663e-10
2.37547e-07 -2.59900e-10
2.38044e-07 -2.58181e-10
2.38150e-07 -2.55839e-10
2.38011e-07 -2.54242e-10
2.38195e-07 -2.54128e-10
2.38122e-07 -2.54970e-10
2.38548e-07 -2.54614e-10
2.38762e-07 -2.52193e-10
2.38618e-07 -2.49156e-10
2.38633e-07 -2.48390e-10
2.39357e-07 -2.49332e-10
2.38930e-07 -2.50782e-10
2.38740e-07 -2.50794e-10
2.39145e-07 -2.51299e-10
2.39106e-07 -2.52602e-10
2.38912e-07 -2.53926e-10
2.38710e-07 -2.55126e-10
2.39420e-07 -2.55571e-10
2.39477e-07 -2.55494e-10
2.39553e-07 -2.53960e-10
2.39828e-07 -2.51755e-10
2.39850e-07 -2.50691e-10
2.39908e-07 -2.51233e-10
2.39691e-07 -2.52358e-10
2.40516e-07 -2.52049e-10
2.40192e-07 -2.52392e-10
2.40144e-07 -2.54062e-10
2.39952e-07 -2.55979e-10
2.40163e-07 -2.58867e-10
2.39709e-07 -2.62361e-10
2.40071e-07 -2.65028e-10
2.39854e-07 -2.67604e-10
2.39821e-07 -2.70835e-10
2.39589e-07 -2.73278e-10
2.39848e-07 -2.75435e-10
2.39907e-07 -2.76268e-10
2.39865e-07 -2.76975e-10
2.40015e-07 -2.75532e-10
2.40191e-07 -2.74966e-10
2.40459e-07 -2.73919e-10
2.40370e-07 -2.72857e-10
2.40507e-07 -2.72453e-10
2.40743e-07 -2.70537e-10
2.40966e-07 -2.68560e-10
2.40826e-07 -2.66732e-10
2.41056e-07 -2.64312e-10
2.41245e-07 -2.62625e-10
2.41385e-07 -2.61666e-10
2.41403e-07 -2.61313e-10
2.41737e-07 -2.61211e-10
2.41429e-07 -2.62964e-10
2.41169e-07 -2.64933e-10
2.41591e-07 -2.66721e-10
2.41639e-07 -2.68488e-10
2.41713e-07 -2.71004e-10
2.41855e-07 -2.72811e-10
2.41681e-07 -2.75982e-10
2.41474e-07 -2.78298e-10
2.41864e-07 -2.80193e-10
2.41623e-07 -2.82428e-10
2.41475e-07 -2.83804e-10
2.41486e-07 -2.84152e-10
2.41839e-07 -2.85306e-10
2.41985e-07 -2.85232e-10
2.42124e-07 -2.84783e-10
2.42313e-07 -2.85342e-10
2.42221e-07 -2.86630e-10
2.42124e-07 -2.87163e-10
2.42211e-07 -2.88038e-10
2.42422e-07 -2.89307e-10
2.42374e-07 -2.90045e-10
2.42747e-07 -2.91922e-10
2.42223e-07 -2.93819e-10
2.42454e-07 -2.94334e-10
2.42489e-07 -2.95588e-10
2.42446e-07 -2.97045e-10
2.42268e-07 -2.98435e-10
2.42154e-07 -3.00953e-10
2.42543e-07 -3.02985e-10
2.42592e-07 -3.03607e-10
2.42740e-07 -3.04377e-10
2.42679e-07 -3.04833e-10
2.42771e-07 -3.05261e-10
2.42313e-07 -3.06669e-10
2.42491e-07 -3.08279e-10
2.42696e-07 -3.08366e-10
2.42708e-07 -3.08466e-10
2.42988e-07 -3.08334e-10
2.42995e-07 -3.07913e-10
2.43496e-07 -3.08587e-10
2.43362e-07 -3.08527e-10
2.43398e-07 -3.08260e-10
2.43362e-07 -3.09812e-10
2.43440e-07 -3.11121e-10
2.43805e-07 -3.11778e-10
2.43781e-07 -3.12544e-10
2.43617e-07 -3.12930e-10
2.43549e-07 -3.13212e-10
2.43413e-07 -3.13599e-10
2.43906e-07 -3.14320e-10
2.43835e-07 -3.14634e-10
2.43861e-07 -3.15904e-10
2.44015e-07 -3.17744e-10
2.43971e-07 -3.18993e-10
2.44161e-07 -3.20562e-10
2.44168e-07 -3.20292e-10
2.44031e-07 -3.20789e-10
2.44210e-07 -3.22162e-10
2.44075e-07 -3.22485e-10
2.44222e-07 -3.22134e-10
2.44338e-07 -3.21732e-10
2.44624e-07 -3.20020e-10
2.44499e-07 -3.19455e-10
2.44976e-07 -3.19700e-10
2.44955e-07 -3.20526e-10
2.44714e-07 -3.21510e-10
2.45016e-07 -3.22306e-10
2.44689e-07 -3.24133e-10
2.45028e-07 -3.27220e-10
2.44896e-07 -3.31248e-10
2.44864e-07 -3.35890e-10
2.44381e-07 -3.40298e-10
2.44663e-07 -3.43618e-10
2.44639e-07 -3.45448e-10
2.44684e-07 -3.47805e-10
2.44769e-07 -3.49440e-10
2.44930e-07 -3.49278e-10
2.45002e-07 -3.48606e-10
2.45278e-07 -3.47695e-10
2.45087e-07 -3.47783e-10
2.45125e-07 -3.48161e-10
2.45550e-07 -3.47716e-10
2.45240e-07 -3.47863e-10
2.45105e-07 -3.47840e-10
2.45240e-07 -3.46943e-10
2.45362e-07 -3.46992e-10
2.45620e-07 -3.46957e-10
2.45600e-07 -3.47265e-10
2.45549e-07 -3.48730e-10
2.45852e-07 -3.50661e-10
2.45708e-07 -3.52289e-10
2.45728e-07 -3.54471e-10
2.45770e-07 -3.55974e-10
2.45836e-07 -3.56671e-10
2.45786e-07 -3.56941e-10
2.46113e-07 -3.56623e-10
2.45934e-07 -3.55871e-10
2.46041e-07 -3.55857e-10
2.46325e-07 -3.55400e-10
2.46135e-07 -3.55273e-10
2.46476e-07 -3.54907e-10
2.46531e-07 -3.53087e-10
2.46695e-07 -3.51782e-10
2.46721e-07 -3.51994e-10
2.46857e-07 -3.52967e-10
2.47050e-07 -3.55391e-10
2.46625e-07 -3.58430e-10
2.46738e-07 -3.59891e-10
2.46992e-07 -3.60233e-10
2.47219e-07 -3.61308e-10
2.47038e-07 -3.61977e-10
2.47143e-07 -3.62345e-10
2.47262e-07 -3.63173e-10
2.47378e-07 -3.63240e-10
2.47283e-07 -3.63050e-10
2.47304e-07 -3.63643e-10
2.47219e-07 -3.64147e-10
2.47498e-07 -3.64691e-10
2.47349e-07 -3.65299e-10
2.47523e-07 -3.67239e-10
2.47395e-07 -3.70543e-10
2.47765e-07 -3.74535e-10
2.47359e-07 -3.78865e-10
2.47539e-07 -3.82263e-10
2.47208e-07 -3.83747e-10
2.47518e-07 -3.84541e-10
2.47561e-07 -3.86342e-10
2.47804e-07 -3.89049e-10
2.47510e-07 -3.90944e-10
2.47532e-07 -3.92473e-10
2.47389e-07 -3.92226e-10
2.47734e-07 -3.90672e-10
2.47750e-07 -3.88518e-10
2.47933e-07 -3.88102e-10
2.48113e-07 -3.85924e-10
2.48127e-07 -3.83885e-10
2.48206e-07 -3.82980e-10
2.48628e-07 -3.82545e-10
2.48489e-07 -3.82294e-10
2.48429e-07 -3.83451e-10
2.48751e-07 -3.84593e-10
2.48675e-07 -3.84523e-10
2.48748e-07 -3.84993e-10
2.48762e-07 -3.88130e-10
2.48884e-07 -3.90724e-10
2.48716e-07 -3.91645e-10
2.48757e-07 -3.92168e-10
2.49050e-07 -3.92277e-10
2.49079e-07 -3.91123e-10
2.49280e-07 -3.91294e-10
2.49373e-07 -3.92183e-10
2.49470e-07 -3.93126e-10
2.49247e-07 -3.93205e-10
2.49327e-07 -3.95122e-10
2.49673e-07 -3.98236e-10
2.49271e-07 -4.00900e-10
2.49207e-07 -4.04278e-10
2.49375e-07 -4.06140e-10
2.49008e-07 -4.07254e-10
2.49465e-07 -4.08074e-10
2.49734e-07 -4.10182e-10
2.49638e-07 -4.12066e-10
2.49587e-07 -4.11081e-10
2.49483e-07 -4.10351e-10
2.49867e-07 -4.09994e-10
2.49597e-07 -4.09708e-10
2.49590e-07 -4.10985e-10
2.49629e-07 -4.11652e-10
2.49578e-07 -4.11866e-10
2.49933e-07 -4.12192e-10
2.49878e-07 -4.13334e-10
2.50207e-07 -4.15512e-10
2.50175e-07 -4.16072e-10
2.50290e-07 -4.16229e-10
2.50261e-07 -4.16684e-10
2.50203e-07 -4.16062e-10
2.50357e-07 -4.17084e-10
2.50404e-07 -4.17329e-10
2.50683e-07 -4.18053e-10
2.50630e-07 -4.18610e-10
2.50510e-07 -4.19207e-10
2.50881e-07 -4.20665e-10
2.50721e-07 -4.21782e-10
2.50699e-07 -4.23519e-10
2.50659e-07 -4.25605e-10
2.50683e-07 -4.25606e-10
2.50843e-07 -4.26495e-10
2.50962e-07 -4.27910e-10
2.50971e-07 -4.29967e-10
2.50945e-07 -4.32730e-10
2.50937e-07 -4.34206e-10
2.51112e-07 -4.36304e-10
2.50798e-07 -4.38890e-10
2.51185e-07 -4.41123e-10
2.51000e-07 -4.42973e-10
2.50962e-07 -4.43597e-10
2.50787e-07 -4.44610e-10
2.51174e-07 -4.45030e-10
2.51020e-07 -4.44880e-10
2.51330e-07 -4.43472e-10
2.51412e-07 -4.42789e-10
2.51616e-07 -4.42825e-10
2.51611e-07 -4.43088e-10
2.51440e-07 -4.43326e-10
2.51675e-07 -4.44505e-10
2.51761e-07 -4.47238e-10
2.51691e-07 -4.50297e-10
2.51852e-07 -4.52983e-10
2.51782e-07 -4.55451e-10
2.51227e-07 -4.57192e-10
2.51322e-07 -4.59879e-10
2.51544e-07 -4.62102e-10
2.52198e-07 -4.62830e-10
2.51727e-07 -4.63895e-10
2.51590e-07 -4.63600e-10
2.52028e-07 -4.62107e-10
2.52154e-07 -4.61158e-10
2.51926e-07 -4.59465e-10
2.52276e-07 -4.59265e-10
2.52643e-07 -4.59703e-10
2.52261e-07 -4.60153e-10
2.52377e-07 -4.60014e-10
2.52605e-07 -4.59925e-10
2.52617e-07 -4.60687e-10
2.52996e-07 -4.61464e-10
2.52862e-07 -4.62979e-10
2.52863e-07 -4.65505e-10
2.52742e-07 -4.66845e-10
2.52603e-07 -4.67979e-10
2.52538e-07 -4.67946e-10
2.52588e-07 -4.68296e-10
2.52959e-07 -4.70321e-10
2.53240e-07 -4.69818e-10
2.53099e-07 -4.69962e-10
2.53170e-07 -4.72041e-10
2.53012e-07 -4.73908e-10
2.52827e-07 -4.77135e-10
2.52797e-07 -4.80207e-10
2.53113e-07 -4.82646e-10
2.53053e-07 -4.84068e-10
2.53024e-07 -4.86131e-10
2.53102e-07 -4.89213e-10
2.53099e-07 -4.93337e-10
2.52939e-07 -4.96480e-10
2.52952e-07 -4.98610e-10
2.53232e-07 -4.97916e-10
2.53174e-07 -4.97066e-10
2.53116e-07 -4.96507e-10
2.53305e-07 -4.96820e-10
2.53518e-07 -4.97035e-10
2.53500e-07 -4.96160e-10
2.53539e-07 -4.97199e-10
2.53517e-07 -4.98663e-10
2.53446e-07 -4.99550e-10
2.53397e-07 -5.00926e-10
2.53851e-07 -5.01698e-10
2.54017e-07 -5.01725e-10
2.53728e-07 -5.01738e-10
2.53944e-07 -5.02020e-10
2.53941e-07 -5.03276e-10
2.53704e-07 -5.04232e-10
2.53873e-07 -5.03994e-10
2.54276e-07 -5.03481e-10
2.54158e-07 -5.02619e-10
2.54251e-07 -5.03089e-10
2.54515e-07 -5.04104e-10
2.54530e-07 -5.05647e-10
2.54310e-07 -5.09648e-10
2.54181e-07 -5.13780e-10
2.54295e-07 -5.17219e-10
2.54167e-07 -5.20666e-10
2.54305e-07 -5.24096e-10
2.54075e-07 -5.28491e-10
2.53919e-07 -5.32227e-10
2.53890e-07 -5.34812e-10
2.53885e-07 -5.36866e-10
2.54007e-07 -5.39097e-10
2.54059e-07 -5.41688e-10
2.53946e-07 -5.42965e-10
2.54028e-07 -5.42261e-10
2.54150e-07 -5.43464e-10
2.54108e-07 -5.50854e-10
2.53667e-07 -5.57976e-10
2.53665e-07 -5.60296e-10
2.53970e-07 -5.54193e-10
2.55012e-07 -5.41415e-10
2.55715e-07 -5.20151e-10
2.56600e-07 -4.92200e-10
2.57923e-07 -4.61430e-10
2.59472e-07 -4.28152e-10
2.60917e-07 -3.94348e-10
2.62115e-07 -3.59031e-10
2.63510e-07 -3.24340e-10
2.64710e-07 -2.91600e-10
2.66442e-07 -2.63033e-10
2.67427e-07 -2.40315e-10
2.67839e-07 -2.23083e-10
2.68246e-07 -2.13081e-10
2.68221e-07 -2.13190e-10
2.68162e-07 -2.21079e-10
2.68187e-07 -2.27006e-10
2.68157e-07 -2.30409e-10
2.68338e-07 -2.31894e-10
2.68167e-07 -2.33850e-10
2.67946e-07 -2.36642e-10
2.68106e-07 -2.38159e-10
2.68227e-07 -2.40188e-10
2.68037e-07 -2.42140e-10
2.68185e-07 -2.44206e-10
2.68264e-07 -2.44751e-10
2.68504e-07 -2.44891e-10
2.68332e-07 -2.43905e-10
2.68562e-07 -2.42857e-10
2.68449e-07 -2.42004e-10
2.68619e-07 -2.39992e-10
2.68936e-07 -2.37647e-10
2.69210e-07 -2.35679e-10
2.69217e-07 -2.34590e-10
2.69660e-07 -2.33411e-10
2.69384e-07 -2.33103e-10
2.69365e-07 -2.33281e-10
2.69944e-07 -2.33419e-10
2.69652e-07 -2.33544e-10
2.69617e-07 -2.33695e-10
2.69789e-07 -2.34965e-10
2.69956e-07 -2.37664e-10
2.69876e-07 -2.41378e-10
2.69683e-07 -2.43764e-10
2.69437e-07 -2.46250e-10
2.69801e-07 -2.46433e-10
2.69957e-07 -2.47290e-10
2.70093e-07 -2.48283e-10
2.69846e-07 -2.49479e-10
2.70047e-07 -2.49866e-10
2.69986e-07 -2.50194e-10
2.69931e-07 -2.50330e-10
2.70436e-07 -2.49995e-10
2.70398e-07 -2.49404e-10
2.70426e-07 -2.48260e-10
2.70472e-07 -2.47818e-10
2.70698e-07 -2.47823e-10
2.70822e-07 -2.48426e-10
2.70711e-07 -2.46550e-10
2.71252e-07 -2.44575e-10
2.71266e-07 -2.42688e-10
2.71506e-07 -2.41500e-10
2.71507e-07 -2.41960e-10
2.71196e-07 -2.42526e-10
2.71184e-07 -2.45777e-10
2.71444e-07 -2.47852e-10
2.71890e-07 -2.50303e-10
2.71467e-07 -2.51724e-10
2.71442e-07 -2.52488e-10
2.71766e-07 -2.53701e-10
2.71609e-07 -2.55644e-10
2.71541e-07 -2.57147e-10
2.71322e-07 -2.58114e-10
2.71730e-07 -2.57633e-10
2.71714e-07 -2.55883e-10
2.71913e-07 -2.52626e-10
2.72333e-07 -2.47865e-10
2.72559e-07 -2.44616e-10
2.72659e-07 -2.43567e-10
2.72558e-07 -2.46308e-10
2.72411e-07 -2.50438e-10
2.72618e-07 -2.54300e-10
2.72314e-07 -2.58045e-10
2.71898e-07 -2.60908e-10
2.72150e-07 -2.63246e-10
2.72238e-07 -2.65163e-10
2.72522e-07 -2.67815e-10
2.72412e-07 -2.71616e-10
2.72168e-07 -2.75069e-10
2.72220e-07 -2.76307e-10
2.72011e-07 -2.75969e-10
2.72348e-07 -2.75168e-10
2.72390e-07 -2.74545e-10
2.72990e-07 -2.73791e-10
2.73005e-07 -2.73195e-10
2.72619e-07 -2.72675e-10
2.73410e-07 -2.72593e-10
2.72879e-07 -2.75198e-10
2.72822e-07 -2.75852e-10
2.73239e-07 -2.74683e-10
2.73078e-07 -2.73681e-10
2.73431e-07 -2.72738e-10
2.73775e-07 -2.72716e-10
2.73318e-07 -2.74119e-10
2.73789e-07 -2.75967e-10
2.74003e-07 -2.77793e-10
2.73863e-07 -2.80292e-10
2.73530e-07 -2.80874e-10
2.73649e-07 -2.80863e-10
2.73809e-07 -2.81612e-10
2.73673e-07 -2.82652e-10
2.73783e-07 -2.82558e-10
2.73901e-07 -2.80901e-10
2.73976e-07 -2.78357e-10
2.74172e-07 -2.77138e-10
2.74398e-07 -2.77305e-10
2.74396e-07 -2.75810e-10
2.74708e-07 -2.74817e-10
2.74933e-07 -2.74718e-10
2.74795e-07 -2.75154e-10
2.74955e-07 -2.77424e-10
2.74604e-07 -2.80346e-10
2.74539e-07 -2.87566e-10
2.74079e-07 -2.98570e-10
2.74067e-07 -3.07026e-10
2.73808e-07 -3.07465e-10
2.74326e-07 -3.01888e-10
2.74889e-07 -2.90502e-10
2.75877e-07 -2.72493e-10
2.77017e-07 -2.47573e-10
2.77980e-07 -2.17782e-10
2.78854e-07 -1.86204e-10
2.80688e-07 -1.53213e-10
2.81984e-07 -1.18875e-10
2.83396e-07 -8.55662e-11
2.84931e-07 -5.35702e-11
2.85925e-07 -2.56147e-11
2.87223e-07 -3.26672e-12
2.87316e-07 1.15274e-11
2.87532e-07 1.85534e-11
2.87740e-07 1.71596e-11
2.87527e-07 1.27112e-11
2.87712e-07 1.11337e-11
2.87992e-07 1.10513e-11
2.87904e-07 1.07808e-11
2.88052e-07 1.06377e-11
2.88127e-07 1.05065e-11
2.87916e-07 1.08224e-11
2.88263e-07 1.14804e-11
2.88244e-07 1.07618e-11
2.88553e-07 1.08607e-11
2.88856e-07 1.13527e-11
2.88792e-07 1.08930e-11
2.88539e-07 1.00004e-11
2.88545e-07 6.95353e-12
2.88920e-07 4.41048e-12
2.89088e-07 2.01034e-12
2.88597e-07 -4.21966e-13
2.88657e-07 -1.72186e-12
2.88724e-07 -1.52606e-12
2.88862e-07 -3.09995e-15
2.89002e-07 1.84649e-12
2.88907e-07 3.95180e-12
2.89359e-07 5.85836e-12
2.89622e-07 7.45933e-12
2.89766e-07 1.05539e-11
2.90160e-07 1.41814e-11
2.90390e-07 1.57960e-11
2.90455e-07 1.65618e-11
2.90314e-07 1.58656e-11
2.90365e-07 1.44317e-11
2.90542e-07 1.30227e-11
2.90665e-07 1.22148e-11
2.90509e-07 1.31303e-11
2.90719e-07 1.44448e-11
2.90716e-07 1.47252e-11
2.90733e-07 1.53604e-11
2.90984e-07 1.59223e-11
2.91201e-07 1.54362e-11
2.90876e-07 1.51522e-11
2.91036e-07 1.33435e-11
2.91153e-07 1.17026e-11
2.91032e-07 1.11936e-11
2.91184e-07 1.23572e-11
2.91256e-07 1.29597e-11
2.91437e-07 1.18024e-11
2.91098e-07 9.93752e-12
2.91321e-07 8.69319e-12
2.91465e-07 9.55645e-12
2.91728e-07 1.15972e-11
2.91951e-07 1.42287e-11
2.92204e-07 1.77166e-11
2.92711e-07 2.06660e-11
2.92368e-07 2.20458e-11
2.92777e-07 2.23696e-11
2.93010e-07 2.16076e-11
2.92966e-07 2.02448e-11
2.92580e-07 1.92653e-11
2.92816e-07 1.69558e-11
2.92720e-07 1.63384e-11
2.93027e-07 1.65816e-11
2.93056e-07 1.67201e-11
2.93211e-07 1.61236e-11
2.93226e-07 1.50509e-11
2.93145e-07 1.28146e-11
2.92897e-07 1.17930e-11
2.93360e-07 1.19876e-11
2.92917e-07 1.19440e-11
2.92892e-07 1.08795e-11
2.93209e-07 1.03571e-11
2.93382e-07 8.67532e-12
2.93598e-07 5.32291e-12
2.93330e-07 1.37875e-12
2.93195e-07 -1.58241e-12
2.93430e-07 -2.77271e-12
2.93196e-07 -2.79126e-12
2.93305e-07 -1.96179e-12
2.93338e-07 -1.25770e-12
2.93838e-07 -1.20979e-12
2.93775e-07 -2.38475e-12
2.93932e-07 -3.29449e-12
2.94025e-07 -3.61220e-12
2.93776e-07 -3.39825e-12
2.94147e-07 -1.79180e-12
2.94136e-07 -1.89680e-13
2.94211e-07 -6.95565e-13
2.94481e-07 -1.11432e-12
2.94601e-07 -1.86631e-12
2.94406e-07 -3.40876e-12
2.94496e-07 -6.02757e-12
2.94409e-07 -7.92577e-12
2.94486e-07 -8.01929e-12
2.94513e-07 -7.32625e-12
2.94683e-07 -7.25076e-12
2.94931e-07 -5.68062e-12
2.94706e-07 -5.00900e-12
2.95122e-07 -4.12208e-12
2.95260e-07 -2.37185e-12
2.95561e-07 6.68922e-13
2.95417e-07 3.40400e-12
2.96006e-07 6.41675e-12
2.96172e-07 1.00771e-11
2.96266e-07 1.22099e-11
2.96287e-07 1.35454e-11
2.96556e-07 1.60248e-11
2.96661e-07 1.65464e-11
2.96946e-07 1.68789e-11
2.96841e-07 1.64736e-11
2.96997e-07 1.72790e-11
2.96932e-07 1.76949e-11
2.97126e-07 1.81543e-11
2.97159e-07 1.88249e-11
2.97365e-07 2.04939e-11
2.97166e-07 2.08810e-11
2.97489e-07 2.09767e-11
2.97931e-07 2.04634e-11
2.97670e-07 2.00047e-11
2.97838e-07 1.90665e-11
2.97863e-07 1.89192e-11
2.97979e-07 1.86327e-11
2.98033e-07 1.75300e-11
2.97877e-07 1.54322e-11
2.97967e-07 1.35673e-11
2.98091e-07 1.13791e-11
2.97957e-07 9.55781e-12
2.97966e-07 7.82831e-12
2.97957e-07 4.80183e-12
2.97853e-07 1.56037e-12
2.97764e-07 -9.34747e-13
2.97613e-07 -4.49368e-12
2.97553e-07 -7.91742e-12
2.97777e-07 -1.01479e-11
2.97465e-07 -1.12279e-11
2.97920e-07 -1.17075e-11
2.98252e-07 -1.07909e-11
2.97981e-07 -9.86088e-12
2.98222e-07 -7.80760e-12
2.98474e-07 -6.25350e-12
2.98765e-07 -4.79872e-12
2.98553e-07 -3.65884e-12
2.99006e-07 -4.06848e-13
2.99005e-07 3.59827e-12
2.99344e-07 6.00889e-12
2.99084e-07 6.06389e-12
2.99582e-07 5.11710e-12
2.99833e-07 5.44002e-12
2.99441e-07 5.23225e-12
2.99730e-07 5.02509e-12
2.99925e-07 6.34162e-12
3.00036e-07 7.33044e-12
3.00123e-07 7.58387e-12
3.00243e-07 7.10643e-12
3.00105e-07 6.40419e-12
3.00164e-07 5.45532e-12
3.00168e-07 4.88952e-12
3.00500e-07 2.70350e-12
3.00366e-07 1.62604e-12
3.00214e-07 1.39872e-12
3.00279e-07 6.27855e-13
3.00657e-07 2.66830e-13
3.00102e-07 -1.74317e-13
3.00564e-07 -8.73471e-13
3.00844e-07 1.13295e-14
3.00516e-07 5.49907e-13
3.01133e-07 1.31398e-12
3.01002e-07 3.45560e-12
3.01088e-07 5.80403e-12
3.01315e-07 7.07165e-12
3.01608e-07 8.16215e-12
3.01830e-07 8.42160e-12
3.01573e-07 7.71635e-12
3.02063e-07 7.24210e-12
3.02016e-07 5.48504e-12
3.01515e-07 3.64762e-12
3.01760e-07 3.67244e-12
3.02243e-07 3.74715e-12
3.02027e-07 4.22857e-12
3.02195e-07 5.06220e-12
3.02358e-07 5.58191e-12
3.02367e-07 4.84762e-12
3.02431e-07 4.34961e-12
3.02377e-07 3.93116e-12
3.02733e-07 5.64520e-12
3.02950e-07 8.95044e-12
3.02765e-07 9.74410e-12
3.03111e-07 1.07195e-11
3.03473e-07 1.16240e-11
3.03424e-07 1.14095e-11
3.03566e-07 1.16422e-11
3.03565e-07 1.23767e-11
3.03736e-07 1.31834e-11
3.03570e-07 1.41272e-11
3.03951e-07 1.51129e-11
3.03848e-07 1.60643e-11
3.03956e-07 1.60108e-11
3.03892e-07 1.41561e-11
3.04189e-07 1.17450e-11
3.04172e-07 9.30378e-12
3.03841e-07 6.74393e-12
3.03832e-07 4.76864e-12
3.04048e-07 2.96529e-12
3.03999e-07 -3.51882e-13
3.04120e-07 -4.88051e-12
3.04036e-07 -6.77149e-12
3.04072e-07 -8.26000e-12
3.04000e-07 -9.30170e-12
3.04093e-07 -9.27647e-12
3.04067e-07 -9.14295e-12
3.03812e-07 -9.54341e-12
3.04225e-07 -9.55066e-12
3.04477e-07 -7.78688e-12
3.04898e-07 -5.02278e-12
3.04900e-07 -2.81978e-12
3.05021e-07 5.12264e-15
3.05074e-07 2.50916e-12
3.05349e-07 4.66089e-12
3.05728e-07 5.86362e-12
3.05415e-07 6.69855e-12
3.05364e-07 6.09831e-12
3.05438e-07 4.75110e-12
3.05592e-07 4.08949e-12
3.05806e-07 4.23696e-12
3.06118e-07 3.62717e-12
3.06197e-07 1.83813e-12
3.05963e-07 -9.04780e-13
3.05656e-07 -2.85012e-12
3.05668e-07 -4.46915e-12
3.05828e-07 -3.29630e-12
3.06309e-07 -3.03488e-13
3.06472e-07 2.88858e-12
3.06705e-07 6.10447e-12
3.07056e-07 8.98373e-12
3.07062e-07 1.14802e-11
3.07183e-07 1.25653e-11
3.07001e-07 1.32417e-11
3.07289e-07 1.46712e-11
3.07876e-07 1.72589e-11
3.07840e-07 2.02127e-11
3.08001e-07 2.17585e-11
3.07937e-07 2.20648e-11
3.07773e-07 2.12657e-11
3.08279e-07 1.96497e-11
3.08297e-07 1.86586e-11
3.08547e-07 1.91435e-11
3.08189e-07 2.02608e-11
3.08379e-07 2.22344e-11
3.08600e-07 2.41889e-11
3.08803e-07 2.47390e-11
3.09134e-07 2.34429e-11
3.08725e-07 2.09881e-11
3.08809e-07 1.86958e-11
3.08741e-07 1.50380e-11
3.08676e-07 1.27040e-11
3.08771e-07 1.10080e-11
3.08950e-07 1.01768e-11
3.08649e-07 8.54410e-12
3.08840e-07 5.82501e-12
3.08816e-07 3.65951e-12
3.08841e-07 3.49524e-12
3.08928e-07 3.96041e-12
3.08924e-07 5.18377e-12
3.09202e-07 5.52624e-12
3.08644e-07 5.89775e-12
3.09146e-07 5.95680e-12
3.09577e-07 5.21655e-12
3.09478e-07 2.73803e-12
3.09410e-07 2.11659e-13
3.09362e-07 -9.10045e-13
3.09452e-07 -1.12267e-12
3.09535e-07 -1.36694e-12
3.09980e-07 -7.45735e-13
3.09904e-07 -7.58490e-14
3.09714e-07 1.29342e-12
3.10080e-07 1.76968e-12
3.10318e-07 3.00769e-12
3.10166e-07 5.56590e-12
3.10451e-07 9.14609e-12
3.10644e-07 1.12200e-11
3.10948e-07 1.22888e-11
3.11076e-07 1.26019e-11
3.10906e-07 1.20989e-11
3.11171e-07 1.14799e-11
3.11371e-07 1.12311e-11
3.11253e-07 1.12228e-11
3.11418e-07 1.34775e-11
3.11885e-07 1.69071e-11
3.12126e-07 1.96724e-11
3.11791e-07 2.21798e-11
3.12215e-07 2.37219e-11
3.12303e-07 2.47232e-11
3.12324e-07 2.59768e-11
3.12539e-07 2.62076e-11
3.12675e-07 2.76229e-11
3.12907e-07 2.89954e-11
3.12922e-07 2.81508e-11
3.12820e-07 2.53786e-11
3.12936e-07 2.28515e-11
3.12835e-07 1.94145e-11
3.12631e-07 1.47108e-11
3.12696e-07 1.23455e-11
3.12841e-07 1.18996e-11
3.12552e-07 1.12763e-11
3.12557e-07 9.81444e-12
3.12698e-07 7.38087e-12
3.12911e-07 4.14432e-12
3.12671e-07 1.15473e-12
3.12577e-07 -2.04774e-12
3.12212e-07 -4.60816e-12
3.12576e-07 -5.05717e-12
3.12832e-07 -4.74907e-12
3.13108e-07 -2.06371e-12
3.13425e-07 5.38769e-13
3.13730e-07 2.14694e-12
3.13640e-07 3.85580e-12
3.13552e-07 6.24780e-12
3.13705e-07 8.86122e-12
3.14043e-07 1.24957e-11
3.14127e-07 1.73186e-11
3.14416e-07 1.94978e-11
3.14941e-07 1.95597e-11
3.14813e-07 1.75923e-11
3.14302e-07 1.34434e-11
3.14242e-07 8.49759e-12
3.14215e-07 2.70495e-12
3.14214e-07 -2.21996e-12
3.14136e-07 -6.01433e-12
3.14216e-07 -6.05980e-12
3.14102e-07 -4.53348e-12
3.14383e-07 -2.17289e-12
3.15047e-07 3.25694e-13
3.15231e-07 3.77299e-12
3.15172e-07 7.02551e-12
3.15381e-07 1.04854e-11
3.15746e-07 1.46533e-11
3.15905e-07 1.84163e-11
3.16195e-07 2.10124e-11
3.16168e-07 2.07904e-11
3.15623e-07 2.00105e-11
3.15940e-07 1.82082e-11
3.15695e-07 1.58832e-11
3.15785e-07 1.32290e-11
3.15992e-07 9.92194e-12
3.15758e-07 8.60646e-12
3.16393e-07 8.39956e-12
3.16633e-07 8.39628e-12
3.16616e-07 8.35024e-12
3.16399e-07 9.46990e-12
3.16375e-07 1.07407e-11
3.16977e-07 1.18703e-11
3.17087e-07 1.26422e-11
3.16728e-07 1.26641e-11
3.16994e-07 1.20828e-11
3.17021e-07 1.13566e-11
3.16978e-07 9.90910e-12
3.17173e-07 8.50787e-12
3.17070e-07 7.45938e-12
3.17354e-07 7.05925e-12
3.17387e-07 7.16044e-12
3.17184e-07 6.15326e-12
3.17439e-07 5.96493e-12
3.17563e-07 6.66213e-12
3.17569e-07 7.31350e-12
3.17609e-07 7.08996e-12
3.17627e-07 7.46748e-12
3.17756e-07 8.43235e-12
3.18103e-07 8.80278e-12
3.18169e-07 9.47826e-12
3.18235e-07 9.55770e-12
3.18368e-07 6.85058e-12
3.18333e-07 3.80517e-12
3.18264e-07 1.80467e-12
3.17978e-07 7.06175e-13
3.18216e-07 5.74631e-13
3.18376e-07 7.26636e-13
3.18328e-07 1.85676e-12
3.18474e-07 3.35595e-12
3.18667e-07 4.31188e-12
3.18904e-07 4.58752e-12
3.18955e-07 4.48157e-12
3.18915e-07 5.63220e-12
3.19226e-07 6.62341e-12
3.19366e-07 7.17630e-12
3.19300e-07 7.73755e-12
3.19714e-07 8.53068e-12
3.19853e-07 8.40734e-12
3.19639e-07 7.35717e-12
3.19484e-07 5.38839e-12
3.19938e-07 5.92905e-12
3.19655e-07 7.63656e-12
3.19890e-07 8.67102e-12
3.19962e-07 9.74064e-12
3.20322e-07 1.11704e-11
3.20219e-07 1.29160e-11
3.20547e-07 1.40722e-11
3.20527e-07 1.37445e-11
3.20778e-07 1.29716e-11
3.20828e-07 1.33126e-11
3.20850e-07 1.40785e-11
3.21127e-07 1.47141e-11
3.20975e-07 1.42793e-11
3.21082e-07 1.40536e-11
3.21238e-07 1.37488e-11
3.21181e-07 1.22436e-11
3.21280e-07 1.11432e-11
3.21127e-07 1.12441e-11
3.21414e-07 1.28512e-11
3.21689e-07 1.46448e-11
3.21872e-07 1.51785e-11
3.21977e-07 1.64253e-11
3.22035e-07 1.72941e-11
3.22265e-07 1.83411e-11
3.22025e-07 1.80038e-11
3.22119e-07 1.64603e-11
3.22159e-07 1.52032e-11
3.22355e-07 1.34153e-11
3.22284e-07 1.04711e-11
3.22229e-07 7.32318e-12
3.21886e-07 4.64027e-12
3.22171e-07 3.09852e-12
3.22415e-07 7.36784e-13
3.22225e-07 -1.61586e-12
3.22397e-07 -2.58993e-12
3.22216e-07 -2.15989e-12
3.22423e-07 -6.74096e-13
3.23136e-07 3.17387e-12
3.23034e-07 6.54187e-12
3.23087e-07 1.01478e-11
3.22917e-07 1.33360e-11
3.23797e-07 1.65296e-11
3.23638e-07 1.70861e-11
3.23882e-07 1.70368e-11
3.23810e-07 1.69884e-11
3.23868e-07 1.57799e-11
3.23899e-07 1.35617e-11
3.23870e-07 1.07964e-11
3.23874e-07 9.28281e-12
3.23827e-07 9.40909e-12
3.23713e-07 1.01098e-11
3.24247e-07 1.09890e-11
3.24147e-07 1.26494e-11
3.24184e-07 1.42963e-11
3.24069e-07 1.65026e-11
3.25023e-07 2.08192e-11
3.25253e-07 2.35335e-11
3.25437e-07 2.54064e-11
3.25317e-07 2.75712e-11
3.25521e-07 2.84305e-11
3.25567e-07 2.62197e-11
3.25557e-07 2.42064e-11
3.25430e-07 2.30198e-11
3.25408e-07 2.04107e-11
3.25615e-07 1.60758e-11
3.25158e-07 1.11095e-11
3.25330e-07 8.25796e-12
3.25851e-07 8.00954e-12
3.25470e-07 8.35378e-12
3.25734e-07 8.20476e-12
3.25444e-07 7.21070e-12
3.25499e-07 6.66985e-12
3.25629e-07 7.68630e-12
3.25940e-07 9.26738e-12
3.26272e-07 9.30497e-12
3.26095e-07 1.04463e-11
3.26215e-07 1.26438e-11
3.26376e-07 1.25738e-11
3.26888e-07 1.09359e-11
3.26461e-07 1.02214e-11
3.26798e-07 8.94003e-12
3.26381e-07 6.21379e-12
3.26410e-07 3.33078e-12
3.26620e-07 1.96536e-12
3.26468e-07 1.72474e-12
3.26823e-07 1.78405e-12
3.26679e-07 1.75181e-12
3.26738e-07 1.44941e-13
3.26859e-07 -1.20157e-12
3.26757e-07 -1.88556e-12
3.27087e-07 -1.47144e-12
3.27103e-07 -1.11763e-12
3.27015e-07 -3.97035e-13
3.27416e-07 2.40603e-12
3.27493e-07 4.26257e-12
3.27366e-07 3.72796e-12
3.27593e-07 2.95559e-12
3.27828e-07 2.04612e-12
3.27970e-07 1.23065e-12
3.27980e-07 1.25376e-12
3.27842e-07 2.25703e-12
3.28358e-07 4.15589e-12
3.27896e-07 5.23508e-12
3.28386e-07 4.65320e-12
3.28717e-07 3.97821e-12
3.28324e-07 1.97761e-12
3.28064e-07 3.14311e-13
3.28031e-07 -1.28947e-12
3.28187e-07 -1.41362e-12
3.28527e-07 -1.12099e-12
3.28822e-07 -6.29177e-13
3.28671e-07 -6.65518e-13
3.28774e-07 -2.22647e-12
3.28906e-07 -4.17268e-12
3.28979e-07 -5.39688e-12
3.28779e-07 -6.75023e-12
3.28831e-07 -7.02736e-12
3.28901e-07 -6.55552e-12
3.29002e-07 -4.55076e-12
3.29159e-07 -2.18493e-12
3.29284e-07 -1.00280e-12
3.29768e-07 3.53972e-13
3.29762e-07 2.76431e-12
3.29970e-07 4.59405e-12
3.29945e-07 5.12406e-12
3.29824e-07 5.48690e-12
3.30254e-07 5.76081e-12
3.30566e-07 5.57973e-12
3.30376e-07 4.66406e-12
3.30048e-07 3.14931e-12
3.30192e-07 3.05388e-12
3.30775e-07 2.32999e-12
3.30929e-07 8.03572e-13
3.30723e-07 -1.01218e-12
3.30700e-07 -1.82212e-12
3.30796e-07 -2.56336e-12
3.30591e-07 -2.55932e-12
3.30702e-07 -1.99952e-12
3.30963e-07 -1.23228e-12
3.31133e-07 8.98477e-13
3.31176e-07 2.97934e-12
3.31440e-07 3.78371e-12
3.31572e-07 4.35721e-12
3.31577e-07 5.86290e-12
3.31854e-07 8.11047e-12
3.31687e-07 9.90187e-12
3.32166e-07 1.17958e-11
3.32229e-07 1.38097e-11
3.32248e-07 1.48197e-11
3.32174e-07 1.26438e-11
3.32129e-07 9.38824e-12
3.32131e-07 6.14692e-12
3.32176e-07 2.77894e-12
3.32331e-07 -9.63089e-13
3.32158e-07 -3.20917e-12
3.32418e-07 -4.07296e-12
3.32091e-07 -5.32792e-12
3.32350e-07 -5.35674e-12
3.32035e-07 -5.79854e-12
3.32412e-07 -6.09328e-12
3.32681e-07 -5.25525e-12
3.32699e-07 -3.52348e-12
3.32990e-07 -1.51611e-12
3.33060e-07 -4.25993e-13
3.33436e-07 4.90236e-13
3.33407e-07 1.30836e-12
3.33419e-07 8.25359e-13
3.33093e-07 -1.52911e-12
3.33183e-07 -2.85279e-12
3.33372e-07 -3.52988e-12
3.33219e-07 -3.85391e-12
3.33601e-07 -3.58545e-12
3.33572e-07 -3.33436e-12
3.33530e-07 -2.79102e-12
3.34059e-07 -1.61603e-12
3.34227e-07 -8.56471e-13
3.34281e-07 -9.17086e-13
3.34623e-07 -6.01619e-13
3.34473e-07 6.05020e-13
3.34170e-07 1.98642e-12
3.34284e-07 3.54770e-12
3.34651e-07 4.70219e-12
3.34982e-07 6.62552e-12
3.35018e-07 8.31423e-12
3.35204e-07 1.00541e-11
3.35185e-07 1.19262e-11
3.35549e-07 1.43662e-11
3.35884e-07 1.70513e-11
3.36096e-07 2.00156e-11
3.36526e-07 2.18926e-11
3.36433e-07 2.26474e-11
3.36382e-07 2.21808e-11
3.36371e-07 2.14855e-11
3.36320e-07 1.91844e-11
3.36395e-07 1.76977e-11
3.36352e-07 1.57610e-11
3.36268e-07 1.24711e-11
3.36067e-07 7.14365e-12
3.36318e-07 2.15118e-12
3.35969e-07 -3.75486e-12
3.35632e-07 -9.11411e-12
3.35881e-07 -1.24562e-11
3.35713e-07 -1.35013e-11
3.35856e-07 -1.26697e-11
3.36237e-07 -1.04966e-11
3.36279e-07 -5.72470e-12
3.36703e-07 -1.07534e-12
3.36921e-07 1.49132e-12
3.37196e-07 4.32021e-12
3.37217e-07 5.90461e-12
3.37465e-07 8.37501e-12
3.37626e-07 1.00461e-11
3.37643e-07 1.16157e-11
3.37695e-07 1.21073e-11
3.37678e-07 1.03550e-11
3.37591e-07 7.41992e-12
3.37842e-07 5.22757e-12
3.37738e-07 3.10994e-12
3.37787e-07 2.01590e-12
3.37867e-07 2.13091e-12
3.37982e-07 1.93450e-12
3.37820e-07 2.65103e-12
3.38078e-07 3.53486e-12
3.38173e-07 4.35879e-12
3.38065e-07 3.38809e-12
3.38488e-07 2.43090e-12
3.38683e-07 2.25245e-12
3.38575e-07 2.38760e-12
3.38788e-07 4.35442e-12
3.38778e-07 5.33510e-12
3.38978e-07 6.51917e-12
3.39263e-07 7.26622e-12
3.39292e-07 7.42187e-12
3.39170e-07 8.05900e-12
3.39264e-07 1.03335e-11
3.39457e-07 1.19707e-11
3.39569e-07 1.30330e-11
3.39665e-07 1.19653e-11
3.39694e-07 9.90940e-12
3.39411e-07 7.64809e-12
3.39523e-07 5.76165e-12
3.39688e-07 4.26075e-12
3.39808e-07 2.61674e-12
3.40058e-07 3.08096e-12
3.39899e-07 5.24321e-12
3.40051e-07 8.54236e-12
3.40422e-07 1.19733e-11
3.40698e-07 1.30294e-11
3.40682e-07 1.31033e-11
3.40825e-07 1.30122e-11
3.41367e-07 1.35384e-11
3.41002e-07 1.43837e-11
3.40967e-07 1.49696e-11
3.41235e-07 1.40544e-11
3.40696e-07 1.17099e-11
3.41075e-07 8.50258e-12
3.41324e-07 6.43766e-12
3.41184e-07 5.25856e-12
3.40732e-07 3.47210e-12
3.41134e-07 2.58926e-12
3.41166e-07 1.24819e-12
3.41194e-07 1.79641e-12
3.41335e-07 3.65953e-12
3.41602e-07 5.23995e-12
3.41433e-07 4.77169e-12
3.41770e-07 3.51072e-12
3.41905e-07 3.08458e-12
3.41959e-07 1.99220e-12
3.42098e-07 6.71723e-13
3.41911e-07 -2.47491e-13
3.41669e-07 -7.46764e-13
3.42151e-07 -5.38713e-13
3.42102e-07 -1.32101e-12
3.42075e-07 -1.94632e-12
3.42254e-07 -3.52214e-12
3.42256e-07 -4.59846e-12
3.42273e-07 -5.26049e-12
3.42454e-07 -4.28964e-12
3.42429e-07 -4.45076e-12
3.42575e-07 -3.33554e-12
3.42832e-07 -1.57794e-12
3.43079e-07 2.69087e-13
3.43099e-07 -1.04014e-13
3.43253e-07 7.67556e-13
3.43426e-07 1.95792e-12
3.43513e-07 2.30637e-12
3.43435e-07 3.57501e-12
3.43449e-07 5.96479e-12
3.43827e-07 8.29001e-12
3.44178e-07 1.08238e-11
3.44287e-07 1.16768e-11
3.44416e-07 1.22389e-11
3.44337e-07 1.30369e-11
3.44528e-07 1.35717e-11
3.44142e-07 1.30073e-11
3.44307e-07 1.01077e-11
3.44656e-07 6.83738e-12
3.44392e-07 4.52996e-12
3.44443e-07 1.83645e-12
3.44688e-07 -1.33018e-12
3.44193e-07 -6.43091e-12
3.44198e-07 -1.09619e-11
3.44540e-07 -1.51905e-11
3.44288e-07 -1.72093e-11
3.44187e-07 -1.78812e-11
3.43984e-07 -1.83217e-11
3.44356e-07 -1.74917e-11
3.44611e-07 -1.39055e-11
3.44771e-07 -1.06969e-11
3.44692e-07 -8.13039e-12
3.44952e-07 -6.10501e-12
3.45164e-07 -5.50591e-12
3.45032e-07 -5.73447e-12
3.45083e-07 -5.14088e-12
3.45535e-07 -2.62588e-12
3.45603e-07 -7.50464e-13
3.45824e-07 -1.25274e-12
3.45633e-07 -2.83231e-12
3.46028e-07 -4.57726e-12
3.45816e-07 -7.02242e-12
3.45597e-07 -8.90848e-12
3.45624e-07 -9.36064e-12
3.45990e-07 -9.79809e-12
3.45603e-07 -1.11188e-11
3.46049e-07 -1.05619e-11
3.46147e-07 -8.38464e-12
3.46366e-07 -6.91228e-12
3.46483e-07 -4.82495e-12
3.46873e-07 -1.85894e-12
3.47044e-07 7.96139e-13
3.47103e-07 2.32756e-12
3.47177e-07 5.20648e-12
3.47289e-07 8.17413e-12
3.47471e-07 9.83335e-12
3.47908e-07 9.48214e-12
3.47757e-07 9.35557e-12
3.47761e-07 9.68571e-12
3.47875e-07 9.89480e-12
3.48071e-07 1.26496e-11
3.48334e-07 1.59012e-11
3.48593e-07 1.87968e-11
3.48881e-07 2.15043e-11
3.49298e-07 2.42041e-11
3.49262e-07 2.56864e-11
3.49208e-07 2.58698e-11
3.49362e-07 2.51433e-11
3.49350e-07 2.16678e-11
3.49188e-07 1.61730e-11
3.49018e-07 1.01815e-11
3.48912e-07 5.88799e-12
3.48405e-07 2.16642e-12
3.48394e-07 -2.32685e-12
3.48717e-07 -7.07798e-12
3.48884e-07 -9.46676e-12
3.48806e-07 -1.09360e-11
3.48795e-07 -9.67687e-12
3.48924e-07 -7.03885e-12
3.49076e-07 -4.47479e-12
3.49476e-07 -6.68424e-13
3.49662e-07 3.69657e-12
3.49874e-07 7.00306e-12
3.50072e-07 8.70801e-12
3.50415e-07 8.91126e-12
3.50062e-07 8.09240e-12
3.49933e-07 6.45457e-12
3.49802e-07 6.00012e-12
3.50275e-07 5.51320e-12
3.50222e-07 4.75432e-12
3.50273e-07 3.48627e-12
3.50448e-07 1.75858e-12
3.50259e-07 -2.94398e-13
3.50167e-07 -1.19445e-12
3.50208e-07 -3.85845e-12
3.50125e-07 -5.53401e-12
3.50308e-07 -7.18521e-12
3.50751e-07 -8.61248e-12
3.50571e-07 -8.61096e-12
3.50481e-07 -8.57517e-12
3.50780e-07 -8.34610e-12
3.50800e-07 -7.93887e-12
3.51081e-07 -7.51346e-12
3.51137e-07 -5.51022e-12
3.51213e-07 -2.51568e-12
3.51343e-07 -2.08923e-13
3.51711e-07 1.08383e-12
3.51727e-07 2.11182e-12
3.51802e-07 4.43622e-12
3.51846e-07 6.61389e-12
3.51978e-07 8.14782e-12
3.52480e-07 9.51675e-12
3.52410e-07 9.06450e-12
3.52678e-07 9.68073e-12
3.52567e-07 9.13101e-12
3.52598e-07 8.96521e-12
3.52909e-07 9.65790e-12
3.52632e-07 9.83443e-12
3.53009e-07 1.00054e-11
3.52834e-07 1.00238e-11
3.53171e-07 1.02054e-11
3.53177e-07 1.10755e-11
3.53326e-07 1.19611e-11
3.53585e-07 1.17493e-11
3.53200e-07 1.16048e-11
3.53507e-07 1.05097e-11
3.53585e-07 9.79327e-12
3.53656e-07 7.79729e-12
3.53629e-07 7.64944e-12
3.53374e-07 5.54623e-12
3.53706e-07 4.39857e-12
3.53510e-07 4.09514e-12
3.53948e-07 3.94933e-12
3.54236e-07 5.77616e-12
3.54033e-07 6.34890e-12
3.54062e-07 5.84065e-12
3.54328e-07 6.14763e-12
3.54319e-07 7.26041e-12
3.54561e-07 9.31897e-12
3.54596e-07 1.06755e-11
3.54887e-07 1.24993e-11
3.54967e-07 1.30137e-11
3.55068e-07 1.33593e-11
3.55052e-07 1.27646e-11
3.55017e-07 1.20844e-11
3.55144e-07 1.12069e-11
3.55315e-07 1.20284e-11
3.55505e-07 1.14375e-11
3.54957e-07 1.04148e-11
3.55134e-07 9.10382e-12
3.55374e-07 9.16827e-12
3.55220e-07 8.77532e-12
3.55602e-07 6.18574e-12
3.55748e-07 3.18730e-12
3.55655e-07 1.46459e-12
3.55331e-07 4.59152e-13
3.55625e-07 -1.85976e-13
3.55776e-07 -2.27781e-12
3.55843e-07 -3.63636e-12
3.55564e-07 -6.00918e-12
3.55834e-07 -7.29510e-12
3.55819e-07 -7.80488e-12
3.55966e-07 -7.14851e-12
3.56076e-07 -5.51328e-12
3.56002e-07 -4.90585e-12
3.56064e-07 -5.18334e-12
3.56293e-07 -6.71278e-12
3.56598e-07 -6.10887e-12
3.56568e-07 -4.53146e-12
3.56630e-07 -2.69075e-12
3.56809e-07 -7.49390e-13
3.56961e-07 1.85266e-12
3.56990e-07 4.76729e-12
3.57220e-07 6.09320e-12
3.57400e-07 6.91283e-12
3.57706e-07 7.58760e-12
3.57672e-07 8.75895e-12
3.57450e-07 9.30016e-12
3.57696e-07 1.02255e-11
3.57909e-07 1.00685e-11
3.58105e-07 9.26376e-12
3.57916e-07 7.89459e-12
3.57925e-07 5.99923e-12
3.58128e-07 4.69275e-12
3.58099e-07 3.82750e-12
3.57940e-07 3.19050e-12
3.58391e-07 3.45996e-12
3.58679e-07 4.15538e-12
3.58545e-07 4.71106e-12
3.58554e-07 5.43705e-12
3.58558e-07 4.51177e-12
3.58738e-07 3.61920e-12
3.58790e-07 4.53979e-12
3.59073e-07 6.67932e-12
3.59402e-07 8.68480e-12
3.59702e-07 1.05764e-11
3.59705e-07 1.12907e-11
3.59757e-07 1.10123e-11
3.59729e-07 1.18347e-11
3.59781e-07 1.25489e-11
3.59992e-07 1.28874e-11
3.59821e-07 1.16757e-11
3.59924e-07 8.87605e-12
3.59697e-07 5.68908e-12
3.59782e-07 1.94969e-12
3.59641e-07 -2.23818e-12
3.59745e-07 -5.13600e-12
3.59800e-07 -5.93956e-12
3.59568e-07 -6.96376e-12
3.59876e-07 -6.35861e-12
3.59877e-07 -5.69593e-12
3.60305e-07 -4.79891e-12
3.60424e-07 -2.87467e-12
3.60516e-07 -2.32158e-13
3.60670e-07 1.37603e-12
3.60805e-07 2.47906e-12
3.60873e-07 2.09036e-12
3.60508e-07 1.35924e-12
3.60764e-07 1.28437e-12
3.60994e-07 4.04041e-13
3.61164e-07 -1.73547e-13
3.61243e-07 -5.63039e-13
3.60926e-07 -2.12770e-12
3.60778e-07 -2.79390e-12
3.61005e-07 -1.07127e-12
3.61194e-07 2.19639e-12
3.61506e-07 4.18178e-12
3.61813e-07 5.12359e-12
3.62092e-07 4.66740e-12
3.61728e-07 4.51093e-12
3.62309e-07 5.17530e-12
3.62312e-07 5.93452e-12
3.62393e-07 5.04252e-12
3.62201e-07 3.78029e-12
3.62071e-07 2.63828e-12
3.62261e-07 3.26669e-12
3.62604e-07 4.20708e-12
3.62595e-07 4.86885e-12
3.62838e-07 6.17738e-12
3.62580e-07 6.44247e-12
3.62842e-07 6.22847e-12
3.63278e-07 7.62205e-12
3.63302e-07 1.01402e-11
3.63685e-07 1.19371e-11
3.63609e-07 1.23370e-11
3.63610e-07 1.20961e-11
3.64051e-07 1.21655e-11
3.63948e-07 1.16821e-11
3.63856e-07 1.12481e-11
3.63516e-07 1.08681e-11
3.63826e-07 9.94039e-12
3.63865e-07 9.73912e-12
3.63845e-07 9.50993e-12
3.63984e-07 9.34408e-12
3.64006e-07 8.57621e-12
3.63890e-07 8.21515e-12
3.64259e-07 7.51900e-12
3.64426e-07 6.78479e-12
3.64412e-07 7.20054e-12
3.64638e-07 9.01511e-12
3.65008e-07 1.09741e-11
3.65373e-07 1.26612e-11
3.65222e-07 1.34805e-11
3.65288e-07 1.36706e-11
3.65274e-07 1.40292e-11
3.65122e-07 1.35663e-11
3.65546e-07 1.35043e-11
3.65381e-07 1.26573e-11
3.65312e-07 9.85421e-12
3.65328e-07 6.82865e-12
3.65589e-07 3.86433e-12
3.65325e-07 1.27086e-12
3.65335e-07 -2.24807e-12
3.65470e-07 -5.27484e-12
3.65399e-07 -7.37338e-12
3.65068e-07 -7.88974e-12
3.65180e-07 -7.31470e-12
3.65447e-07 -6.55114e-12
3.65790e-07 -3.91386e-12
3.65921e-07 -1.14941e-12
3.66181e-07 4.12278e-13
3.66260e-07 2.27344e-12
3.66320e-07 4.66789e-12
3.66481e-07 7.45458e-12
3.66356e-07 9.36531e-12
3.66947e-07 1.07365e-11
3.66887e-07 1.11932e-11
3.66957e-07 1.17699e-11
3.67043e-07 1.16122e-11
3.67179e-07 1.17042e-11
3.66850e-07 8.86474e-12
3.67044e-07 5.36267e-12
3.66989e-07 2.69328e-12
3.67094e-07 -5.92110e-13
3.67061e-07 -2.93244e-12
3.67319e-07 -4.21315e-12
3.67049e-07 -3.93698e-12
3.66971e-07 -4.12122e-12
3.67367e-07 -5.95764e-12
3.67452e-07 -7.34141e-12
3.67209e-07 -8.66331e-12
3.67617e-07 -9.33855e-12
3.67463e-07 -9.56540e-12
3.67487e-07 -8.51015e-12
3.67060e-07 -7.37058e-12
3.67789e-07 -6.02867e-12
3.68163e-07 -4.13169e-12
3.68094e-07 -2.83089e-12
3.68403e-07 -4.27908e-12
3.68234e-07 -5.21640e-12
3.68464e-07 -4.48023e-12
3.68401e-07 -4.05690e-12
3.68362e-07 -3.58927e-12
3.68837e-07 -3.20158e-12
3.68926e-07 -1.79677e-12
3.69087e-07 6.15138e-13
3.68981e-07 3.47765e-12
3.69091e-07 6.08645e-12
3.69409e-07 7.93109e-12
3.69729e-07 1.06887e-11
3.70086e-07 1.45194e-11
3.70217e-07 1.80497e-11
3.70514e-07 2.12145e-11
3.70600e-07 2.26957e-11
3.70447e-07 2.36353e-11
3.70591e-07 2.42085e-11
3.70514e-07 2.33327e-11
3.70730e-07 2.19398e-11
3.70751e-07 1.92893e-11
3.70387e-07 1.52392e-11
3.70870e-07 1.10432e-11
3.70744e-07 9.97092e-12
3.70883e-07 1.04107e-11
3.70927e-07 1.09635e-11
3.70949e-07 1.13629e-11
3.70881e-07 1.02854e-11
3.70935e-07 9.29695e-12
3.71096e-07 7.92712e-12
3.71022e-07 6.60253e-12
3.71322e-07 4.43470e-12
3.71058e-07 3.11683e-12
3.71198e-07 3.66913e-12
3.71461e-07 5.79300e-12
3.71322e-07 8.30620e-12
3.71913e-07 9.36872e-12
3.72066e-07 8.15100e-12
3.71679e-07 5.97430e-12
3.71772e-07 5.10684e-12
3.71932e-07 5.24940e-12
3.71928e-07 7.03078e-12
3.72161e-07 8.01691e-12
3.72240e-07 8.94760e-12
3.72498e-07 1.08932e-11
3.72684e-07 1.17480e-11
3.72727e-07 1.25052e-11
3.72889e-07 1.24142e-11
3.72857e-07 1.35654e-11
3.73002e-07 1.43153e-11
3.73265e-07 1.71657e-11
3.73688e-07 1.97977e-11
3.73353e-07 1.94475e-11
3.72965e-07 1.66371e-11
3.73479e-07 1.30149e-11
3.73229e-07 7.04565e-12
3.72980e-07 1.53988e-12
3.72906e-07 -2.54276e-12
3.72902e-07 -5.98078e-12
3.73011e-07 -7.51596e-12
3.73086e-07 -8.00766e-12
3.73135e-07 -7.51506e-12
3.73156e-07 -6.38007e-12
3.73276e-07 -6.10553e-12
3.73609e-07 -4.76624e-12
3.73727e-07 -2.69241e-12
3.74170e-07 8.04617e-14
3.73629e-07 1.13759e-12
3.74071e-07 2.85116e-12
3.74052e-07 3.60308e-12
3.74496e-07 4.10998e-12
3.74372e-07 4.04803e-12
3.74492e-07 5.69023e-12
3.74482e-07 7.02783e-12
3.75028e-07 7.50434e-12
3.74818e-07 8.42431e-12
3.75278e-07 9.36529e-12
3.75355e-07 1.08482e-11
3.75482e-07 1.11375e-11
3.75281e-07 1.04067e-11
3.75795e-07 9.08355e-12
3.75498e-07 7.43773e-12
3.75297e-07 6.51047e-12
3.75568e-07 5.72641e-12
3.75401e-07 4.01709e-12
3.75600e-07 2.37961e-12
3.75270e-07 1.36563e-12
3.75775e-07 1.25852e-12
3.75593e-07 1.02474e-12
3.75920e-07 1.13208e-12
3.75891e-07 3.76497e-12
3.76177e-07 5.42860e-12
3.76252e-07 5.73877e-12
3.76377e-07 7.02336e-12
3.76573e-07 8.61099e-12
3.76668e-07 1.02298e-11
3.77026e-07 1.11614e-11
3.76996e-07 1.19847e-11
3.76814e-07 1.23065e-11
3.76844e-07 1.10597e-11
3.77205e-07 8.50469e-12
3.77118e-07 4.94185e-12
3.76951e-07 2.93720e-12
3.76883e-07 2.44478e-12
3.76965e-07 4.89846e-13
3.77116e-07 -5.56187e-13
3.77121e-07 -1.18753e-12
3.77232e-07 -4.78229e-13
3.77298e-07 1.55881e-12
3.77638e-07 2.24936e-12
3.77577e-07 3.10702e-12
3.77569e-07 3.89407e-12
3.77779e-07 4.49404e-12
3.77941e-07 5.28202e-12
3.78089e-07 4.88312e-12
3.78257e-07 3.91064e-12
3.78356e-07 3.09820e-12
3.78515e-07 1.59647e-12
3.78274e-07 -9.53317e-14
3.78534e-07 -1.69819e-13
3.78368e-07 1.08063e-12
3.78429e-07 1.04222e-12
3.78398e-07 1.20324e-12
3.79045e-07 2.50764e-12
3.78634e-07 3.12283e-12
3.78862e-07 3.13025e-12
3.78894e-07 3.07221e-12
3.79146e-07 2.45540e-12
3.79116e-07 1.84171e-12
3.78956e-07 -3.67834e-13
3.78876e-07 -2.98129e-12
3.79108e-07 -5.09881e-12
3.79028e-07 -7.49920e-12
3.79050e-07 -7.76872e-12
3.79467e-07 -6.09789e-12
3.79233e-07 -5.95889e-12
3.79616e-07 -5.64186e-12
3.79744e-07 -5.03628e-12
3.79488e-07 -5.17274e-12
3.79658e-07 -5.46881e-12
3.79756e-07 -4.46125e-12
3.80076e-07 -3.75286e-12
3.79983e-07 -3.01183e-12
3.79892e-07 -1.87819e-12
3.80073e-07 -3.36162e-13
3.80555e-07 1.34955e-12
3.80659e-07 8.63577e-13
3.80506e-07 -2.40752e-12
3.80334e-07 -5.19045e-12
3.80406e-07 -7.42753e-12
3.80379e-07 -9.12344e-12
3.80463e-07 -9.87759e-12
3.80293e-07 -1.12637e-11
3.80597e-07 -1.30938e-11
3.80567e-07 -1.51255e-11
3.80396e-07 -1.73127e-11
3.80464e-07 -1.94051e-11
3.80425e-07 -2.02581e-11
3.80695e-07 -1.87359e-11
3.81117e-07 -1.59417e-11
3.81319e-07 -1.19941e-11
3.81428e-07 -9.16550e-12
3.81467e-07 -6.22937e-12
3.81621e-07 -3.70038e-12
3.81861e-07 -3.24351e-12
3.81906e-07 -2.20174e-12
3.82186e-07 -4.28947e-13
3.82420e-07 1.20196e-12
3.82201e-07 2.81958e-12
3.82567e-07 4.30977e-12
3.82700e-07 5.59232e-12
3.82585e-07 5.40408e-12
3.82957e-07 4.04273e-12
3.82939e-07 2.84994e-12
3.82973e-07 2.46169e-12
3.83548e-07 2.76048e-12
3.83495e-07 3.74949e-12
3.83063e-07 4.42731e-12
3.83138e-07 3.97248e-12
3.83286e-07 3.50476e-12
3.83842e-07 4.86112e-12
3.83664e-07 6.60702e-12
3.83879e-07 8.74549e-12
3.84104e-07 1.02877e-11
3.84151e-07 1.06570e-11
3.84282e-07 9.59874e-12
3.84193e-07 7.91944e-12
3.84116e-07 6.13335e-12
3.84170e-07 2.45968e-12
3.83689e-07 -2.86888e-12
3.83863e-07 -6.53521e-12
3.83982e-07 -1.03837e-11
3.84062e-07 -1.31148e-11
3.83707e-07 -1.58492e-11
3.83870e-07 -1.85306e-11
3.83977e-07 -2.04700e-11
3.83784e-07 -2.09170e-11
3.83836e-07 -1.94748e-11
3.83998e-07 -1.78284e-11
3.84476e-07 -1.51135e-11
3.84480e-07 -1.20556e-11
3.84726e-07 -1.04107e-11
3.84818e-07 -9.37730e-12
3.85039e-07 -8.12090e-12
3.85355e-07 -5.63355e-12
3.85334e-07 -3.45792e-12
3.85396e-07 -2.16400e-12
3.85608e-07 -1.04818e-12
3.85547e-07 6.64163e-13
3.85622e-07 2.06562e-12
3.85961e-07 2.95679e-12
3.85868e-07 2.66567e-12
3.85899e-07 1.47246e-12
3.86040e-07 -8.52565e-14
3.86348e-07 -1.69901e-12
3.85914e-07 -4.29809e-12
3.85962e-07 -7.31573e-12
3.86202e-07 -9.15981e-12
3.85811e-07 -1.02936e-11
3.86143e-07 -1.18542e-11
3.86142e-07 -1.27877e-11
3.86077e-07 -1.28978e-11
3.86297e-07 -1.22009e-11
3.86465e-07 -1.10317e-11
3.86842e-07 -9.72411e-12
3.86986e-07 -7.70300e-12
3.86816e-07 -4.61453e-12
3.87071e-07 -4.98018e-13
3.87379e-07 1.95819e-12
3.87444e-07 3.07954e-12
3.87856e-07 4.04447e-12
3.87874e-07 4.14056e-12
3.87902e-07 4.01589e-12
3.87875e-07 3.90330e-12
3.88058e-07 4.35313e-12
3.88167e-07 3.87014e-12
3.88294e-07 3.23442e-12
3.88424e-07 2.34799e-12
3.88216e-07 1.58143e-12
3.88238e-07 9.35427e-13
3.88358e-07 5.81970e-13
3.88471e-07 1.69021e-12
3.88680e-07 4.05658e-12
3.89003e-07 6.75137e-12
3.89136e-07 9.01076e-12
3.89062e-07 9.46931e-12
3.89446e-07 8.42399e-12
3.89192e-07 7.53072e-12
3.89364e-07 6.71210e-12
3.89147e-07 4.69708e-12
3.88970e-07 1.30035e-12
3.89157e-07 -3.17774e-12
3.89192e-07 -7.47708e-12
3.89072e-07 -1.20901e-11
3.88842e-07 -1.46246e-11
3.88814e-07 -1.47801e-11
3.88966e-07 -1.40846e-11
3.89172e-07 -1.20451e-11
3.89375e-07 -1.02675e-11
3.89579e-07 -7.03916e-12
3.89854e-07 -3.72869e-12
3.89963e-07 -1.86874e-12
3.90042e-07 -1.01953e-12
3.89938e-07 -5.01349e-13
3.90428e-07 6.51791e-13
3.90395e-07 2.00851e-12
3.90392e-07 3.06321e-12
3.90427e-07 3.25889e-12
3.90835e-07 2.41700e-12
3.91090e-07 1.48118e-12
3.91298e-07 2.58493e-12
3.91344e-07 5.17203e-12
3.91039e-07 8.78285e-12
3.91606e-07 1.22663e-11
3.92014e-07 1.37226e-11
3.91910e-07 1.42073e-11
3.92305e-07 1.28757e-11
3.91904e-07 1.13811e-11
3.91667e-07 9.47332e-12
3.91744e-07 7.53997e-12
3.91867e-07 5.75899e-12
3.91783e-07 4.55399e-12
3.91782e-07 2.16782e-12
3.91786e-07 -8.04778e-13
3.91970e-07 -3.35764e-12
3.92172e-07 -5.19281e-12
3.91977e-07 -7.04080e-12
3.91801e-07 -7.22465e-12
3.92091e-07 -6.38780e-12
3.92262e-07 -6.43067e-12
3.92463e-07 -6.29806e-12
3.92415e-07 -6.17736e-12
3.92394e-07 -6.80162e-12
3.92585e-07 -6.32310e-12
3.92696e-07 -5.14021e-12
3.92756e-07 -3.81311e-12
3.92900e-07 -1.88654e-12
3.93198e-07 -3.46766e-13
3.92880e-07 8.94718e-14
3.93583e-07 -2.53216e-13
3.93439e-07 -1.53452e-12
3.93490e-07 -2.29251e-12
3.93215e-07 -7.06754e-13
3.93478e-07 1.43138e-12
3.93522e-07 2.15089e-12
3.93979e-07 4.00330e-12
3.94007e-07 4.90474e-12
3.94026e-07 5.67000e-12
3.94113e-07 6.46557e-12
3.94254e-07 5.43270e-12
3.94173e-07 3.53155e-12
3.94276e-07 2.11816e-12
3.94199e-07 3.69350e-13
3.94201e-07 -2.30035e-12
3.94283e-07 -3.72542e-12
3.94299e-07 -5.35671e-12
3.94659e-07 -4.92338e-12
3.94610e-07 -4.35528e-12
3.95011e-07 -1.54935e-12
3.95339e-07 3.43054e-12
3.95471e-07 8.59539e-12
3.95748e-07 1.22298e-11
3.95963e-07 1.49183e-11
3.95928e-07 1.71167e-11
3.95840e-07 1.79417e-11
3.96176e-07 1.81743e-11
3.96001e-07 1.57419e-11
3.96006e-07 1.14928e-11
3.95750e-07 7.82033e-12
3.96143e-07 4.62391e-12
3.96067e-07 1.23051e-12
3.96063e-07 -1.95579e-12
3.96141e-07 -2.57916e-12
3.96148e-07 -2.05360e-12
3.96204e-07 6.35892e-13
3.96527e-07 2.06964e-12
3.96410e-07 4.97994e-12
3.96255e-07 6.20844e-12
3.96793e-07 6.08246e-12
3.96588e-07 5.88512e-12
3.96701e-07 5.63053e-12
3.96742e-07 4.63621e-12
3.97203e-07 5.07889e-12
3.96996e-07 4.82799e-12
3.97236e-07 3.03232e-12
3.97180e-07 1.82345e-12
3.97193e-07 2.35879e-12
3.97672e-07 3.35352e-12
3.97527e-07 4.64701e-12
3.97581e-07 5.63360e-12
3.97620e-07 7.24875e-12
3.97978e-07 9.52977e-12
3.98247e-07 1.17784e-11
3.98322e-07 1.29211e-11
3.98496e-07 1.24231e-11
3.98185e-07 1.08198e-11
3.98581e-07 1.03731e-11
3.98570e-07 1.00655e-11
3.98336e-07 8.91185e-12
3.98539e-07 7.88847e-12
3.98534e-07 7.10905e-12
3.98760e-07 5.84111e-12
3.99104e-07 4.61658e-12
3.98868e-07 4.37289e-12
3.98415e-07 3.96926e-12
3.98711e-07 1.77079e-12
3.98924e-07 -8.79668e-13
3.98914e-07 -3.71479e-12
3.98712e-07 -5.42482e-12
3.98902e-07 -5.56912e-12
3.98770e-07 -4.71095e-12
3.98898e-07 -3.10061e-12
3.99367e-07 -2.50193e-12
3.99393e-07 -5.62748e-13
3.99497e-07 2.24381e-12
3.99975e-07 4.27798e-12
3.99635e-07 5.26870e-12
3.99933e-07 5.47105e-12
3.99905e-07 4.48005e-12
4.00104e-07 3.48123e-12
4.00265e-07 1.44111e-12
4.00120e-07 -1.89735e-12
3.99991e-07 -6.25841e-12
3.99733e-07 -1.14182e-11
3.99753e-07 -1.42957e-11
3.99790e-07 -1.58501e-11
3.99998e-07 -1.63455e-11
4.00124e-07 -1.51117e-11
4.00010e-07 -1.28054e-11
4.00209e-07 -1.15320e-11
4.00515e-07 -9.26674e-12
4.00844e-07 -6.57513e-12
4.00812e-07 -4.90115e-12
4.00956e-07 -4.52652e-12
4.00856e-07 -4.57945e-12
4.01168e-07 -5.06912e-12
4.01028e-07 -5.30642e-12
4.01228e-07 -6.08821e-12
4.01535e-07 -6.47533e-12
4.01338e-07 -7.57084e-12
4.01416e-07 -8.13718e-12
4.01817e-07 -7.78039e-12
4.01707e-07 -4.58646e-12
4.01825e-07 -1.20118e-12
4.01840e-07 1.93641e-12
4.02349e-07 3.93464e-12
4.02365e-07 4.78049e-12
4.02323e-07 4.49001e-12
4.02335e-07 3.86825e-12
4.02967e-07 2.81169e-12
4.02945e-07 1.57345e-12
4.02685e-07 8.08204e-13
4.02541e-07 -3.77216e-14
4.02480e-07 -1.29151e-12
4.02786e-07 -2.83266e-12
4.02731e-07 -4.68023e-12
4.02966e-07 -5.25796e-12
4.02561e-07 -5.02211e-12
4.02815e-07 -5.37965e-12
4.02962e-07 -4.51220e-12
4.03266e-07 -2.11041e-12
4.03332e-07 -5.39756e-13
4.03599e-07 4.64373e-13
4.03713e-07 -1.85236e-13
4.03665e-07 -4.64543e-13
4.03815e-07 -1.61437e-12
4.03866e-07 -2.66873e-12
4.03865e-07 -2.77203e-12
4.03838e-07 -2.36786e-12
4.04127e-07 -2.06136e-12
4.04066e-07 -2.39375e-12
4.04226e-07 -2.11305e-12
4.04124e-07 -2.22617e-12
4.04388e-07 -2.79484e-12
4.04325e-07 -3.02493e-12
4.04647e-07 -2.94033e-12
4.04586e-07 -3.83318e-12
4.04443e-07 -3.17876e-12
4.04944e-07 -1.35420e-12
4.04880e-07 1.39035e-12
4.05107e-07 5.52988e-12
4.05178e-07 8.24631e-12
4.05609e-07 9.96090e-12
4.05828e-07 1.06154e-11
4.05621e-07 1.14513e-11
4.06008e-07 1.14462e-11
4.05813e-07 1.21451e-11
4.05967e-07 1.23382e-11
4.05975e-07 1.12959e-11
4.06016e-07 9.51030e-12
4.05910e-07 6.06881e-12
4.06176e-07 2.68001e-12
4.05844e-07 -2.27754e-13
4.05928e-07 -3.01613e-12
4.06057e-07 -5.47935e-12
4.05945e-07 -6.24772e-12
4.05928e-07 -5.74400e-12
4.06410e-07 -3.27284e-12
4.06599e-07 -2.28099e-13
4.06549e-07 6.47642e-13
4.06547e-07 5.45603e-13
4.06864e-07 1.31567e-12
4.07231e-07 2.97580e-12
4.07324e-07 3.27756e-12
4.07100e-07 4.57051e-12
4.07230e-07 5.59199e-12
4.07719e-07 5.30242e-12
4.07453e-07 3.48193e-12
4.07460e-07 2.27517e-12
4.07665e-07 1.46953e-12
4.07742e-07 3.17966e-13
4.07521e-07 -9.93009e-13
4.07633e-07 -9.54481e-13
4.07844e-07 -8.69802e-13
4.07834e-07 1.92072e-13
4.07996e-07 1.59545e-12
4.08045e-07 1.18224e-12
4.07796e-07 -1.21690e-12
4.07936e-07 -3.23405e-12
4.08700e-07 -3.91237e-12
4.08294e-07 -4.11400e-12
4.08287e-07 -5.26124e-12
4.08320e-07 -3.82566e-12
4.08547e-07 -1.71080e-12
4.08674e-07 -1.14765e-12
4.08559e-07 -3.22775e-12
4.08494e-07 -3.54454e-12
4.08809e-07 -3.31190e-12
4.08798e-07 -2.11202e-12
4.09046e-07 8.26509e-14
4.09288e-07 3.19413e-12
4.09307e-07 4.94304e-12
4.09245e-07 6.62182e-12
4.09678e-07 5.71851e-12
4.09635e-07 3.92917e-12
4.09774e-07 2.28330e-12
4.09566e-07 8.76407e-13
4.09912e-07 1.60436e-13
4.10038e-07 -1.65478e-12
4.09892e-07 -3.19179e-12
4.10081e-07 -3.47551e-12
4.10070e-07 -4.86315e-12
4.09770e-07 -7.38192e-12
4.09561e-07 -1.10107e-11
4.09789e-07 -1.21158e-11
4.09898e-07 -1.14834e-11
4.10347e-07 -9.13927e-12
4.10265e-07 -6.69098e-12
4.10224e-07 -5.00888e-12
4.10702e-07 -3.94140e-12
4.10684e-07 -3.83507e-12
4.10849e-07 -3.68314e-12
4.10653e-07 -1.95959e-12
4.10969e-07 -9.22366e-13
4.11634e-07 -2.44787e-14
4.11589e-07 1.23346e-12
4.11680e-07 1.64623e-12
4.11584e-07 2.38926e-12
4.11469e-07 2.24720e-12
4.11686e-07 1.30541e-12
4.11570e-07 9.66980e-13
4.11519e-07 -8.45232e-13
4.11804e-07 -1.02365e-12
4.12091e-07 -3.62424e-13
4.11931e-07 -1.04860e-12
4.11956e-07 -2.86326e-12
4.12053e-07 -5.59978e-12
4.11939e-07 -8.29093e-12
4.12012e-07 -9.78936e-12
4.12044e-07 -1.02175e-11
4.12326e-07 -9.55130e-12
4.12411e-07 -8.99458e-12
4.12328e-07 -7.49002e-12
4.12465e-07 -6.18246e-12
4.12704e-07 -5.95293e-12
4.12706e-07 -6.25450e-12
4.12866e-07 -6.09013e-12
4.12845e-07 -5.44764e-12
4.13201e-07 -4.29501e-12
4.13046e-07 -3.30065e-12
4.13338e-07 -2.42767e-12
4.13114e-07 -2.70762e-12
4.13295e-07 -3.95416e-12
4.13287e-07 -4.94112e-12
4.13448e-07 -5.31995e-12
4.13586e-07 -5.21854e-12
4.13607e-07 -2.75348e-12
4.14119e-07 2.24007e-13
4.14064e-07 2.64997e-12
4.14227e-07 5.56918e-12
4.14800e-07 9.07163e-12
4.14727e-07 1.19667e-11
4.14470e-07 1.42792e-11
4.14959e-07 1.62446e-11
4.14962e-07 1.92415e-11
4.15458e-07 2.24012e-11
4.15540e-07 2.46011e-11
4.15842e-07 2.38841e-11
4.15897e-07 2.23128e-11
4.15638e-07 2.01545e-11
4.15604e-07 1.68192e-11
4.15641e-07 1.27038e-11
4.15559e-07 8.34592e-12
4.15323e-07 3.33943e-12
4.15416e-07 2.01171e-13
4.15200e-07 -1.96212e-12
4.15462e-07 -4.82459e-12
4.15371e-07 -6.45978e-12
4.15214e-07 -8.76618e-12
4.15311e-07 -1.19118e-11
4.15162e-07 -1.46414e-11
4.15231e-07 -1.72017e-11
4.15406e-07 -1.79366e-11
4.15374e-07 -1.81826e-11
4.15313e-07 -1.93255e-11
4.15385e-07 -2.13822e-11
4.15572e-07 -2.05997e-11
4.15401e-07 -1.94992e-11
4.15872e-07 -1.91469e-11
4.15923e-07 -1.74656e-11
4.15958e-07 -1.65018e-11
4.16398e-07 -1.51380e-11
4.16472e-07 -1.32172e-11
4.16522e-07 -1.00264e-11
4.16702e-07 -8.29134e-12
4.16727e-07 -6.35382e-12
4.17051e-07 -4.41327e-12
4.17090e-07 -2.81802e-12
4.17444e-07 -1.59305e-12
4.17360e-07 1.84193e-14
4.18026e-07 3.14435e-12
4.18102e-07 5.06500e-12
4.17913e-07 6.80888e-12
4.18196e-07 9.64904e-12
4.18573e-07 1.29651e-11
4.18639e-07 1.56425e-11
4.18540e-07 1.68886e-11
4.18895e-07 1.71425e-11
4.18907e-07 1.57871e-11
4.18988e-07 1.37228e-11
4.18907e-07 1.25164e-11
4.18719e-07 1.20504e-11
4.18996e-07 1.08240e-11
4.18795e-07 8.79034e-12
4.19031e-07 5.66264e-12
4.18883e-07 2.73371e-12
4.19122e-07 1.33845e-12
4.18918e-07 5.96493e-13
4.18800e-07 -7.45426e-13
4.18640e-07 -2.60441e-12
4.18997e-07 -2.94912e-12
4.19071e-07 -1.46892e-12
4.19394e-07 -9.31878e-13
4.19512e-07 -1.23349e-12
4.19339e-07 -5.07842e-13
4.19889e-07 9.60882e-13
4.19755e-07 3.50480e-12
4.19819e-07 6.77422e-12
4.20222e-07 1.09494e-11
4.20671e-07 1.35320e-11
4.20535e-07 1.35737e-11
4.20867e-07 1.28157e-11
4.20558e-07 1.19367e-11
4.20589e-07 1.11433e-11
4.20506e-07 8.84966e-12
4.21068e-07 4.19215e-12
4.20260e-07 7.54674e-13
4.20389e-07 -1.89279e-12
4.20546e-07 -4.32471e-12
4.20134e-07 -8.38447e-12
4.20096e-07 -1.28107e-11
4.20200e-07 -1.64138e-11
4.20519e-07 -1.65743e-11
4.20799e-07 -1.52384e-11
4.20655e-07 -1.28897e-11
4.21010e-07 -9.84522e-12
4.21189e-07 -6.29951e-12
4.21560e-07 -2.99309e-12
4.21703e-07 -4.47319e-13
4.21628e-07 2.86264e-12
4.22089e-07 5.83520e-12
4.21916e-07 8.55872e-12
4.22015e-07 1.12619e-11
4.22202e-07 1.26595e-11
4.22493e-07 1.45448e-11
4.22557e-07 1.35220e-11
4.22469e-07 1.16722e-11
4.22662e-07 8.28318e-12
4.22932e-07 6.94247e-12
4.22960e-07 5.50851e-12
4.22672e-07 3.80519e-12
4.22573e-07 2.34151e-12
4.22670e-07 1.64971e-12
4.22644e-07 3.03540e-13
4.23029e-07 -1.65616e-13
4.22679e-07 -8.44496e-13
4.22793e-07 -2.34732e-12
4.23102e-07 -4.51065e-12
4.22836e-07 -6.20934e-12
4.22771e-07 -8.08091e-12
4.23104e-07 -1.00261e-11
4.23019e-07 -1.14616e-11
4.23317e-07 -1.20578e-11
4.23168e-07 -1.15871e-11
4.23490e-07 -9.27773e-12
4.23551e-07 -6.71789e-12
4.23805e-07 -3.59266e-12
4.24220e-07 -1.66740e-12
4.24226e-07 -1.63680e-12
4.24025e-07 -5.03353e-13
4.23906e-07 -2.85053e-13
4.24597e-07 -2.04498e-13
4.24625e-07 -4.38758e-13
4.24379e-07 -3.00215e-12
4.24275e-07 -6.38315e-12
4.24211e-07 -9.43808e-12
4.24469e-07 -1.09298e-11
4.24112e-07 -1.13593e-11
4.24469e-07 -1.08591e-11
4.24760e-07 -8.86508e-12
4.24563e-07 -6.94380e-12
4.24657e-07 -4.20922e-12
4.24861e-07 -2.91529e-12
4.25026e-07 -2.86033e-12
4.25132e-07 -2.05129e-12
4.25229e-07 -1.86202e-12
4.25261e-07 -2.39875e-12
4.25491e-07 -1.44686e-12
4.25501e-07 -9.74245e-13
4.25707e-07 2.63456e-13
4.25872e-07 -1.99453e-13
4.25924e-07 -8.78211e-13
4.26055e-07 -4.50893e-13
4.25855e-07 -5.91888e-14
4.26417e-07 1.18746e-12
4.26286e-07 1.54999e-12
4.26529e-07 6.53977e-13
4.26411e-07 8.83484e-13
4.26388e-07 8.41797e-13
4.26483e-07 -1.90166e-13
4.26629e-07 -1.85698e-12
4.26654e-07 -1.56598e-12
4.27035e-07 -2.48206e-13
4.26953e-07 -1.95592e-13
4.27213e-07 6.69669e-13
4.27199e-07 2.17315e-12
4.27321e-07 3.16094e-12
4.27353e-07 3.93102e-12
4.27738e-07 3.45244e-12
4.27214e-07 1.65561e-12
4.27526e-07 -1.15489e-12
4.27745e-07 -3.95259e-12
4.27831e-07 -4.53928e-12
4.27645e-07 -5.43776e-12
4.27587e-07 -5.59430e-12
4.27436e-07 -3.89758e-12
4.27887e-07 -1.74002e-12
4.27848e-07 6.51677e-13
4.28271e-07 3.40735e-12
4.28382e-07 7.12625e-12
4.28621e-07 9.07984e-12
4.28625e-07 1.05808e-11
4.29080e-07 1.36558e-11
4.29189e-07 1.59246e-11
4.29399e-07 1.74553e-11
4.29651e-07 1.83491e-11
4.29439e-07 1.69272e-11
4.29241e-07 1.47517e-11
4.29289e-07 1.42312e-11
4.29564e-07 1.31858e-11
4.29696e-07 1.33212e-11
4.29699e-07 1.17194e-11
4.29667e-07 1.06831e-11
4.29768e-07 9.82246e-12
4.30180e-07 1.01773e-11
4.29746e-07 1.02172e-11
4.29846e-07 1.01432e-11
4.30130e-07 1.00342e-11
4.30121e-07 9.71361e-12
4.30329e-07 8.86401e-12
4.30519e-07 8.10160e-12
4.30402e-07 6.79735e-12
4.30581e-07 5.13076e-12
4.30610e-07 3.72800e-12
4.30585e-07 2.58998e-12
4.30225e-07 1.99503e-12
4.30701e-07 1.96058e-12
4.30668e-07 1.71899e-12
4.30352e-07 3.19257e-12
4.30883e-07 3.83255e-12
4.30945e-07 4.11061e-12
4.31352e-07 4.21527e-12
4.31317e-07 4.89480e-12
4.31302e-07 5.37259e-12
4.31220e-07 5.83637e-12
4.31656e-07 5.80340e-12
4.31637e-07 4.61737e-12
4.31302e-07 2.66293e-12
4.31702e-07 1.52600e-12
4.31340e-07 -4.89973e-14
4.31697e-07 -1.87426e-12
4.31843e-07 -2.05472e-12
4.32011e-07 -1.63015e-12
4.32045e-07 -1.31269e-12
4.32203e-07 -6.87093e-13
4.32105e-07 -1.04439e-13
4.32091e-07 -5.58392e-13
4.32252e-07 -2.77451e-12
4.32310e-07 -6.33367e-12
4.32046e-07 -9.05160e-12
4.31835e-07 -1.21790e-11
4.32249e-07 -1.30800e-11
4.32281e-07 -1.14236e-11
4.32338e-07 -9.54442e-12
4.32271e-07 -8.53323e-12
4.32550e-07 -6.40888e-12
4.32896e-07 -4.42852e-12
4.33148e-07 -2.85080e-12
4.33422e-07 -1.09291e-13
4.32973e-07 3.57772e-12
4.33544e-07 6.18425e-12
4.33248e-07 7.04783e-12
4.33966e-07 7.34871e-12
4.34124e-07 7.05675e-12
4.34156e-07 5.58509e-12
4.34124e-07 3.75551e-12
4.33823e-07 1.87574e-12
4.33914e-07 -8.71168e-13
4.33753e-07 -2.90839e-12
4.34120e-07 -3.15406e-12
4.34014e-07 -2.89772e-12
4.34242e-07 -4.73036e-12
4.34064e-07 -6.69142e-12
4.33975e-07 -9.12174e-12
4.34202e-07 -1.21241e-11
4.33965e-07 -1.49030e-11
4.33883e-07 -1.63771e-11
4.34004e-07 -1.66085e-11
4.34502e-07 -1.60237e-11
4.34445e-07 -1.50052e-11
4.34578e-07 -1.26981e-11
4.34793e-07 -9.50383e-12
4.34933e-07 -7.06554e-12
4.35014e-07 -5.47721e-12
4.35052e-07 -5.04270e-12
4.35315e-07 -5.44865e-12
4.35323e-07 -5.22579e-12
4.35196e-07 -5.58253e-12
4.35365e-07 -5.26729e-12
4.35352e-07 -5.59272e-12
4.35752e-07 -6.18430e-12
4.35662e-07 -7.31163e-12
4.35876e-07 -7.81413e-12
4.36178e-07 -7.25300e-12
4.36253e-07 -6.34547e-12
4.36043e-07 -4.63231e-12
4.36637e-07 -1.61140e-12
4.36839e-07 2.41029e-12
4.36999e-07 7.36067e-12
4.36965e-07 1.22870e-11
4.37544e-07 1.48912e-11
4.37200e-07 1.43752e-11
4.37510e-07 1.26946e-11
4.37580e-07 1.01612e-11
4.37375e-07 8.21819e-12
4.37377e-07 6.33966e-12
4.37081e-07 3.29570e-12
4.36997e-07 -3.98284e-13
4.37266e-07 -3.91604e-12
4.37171e-07 -7.91706e-12
4.37231e-07 -1.10091e-11
4.37278e-07 -1.29090e-11
4.36983e-07 -1.43627e-11
4.37024e-07 -1.38003e-11
4.37694e-07 -9.63425e-12
4.37691e-07 -5.03404e-12
4.38154e-07 -2.40957e-12
4.38154e-07 -3.47928e-13
4.38456e-07 7.66071e-13
4.38202e-07 1.09810e-12
4.38166e-07 2.48333e-12
4.38214e-07 3.31167e-12
4.38862e-07 4.31992e-12
4.38837e-07 4.80596e-12
4.38983e-07 4.04133e-12
4.39141e-07 3.29842e-12
4.39136e-07 3.02984e-12
4.39122e-07 2.26133e-12
4.39191e-07 3.37752e-12
4.39465e-07 3.85165e-12
4.39588e-07 3.95453e-12
4.39275e-07 3.92243e-12
4.39486e-07 3.48189e-12
4.39438e-07 1.90478e-12
4.39524e-07 -8.29978e-13
4.39378e-07 -2.22958e-12
4.39731e-07 -3.56856e-12
4.39295e-07 -4.03375e-12
4.39581e-07 -4.18208e-12
4.39497e-07 -4.17836e-12
4.39500e-07 -3.29219e-12
4.40093e-07 -5.77193e-13
4.40404e-07 3.25350e-12
4.40517e-07 7.73009e-12
4.40641e-07 1.27244e-11
4.41014e-07 1.60752e-11
4.41226e-07 1.73888e-11
4.40969e-07 1.65755e-11
4.40924e-07 1.53331e-11
4.41256e-07 1.28479e-11
4.41034e-07 9.31560e-12
4.41227e-07 5.31686e-12
4.41070e-07 1.38113e-12
4.40932e-07 -1.81303e-12
4.40857e-07 -5.28568e-12
4.41038e-07 -8.49816e-12
4.41239e-07 -1.12633e-11
4.40982e-07 -1.27394e-11
4.41009e-07 -1.26481e-11
4.41220e-07 -1.11128e-11
4.41308e-07 -7.88485e-12
4.41449e-07 -6.02378e-12
4.41831e-07 -5.39041e-12
4.41572e-07 -5.60324e-12
4.41886e-07 -6.01948e-12
4.42101e-07 -5.53031e-12
4.42344e-07 -4.17682e-12
4.42257e-07 -2.81618e-12
4.42194e-07 -2.23980e-12
4.42439e-07 -1.63764e-12
4.42228e-07 -3.18794e-13
4.42597e-07 1.52607e-12
4.42720e-07 1.21016e-12
4.42818e-07 1.26819e-12
4.42842e-07 2.29000e-12
4.42914e-07 3.85735e-12
4.43243e-07 5.55871e-12
4.43355e-07 6.87043e-12
4.43467e-07 8.43365e-12
4.43474e-07 8.34163e-12
4.43329e-07 8.14732e-12
4.43754e-07 8.15945e-12
4.44105e-07 8.88953e-12
4.44178e-07 1.06726e-11
4.44365e-07 1.26398e-11
4.44392e-07 1.35354e-11
4.44689e-07 1.33128e-11
4.44706e-07 1.20691e-11
4.44392e-07 1.02849e-11
4.44394e-07 9.18696e-12
4.44482e-07 6.49550e-12
4.44298e-07 4.87922e-12
4.44432e-07 3.55101e-12
4.44519e-07 2.45115e-12
4.44431e-07 5.44521e-13
4.44540e-07 -1.74740e-12
4.44502e-07 -3.78784e-12
4.44223e-07 -4.97058e-12
4.44626e-07 -6.29286e-12
4.44592e-07 -7.53576e-12
4.44738e-07 -7.54163e-12
4.44736e-07 -7.99397e-12
4.44734e-07 -7.98379e-12
4.44814e-07 -8.55408e-12
4.45066e-07 -9.03826e-12
4.45159e-07 -9.29020e-12
4.45481e-07 -8.48646e-12
4.45346e-07 -7.12402e-12
4.45492e-07 -6.54795e-12
4.45483e-07 -6.09710e-12
4.45826e-07 -5.96125e-12
4.45780e-07 -5.24796e-12
4.45886e-07 -4.11015e-12
4.46043e-07 -3.35297e-12
4.46161e-07 -1.23664e-12
4.45930e-07 1.90474e-12
4.46448e-07 3.33142e-12
4.46572e-07 3.87538e-12
4.46708e-07 4.49682e-12
4.46798e-07 4.12650e-12
4.46694e-07 3.87130e-12
4.46906e-07 2.74420e-12
4.47039e-07 2.81093e-12
4.46778e-07 4.10261e-12
4.47302e-07 5.30253e-12
4.47298e-07 6.86221e-12
4.47488e-07 8.11296e-12
4.47858e-07 9.88443e-12
4.47853e-07 1.16175e-11
4.47987e-07 1.29658e-11
4.48050e-07 1.53346e-11
4.48358e-07 1.66933e-11
4.48574e-07 1.82981e-11
4.48576e-07 1.99153e-11
4.48651e-07 2.00545e-11
4.48701e-07 1.88339e-11
4.48797e-07 1.64665e-11
4.48444e-07 1.26298e-11
4.48495e-07 8.02682e-12
4.48206e-07 3.21253e-12
4.48343e-07 -3.66407e-13
4.48482e-07 -2.41412e-12
4.48706e-07 -4.50328e-12
4.48257e-07 -5.51885e-12
4.48201e-07 -5.91349e-12
4.48744e-07 -5.99564e-12
4.48469e-07 -6.52149e-12
4.48764e-07 -7.28022e-12
4.48841e-07 -6.16956e-12
4.49001e-07 -4.38575e-12
4.49037e-07 -1.83343e-12
4.49422e-07 8.14017e-13
4.49210e-07 1.57624e-12
4.49489e-07 2.59813e-13
4.49554e-07 -1.44423e-12
4.49648e-07 -3.64798e-12
4.49499e-07 -4.76628e-12
4.49455e-07 -5.70560e-12
4.49585e-07 -5.70849e-12
4.49550e-07 -6.39217e-12
4.49381e-07 -8.67034e-12
4.49367e-07 -9.03491e-12
4.50412e-07 -9.05032e-12
4.49970e-07 -7.76577e-12
4.50048e-07 -6.01928e-12
4.50039e-07 -3.46815e-12
4.50579e-07 3.67808e-13
4.50872e-07 3.45908e-12
4.51042e-07 4.97755e-12
4.51002e-07 5.40474e-12
4.50984e-07 5.15440e-12
4.51187e-07 5.09666e-12
4.51436e-07 5.14160e-12
4.51383e-07 4.99522e-12
4.51267e-07 5.82416e-12
4.51717e-07 5.17247e-12
4.51367e-07 3.80214e-12
4.51436e-07 7.69239e-13
4.51296e-07 -2.72989e-12
4.51593e-07 -4.94473e-12
4.51558e-07 -6.67438e-12
4.51595e-07 -6.77458e-12
4.51721e-07 -6.09410e-12
4.51890e-07 -4.24490e-12
4.52058e-07 -1.89436e-12
4.51986e-07 -7.90496e-13
4.52469e-07 3.71441e-13
4.52555e-07 1.42691e-12
4.52539e-07 3.27777e-12
4.52584e-07 5.57215e-12
4.52820e-07 7.69961e-12
4.53234e-07 1.09064e-11
4.53304e-07 1.44414e-11
4.53454e-07 1.72795e-11
4.53425e-07 1.79950e-11
4.53411e-07 1.67907e-11
4.53369e-07 1.33725e-11
4.53495e-07 1.00451e-11
4.53393e-07 6.47863e-12
4.53215e-07 2.55100e-12
4.53200e-07 -6.41358e-13
4.53356e-07 -2.90831e-12
4.53144e-07 -5.38375e-12
4.53624e-07 -8.31843e-12
4.53143e-07 -1.14521e-11
4.53216e-07 -1.42121e-11
4.53019e-07 -1.53643e-11
4.53561e-07 -1.52650e-11
4.53442e-07 -1.41931e-11
4.53773e-07 -1.07688e-11
4.53941e-07 -6.70206e-12
4.54251e-07 -2.74452e-12
4.54202e-07 -1.73644e-13
4.54604e-07 2.73678e-12
4.55058e-07 4.99311e-12
4.54954e-07 6.73365e-12
4.54785e-07 6.55257e-12
4.55014e-07 6.19667e-12
4.55330e-07 6.76360e-12
4.55273e-07 8.26889e-12
4.55338e-07 7.83901e-12
4.55563e-07 6.67888e-12
4.55346e-07 5.20488e-12
4.55604e-07 3.92581e-12
4.55289e-07 2.33915e-12
4.55559e-07 9.30997e-13
4.55288e-07 -1.82898e-12
4.55270e-07 -3.45116e-12
4.55644e-07 -5.07996e-12
4.55427e-07 -5.44303e-12
4.55687e-07 -5.37604e-12
4.55765e-07 -5.24303e-12
4.55659e-07 -6.76277e-12
4.55973e-07 -7.62524e-12
4.55860e-07 -7.75569e-12
4.55848e-07 -7.70126e-12
4.56319e-07 -6.84928e-12
4.56080e-07 -6.59519e-12
4.56100e-07 -7.63171e-12
4.55821e-07 -8.68839e-12
4.56424e-07 -8.81840e-12
4.56594e-07 -9.90024e-12
4.56448e-07 -1.19603e-11
4.56286e-07 -1.32937e-11
4.56265e-07 -1.48263e-11
4.56641e-07 -1.51421e-11
4.56483e-07 -1.40062e-11
4.57124e-07 -1.08028e-11
4.56631e-07 -7.09746e-12
4.57117e-07 -4.87974e-12
4.57199e-07 -4.27011e-12
4.57673e-07 -1.49877e-12
4.57785e-07 1.04170e-12
4.57821e-07 1.29545e-12
4.57902e-07 1.89612e-12
4.57937e-07 1.98774e-12
4.57883e-07 2.06818e-12
4.58154e-07 1.79057e-12
4.58296e-07 2.15726e-12
4.58104e-07 1.24935e-12
4.58105e-07 -2.73791e-14
4.58665e-07 -2.91057e-13
4.58604e-07 -7.23444e-13
4.58462e-07 -1.14333e-12
4.58706e-07 9.61974e-13
4.59000e-07 2.56854e-12
4.58883e-07 2.79978e-12
4.59113e-07 1.62903e-12
4.59143e-07 2.40185e-13
4.59220e-07 3.59230e-13
4.59269e-07 1.35874e-13
4.59229e-07 -1.37471e-12
4.59391e-07 -1.02342e-12
4.59391e-07 6.95676e-14
4.59206e-07 1.35185e-12
4.59870e-07 3.84883e-12
4.60077e-07 6.33880e-12
4.59986e-07 8.38955e-12
4.60253e-07 1.03295e-11
4.60425e-07 1.32263e-11
4.60783e-07 1.57294e-11
4.60735e-07 1.66887e-11
4.60908e-07 1.70465e-11
4.60674e-07 1.51719e-11
4.60922e-07 1.28826e-11
4.60977e-07 1.09287e-11
4.60933e-07 8.19323e-12
4.60727e-07 5.60938e-12
4.60353e-07 2.86103e-12
4.60767e-07 2.17064e-13
4.60915e-07 -2.44559e-12
4.60488e-07 -4.74534e-12
4.60774e-07 -6.80698e-12
4.60768e-07 -7.41469e-12
4.60935e-07 -8.47200e-12
4.61073e-07 -9.29101e-12
4.61171e-07 -8.94553e-12
4.61258e-07 -7.54610e-12
4.61282e-07 -5.68536e-12
4.61506e-07 -4.97462e-12
4.61396e-07 -4.53268e-12
4.61800e-07 -2.71746e-12
4.61778e-07 -1.50734e-12
4.61852e-07 2.62956e-13
4.62269e-07 1.82217e-12
4.62652e-07 3.37732e-12
4.62483e-07 4.74172e-12
4.62813e-07 7.27835e-12
4.63105e-07 9.51391e-12
4.62789e-07 1.17409e-11
4.63018e-07 1.27974e-11
4.62879e-07 1.35656e-11
4.63245e-07 1.32451e-11
4.63087e-07 1.32798e-11
4.63522e-07 1.34976e-11
4.63518e-07 1.27773e-11
4.63582e-07 1.20959e-11
4.63512e-07 9.83019e-12
4.63579e-07 8.28768e-12
4.63643e-07 7.52065e-12
4.63554e-07 6.03203e-12
4.63559e-07 5.04214e-12
4.63784e-07 4.15358e-12
4.63871e-07 2.07181e-12
4.63724e-07 5.03006e-13
4.63679e-07 5.20887e-13
4.63647e-07 4.04118e-13
4.63800e-07 -3.93959e-13
4.64005e-07 -1.82354e-12
4.64320e-07 -2.67009e-12
4.64132e-07 -1.65928e-12
4.64247e-07 -1.16647e-12
4.64524e-07 -2.43330e-12
4.64205e-07 -4.93750e-12
4.63893e-07 -7.12901e-12
4.64104e-07 -8.72583e-12
4.64179e-07 -8.18053e-12
4.64286e-07 -6.61570e-12
4.64468e-07 -4.83518e-12
4.64782e-07 -4.28707e-12
4.65239e-07 -3.33214e-12
4.65049e-07 -2.26291e-12
4.65009e-07 -1.71054e-12
4.65339e-07 -2.29647e-12
4.65456e-07 -2.15549e-12
4.65595e-07 -2.82133e-12
4.65684e-07 -3.44912e-12
4.65615e-07 -3.43839e-12
4.65498e-07 -3.30867e-12
4.65457e-07 -4.37103e-12
4.65765e-07 -5.20671e-12
4.65591e-07 -5.57322e-12
4.65506e-07 -5.78241e-12
4.65773e-07 -4.49538e-12
4.66099e-07 -1.38655e-12
4.66137e-07 1.65385e-12
4.66444e-07 4.08164e-12
4.66831e-07 6.32480e-12
4.67020e-07 1.13331e-11
4.67353e-07 1.57426e-11
4.67209e-07 1.65050e-11
4.67371e-07 1.54248e-11
4.67399e-07 1.49911e-11
4.67447e-07 1.31641e-11
4.67394e-07 1.07059e-11
4.67452e-07 7.20987e-12
4.67214e-07 4.41116e-12
4.67139e-07 2.71191e-12
4.67285e-07 1.85852e-12
4.67219e-07 9.35921e-13
4.67276e-07 -2.24597e-12
4.67228e-07 -5.32152e-12
4.67180e-07 -6.68761e-12
4.67322e-07 -7.63226e-12
4.67279e-07 -8.33722e-12
4.67457e-07 -8.14241e-12
4.67764e-07 -6.55895e-12
4.67947e-07 -6.79695e-12
4.67931e-07 -7.53814e-12
4.68197e-07 -7.64617e-12
4.68296e-07 -6.56214e-12
4.68302e-07 -6.13817e-12
4.68467e-07 -4.35218e-12
4.68351e-07 -2.57053e-12
4.68599e-07 -1.06453e-12
4.68784e-07 -9.93443e-13
4.68909e-07 -7.96729e-13
4.69348e-07 -1.46803e-12
4.69155e-07 -2.55533e-12
4.69069e-07 -3.51599e-12
4.68879e-07 -4.22323e-12
4.68890e-07 -5.56953e-12
4.68823e-07 -8.18636e-12
4.68839e-07 -1.07104e-11
4.69285e-07 -1.19963e-11
4.69127e-07 -1.26703e-11
4.69240e-07 -1.15119e-11
4.69495e-07 -9.05125e-12
4.69774e-07 -4.70279e-12
4.70103e-07 -1.01545e-12
4.70441e-07 2.32645e-12
4.70467e-07 3.88999e-12
4.70108e-07 3.28192e-12
4.70133e-07 3.07045e-12
4.70401e-07 2.82542e-12
4.70428e-07 2.83004e-12
4.70477e-07 3.09962e-12
4.70727e-07 2.01793e-12
4.70921e-07 -2.08004e-13
4.70921e-07 -1.49631e-12
4.70871e-07 -4.51032e-12
4.70718e-07 -7.60267e-12
4.70624e-07 -1.03703e-11
4.70733e-07 -1.11452e-11
4.71002e-07 -1.00497e-11
4.70781e-07 -8.52885e-12
4.71118e-07 -6.57675e-12
4.71435e-07 -6.11733e-12
4.71360e-07 -6.32789e-12
4.71558e-07 -6.78295e-12
4.71013e-07 -8.09068e-12
4.71596e-07 -7.58423e-12
4.71200e-07 -6.97627e-12
4.71238e-07 -4.95127e-12
4.71944e-07 -2.21634e-12
4.72140e-07 2.11713e-13
4.72270e-07 1.60766e-12
4.72258e-07 1.49708e-12
4.72140e-07 -1.34352e-12
4.72037e-07 -5.45875e-12
4.72271e-07 -8.95182e-12
4.72380e-07 -1.08382e-11
4.72380e-07 -1.19375e-11
4.72362e-07 -1.26866e-11
4.72325e-07 -1.21155e-11
4.72550e-07 -1.23048e-11
4.72251e-07 -1.42701e-11
4.72590e-07 -1.56044e-11
4.72567e-07 -1.54817e-11
4.72560e-07 -1.41412e-11
4.72890e-07 -1.23967e-11
4.73150e-07 -9.30524e-12
4.73396e-07 -5.54761e-12
4.73507e-07 -2.47090e-12
4.73671e-07 -1.36565e-12
4.73727e-07 -1.54257e-12
4.73926e-07 -3.59613e-12
4.73735e-07 -5.22856e-12
4.73855e-07 -4.17287e-12
4.74177e-07 -3.31032e-12
4.74266e-07 -2.34019e-12
4.74005e-07 -1.09453e-12
4.74335e-07 -1.45582e-12
4.74277e-07 -3.46613e-12
4.74460e-07 -6.97178e-12
4.74235e-07 -9.00924e-12
4.74573e-07 -9.42806e-12
4.74587e-07 -8.72248e-12
4.74431e-07 -8.12186e-12
4.74710e-07 -6.72385e-12
4.74560e-07 -5.25474e-12
4.74866e-07 -3.53091e-12
4.75446e-07 -1.46236e-12
4.75448e-07 9.50896e-13
4.75706e-07 3.70887e-12
4.75891e-07 6.81155e-12
4.76149e-07 1.02589e-11
4.76372e-07 1.40511e-11
4.76346e-07 1.81879e-11
4.76580e-07 2.26694e-11
