# "SpringConstant: 0.0300"
3.69591e-07 2.77485e-12
3.69662e-07 6.78607e-12
3.69277e-07 -4.90498e-12
3.69667e-07 8.40418e-12
3.69112e-07 -5.27093e-12
3.68578e-07 -1.91419e-11
3.68937e-07 -1.82758e-12
3.68568e-07 -1.16064e-11
3.68917e-07 1.33878e-11
3.68198e-07 -6.29726e-12
3.68225e-07 -4.92873e-13
3.68669e-07 1.28188e-11
3.68175e-07 1.43823e-11
3.68351e-07 2.57269e-11
3.67350e-07 6.89914e-12
3.67173e-07 6.49395e-12
3.66667e-07 -2.71534e-12
3.67090e-07 1.70850e-11
3.66682e-07 1.62865e-11
3.66146e-07 6.81281e-12
3.66195e-07 2.29148e-11
3.65338e-07 1.06792e-13
3.65501e-07 2.05136e-11
3.64742e-07 6.00553e-12
3.64204e-07 -2.18114e-12
3.64620e-07 2.44661e-11
3.64128e-07 2.47761e-11
3.63934e-07 1.73604e-11
3.63138e-07 6.28516e-12
3.62853e-07 1.08881e-11
3.62674e-07 1.75921e-11
3.61881e-07 -1.97613e-12
3.62220e-07 1.88966e-11
3.61771e-07 1.85708e-11
3.61010e-07 8.29903e-13
3.61058e-07 1.51155e-11
3.60896e-07 1.62877e-11
3.60634e-07 2.74740e-11
3.60094e-07 1.37355e-11
3.59956e-07 1.47720e-11
3.58590e-07 -1.25389e-11
3.58720e-07 2.01044e-12
3.59110e-07 3.16480e-11
3.58720e-07 2.04358e-11
3.57785e-07 5.08153e-12
3.57640e-07 1.81714e-11
3.56990e-07 -1.87523e-12
3.56602e-07 -2.57066e-12
3.56382e-07 7.55828e-12
3.56177e-07 5.88882e-12
3.56600e-07 2.37196e-11
3.55565e-07 7.42192e-12
3.54184e-07 -1.88951e-11
3.54471e-07 -3.00956e-12
3.54392e-07 6.93199e-12
3.54892e-07 2.89597e-11
3.54156e-07 1.66352e-11
3.53787e-07 1.24274e-11
3.53197e-07 7.75748e-12
3.53419e-07 1.87215e-11
3.53146e-07 1.89195e-11
3.51719e-07 2.39828e-12
3.52368e-07 1.92005e-11
3.51801e-07 1.50858e-11
3.51478e-07 1.89768e-11
3.51375e-07 2.69828e-11
3.50476e-07 7.13834e-12
3.50408e-07 1.08650e-11
3.50197e-07 1.94656e-11
3.49714e-07 1.42001e-11
3.48978e-07 3.42319e-12
3.49210e-07 1.91008e-11
3.48315e-07 7.15523e-12
3.47718e-07 -3.45759e-13
3.48338e-07 2.41378e-11
3.47312e-07 4.52459e-12
3.46843e-07 3.13626e-12
3.47139e-07 1.92686e-11
3.46151e-07 -5.18286e-13
3.46810e-07 2.67652e-11
3.45931e-07 9.58117e-12
3.45602e-07 1.39056e-11
3.45689e-07 1.92333e-11
3.45346e-07 2.09962e-11
3.44791e-07 1.42773e-11
3.44087e-07 4.61467e-12
3.43709e-07 8.17572e-12
3.43317e-07 1.51382e-12
3.43084e-07 1.45975e-11
3.42717e-07 3.51073e-12
3.42780e-07 1.75620e-11
3.42846e-07 2.64928e-11
3.42398e-07 2.73828e-11
3.41793e-07 1.90559e-11
3.41075e-07 9.83162e-12
3.40888e-07 1.38936e-11
3.40250e-07 -4.46305e-12
3.40414e-07 1.85197e-11
3.40353e-07 2.05415e-11
3.40026e-07 2.62829e-11
3.39193e-07 5.43897e-12
3.38524e-07 -2.36276e-12
3.38262e-07 -5.52079e-13
3.38326e-07 1.00796e-11
3.37766e-07 6.48212e-12
3.37914e-07 1.56541e-11
3.37325e-07 1.71312e-11
3.36794e-07 8.24502e-12
3.36107e-07 -2.53351e-12
3.36071e-07 6.88577e-12
3.35649e-07 -1.87279e-12
3.35935e-07 1.64277e-11
3.36265e-07 3.95054e-11
3.35509e-07 2.66837e-11
3.34632e-07 1.76380e-11
3.34107e-07 8.15316e-13
3.33692e-07 2.73992e-12
3.33494e-07 6.58083e-12
3.33309e-07 1.62923e-11
3.33669e-07 2.93852e-11
3.32416e-07 5.65890e-12
3.32712e-07 2.07239e-11
3.31842e-07 1.18887e-11
3.31471e-07 9.81122e-12
3.31432e-07 1.64686e-11
3.30884e-07 1.40978e-11
3.30551e-07 1.12183e-11
3.29541e-07 -1.29146e-11
3.30084e-07 1.51276e-11
3.29770e-07 1.49386e-11
3.29199e-07 1.16979e-11
3.28655e-07 5.96055e-12
3.28164e-07 2.08460e-12
3.28074e-07 5.79156e-12
3.27874e-07 1.32760e-11
3.27164e-07 2.86593e-13
3.27491e-07 1.74011e-11
3.26869e-07 3.41833e-12
3.26188e-07 1.35092e-12
3.26197e-07 1.44346e-11
3.26045e-07 1.60054e-11
3.25988e-07 2.37162e-11
3.25517e-07 2.31579e-11
3.24753e-07 1.52066e-11
3.24200e-07 -4.76640e-14
3.24453e-07 1.74145e-11
3.23676e-07 9.77017e-13
3.23590e-07 1.03989e-11
3.23166e-07 1.51629e-11
3.23261e-07 1.93792e-11
3.22483e-07 9.29233e-12
3.21692e-07 5.61219e-13
3.21362e-07 -9.50797e-12
3.21319e-07 -3.24185e-12
3.21008e-07 3.94719e-12
3.20645e-07 3.19280e-13
3.20178e-07 -5.12860e-14
3.20032e-07 3.07548e-12
3.20253e-07 1.88017e-11
3.19260e-07 3.77039e-12
3.19498e-07 1.78619e-11
3.18980e-07 1.86777e-11
3.18712e-07 4.09500e-12
3.18597e-07 2.33877e-11
3.18304e-07 2.39859e-11
3.17719e-07 1.20424e-11
3.17315e-07 1.23726e-11
3.16379e-07 -5.96880e-12
3.16203e-07 -1.75276e-12
3.15900e-07 -1.25760e-12
3.15647e-07 9.39394e-12
3.15503e-07 1.64337e-11
3.15884e-07 2.80661e-11
3.14817e-07 1.38450e-11
3.15077e-07 3.02084e-11
3.14398e-07 1.47057e-11
3.13992e-07 1.50583e-11
3.13851e-07 2.17095e-11
3.13860e-07 2.70655e-11
3.12609e-07 5.16234e-13
3.12460e-07 7.46657e-12
3.12136e-07 5.54231e-12
3.11511e-07 -3.04426e-13
3.11716e-07 1.31756e-11
3.11244e-07 9.64318e-12
3.10916e-07 5.77210e-12
3.10584e-07 1.08140e-11
3.09916e-07 5.56419e-12
3.10358e-07 2.42302e-11
3.09875e-07 2.14778e-11
3.09156e-07 5.96176e-12
3.09315e-07 1.85549e-11
3.08416e-07 7.24695e-12
3.08282e-07 1.15155e-11
3.07668e-07 1.25543e-12
3.07744e-07 1.04315e-11
3.07489e-07 2.47871e-11
3.06734e-07 9.75381e-12
3.06422e-07 9.33818e-12
3.06518e-07 2.25026e-11
3.06045e-07 1.21623e-11
3.05710e-07 1.74268e-11
3.05603e-07 2.56162e-11
3.05760e-07 3.78228e-11
3.05196e-07 2.86831e-11
3.04090e-07 5.86450e-12
3.03692e-07 8.80793e-12
3.03772e-07 1.38851e-11
3.02890e-07 3.74659e-12
3.02653e-07 9.36598e-12
3.02364e-07 4.94212e-12
3.02249e-07 9.75381e-12
3.01765e-07 6.41404e-12
3.01877e-07 2.07899e-11
3.01114e-07 4.88943e-12
3.00381e-07 -6.61296e-14
3.00893e-07 2.54672e-11
3.00183e-07 8.32770e-12
3.00158e-07 1.96102e-11
3.00186e-07 2.70709e-11
2.99493e-07 2.14193e-11
2.99087e-07 1.68650e-11
2.98728e-07 1.24684e-11
2.98470e-07 1.91798e-11
2.97993e-07 1.60844e-11
2.97805e-07 1.57483e-11
2.97687e-07 2.46132e-11
2.97124e-07 2.18643e-11
2.96687e-07 1.26241e-11
2.95563e-07 -1.87523e-12
2.95278e-07 -6.47578e-12
2.95917e-07 1.72591e-11
2.94804e-07 4.18549e-12
2.94992e-07 1.45987e-11
2.94342e-07 1.21836e-11
2.93776e-07 8.47724e-12
2.93983e-07 1.78218e-11
2.93850e-07 1.46067e-11
2.93566e-07 2.07774e-11
2.93097e-07 2.00516e-11
2.92694e-07 1.32383e-11
2.92263e-07 1.02620e-11
2.92164e-07 1.90862e-11
2.91960e-07 2.62395e-11
2.91040e-07 1.46328e-11
2.90948e-07 8.67540e-12
2.90133e-07 6.40164e-13
2.90124e-07 1.33696e-11
2.90269e-07 2.39445e-11
2.89698e-07 2.05257e-11
2.89406e-07 1.13003e-11
2.89251e-07 2.54181e-11
2.89188e-07 2.75005e-11
2.88673e-07 2.22339e-11
2.88250e-07 1.56504e-11
2.87738e-07 1.39647e-11
2.87451e-07 2.03397e-11
2.86539e-07 7.04680e-13
2.86408e-07 5.39102e-12
2.86824e-07 2.91895e-11
2.86035e-07 2.11458e-11
2.85825e-07 1.85322e-11
2.85765e-07 2.86946e-11
2.85270e-07 2.28625e-11
2.84961e-07 1.66521e-11
2.84022e-07 9.45352e-12
2.83844e-07 9.91794e-12
2.83373e-07 1.26470e-11
2.83549e-07 1.84844e-11
2.83084e-07 1.98716e-11
2.82633e-07 1.24624e-11
2.82636e-07 2.40965e-11
2.81817e-07 1.46608e-11
2.81163e-07 -1.25679e-12
2.81678e-07 2.73025e-11
2.81106e-07 1.62316e-11
2.80418e-07 9.84380e-12
2.80662e-07 2.12321e-11
2.79779e-07 9.20063e-12
2.79274e-07 -2.54316e-12
2.79569e-07 1.85403e-11
2.79312e-07 1.66206e-11
2.78595e-07 2.08865e-11
2.78736e-07 2.36163e-11
2.78265e-07 2.71931e-11
2.78176e-07 2.58907e-11
2.77044e-07 7.66995e-12
2.77247e-07 2.58509e-11
2.76736e-07 1.62997e-11
2.76689e-07 3.08940e-11
2.76513e-07 3.15323e-11
2.76424e-07 3.90403e-11
2.75143e-07 1.03556e-11
2.74980e-07 9.00488e-12
2.74747e-07 1.26060e-11
2.73894e-07 3.05116e-12
2.73528e-07 5.17514e-12
2.74424e-07 3.56265e-11
2.73432e-07 1.75045e-11
2.73359e-07 2.39385e-11
2.73225e-07 2.98536e-11
2.72388e-07 8.61948e-12
2.71887e-07 1.31787e-11
2.71304e-07 3.51577e-12
2.70878e-07 4.11497e-12
2.70508e-07 7.01220e-12
2.71351e-07 3.43028e-11
2.70192e-07 1.09793e-11
2.70035e-07 1.68334e-11
2.69358e-07 7.28315e-12
2.69885e-07 2.84259e-11
2.69053e-07 1.79495e-11
2.68414e-07 1.08888e-11
2.68535e-07 1.78692e-11
2.67698e-07 1.11374e-11
2.67449e-07 7.74290e-12
2.67604e-07 1.91920e-11
2.67382e-07 2.61986e-11
2.66996e-07 1.52716e-11
2.66187e-07 9.27114e-12
2.65815e-07 8.90762e-12
2.65134e-07 1.27489e-12
2.65494e-07 2.34303e-11
2.64670e-07 3.17030e-12
2.64256e-07 6.22365e-12
2.64397e-07 2.19944e-11
2.64323e-07 1.87191e-11
2.63927e-07 2.86698e-11
2.63748e-07 2.82910e-11
2.62793e-07 1.00359e-11
2.62307e-07 2.58419e-12
2.62107e-07 1.52577e-11
2.61942e-07 1.65951e-11
2.61516e-07 1.39165e-11
2.61355e-07 2.00564e-11
2.60909e-07 7.42436e-12
2.60564e-07 8.00597e-12
2.60449e-07 2.03093e-11
2.60013e-07 2.20734e-11
2.59284e-07 3.53749e-12
2.59626e-07 2.32795e-11
2.58682e-07 6.27058e-12
2.58879e-07 2.26628e-11
2.58207e-07 1.24796e-11
2.58017e-07 1.67507e-11
2.57382e-07 5.69752e-12
2.57098e-07 5.37332e-12
2.57013e-07 1.57866e-11
2.56665e-07 1.05570e-11
2.55865e-07 3.36119e-12
2.55091e-07 -8.60828e-12
2.55387e-07 7.57638e-12
2.55509e-07 1.61963e-11
2.54981e-07 1.69087e-11
2.54474e-07 5.72769e-12
2.54051e-07 1.34559e-11
2.53943e-07 1.48930e-11
2.54087e-07 2.82487e-11
2.53498e-07 1.61391e-11
2.53070e-07 1.88090e-11
2.52599e-07 1.27918e-11
2.52201e-07 1.10839e-11
2.52132e-07 2.41111e-11
2.52077e-07 2.73810e-11
2.51128e-07 1.71519e-11
2.50962e-07 1.10851e-11
2.50650e-07 1.34217e-11
2.49855e-07 -2.31048e-12
2.49972e-07 1.11556e-11
2.49579e-07 1.16479e-11
2.49641e-07 2.35178e-11
2.49210e-07 1.79653e-11
2.48532e-07 1.37017e-11
2.47371e-07 -5.54327e-12
2.47759e-07 1.15216e-11
2.48108e-07 2.70757e-11
2.47636e-07 2.50752e-11
2.47272e-07 2.35056e-11
2.46876e-07 1.70624e-11
2.45762e-07 5.08941e-13
2.46026e-07 1.58218e-11
2.45663e-07 1.07090e-11
2.45350e-07 1.20091e-11
2.45396e-07 2.74922e-11
2.44341e-07 6.15607e-12
2.44426e-07 1.56018e-11
2.44266e-07 2.53865e-11
2.43160e-07 2.49247e-12
2.43418e-07 2.16649e-11
2.43129e-07 2.18692e-11
2.42713e-07 1.34652e-11
2.42289e-07 1.90267e-11
2.41706e-07 3.65419e-12
2.41517e-07 9.70745e-12
2.41425e-07 2.00747e-11
2.40862e-07 8.97571e-12
2.40658e-07 1.38465e-11
2.40050e-07 6.58303e-12
2.39452e-07 4.19643e-12
2.39232e-07 -7.68081e-13
2.38618e-07 -1.61262e-12
2.38938e-07 1.25781e-11
2.39246e-07 3.61189e-11
2.38275e-07 2.20175e-11
2.37870e-07 1.13842e-11
2.37772e-07 1.71094e-11
2.37541e-07 1.94789e-11
2.36858e-07 8.15262e-12
2.36711e-07 1.28871e-11
2.35772e-07 2.11621e-12
2.35636e-07 2.20254e-12
2.35586e-07 9.92586e-12
2.35471e-07 1.95093e-11
2.34735e-07 1.11228e-11
2.34908e-07 2.50569e-11
2.34153e-07 1.33088e-11
2.33862e-07 1.18280e-11
2.32940e-07 -4.31462e-12
2.32799e-07 7.04503e-12
2.33058e-07 2.27494e-11
2.32510e-07 1.32552e-11
2.31421e-07 -1.01195e-11
2.31664e-07 4.06812e-13
2.32196e-07 2.99405e-11
2.31784e-07 2.36722e-11
2.31910e-07 4.04829e-11
2.31109e-07 3.24263e-11
2.30296e-07 1.54303e-11
2.30136e-07 2.36150e-11
2.29279e-07 7.47381e-12
2.29488e-07 1.62182e-11
2.29360e-07 3.04162e-11
2.27853e-07 -5.66494e-12
2.28154e-07 8.47966e-12
2.27727e-07 7.94594e-12
2.27438e-07 6.15245e-12
2.27011e-07 8.22313e-12
2.26920e-07 1.68711e-11
2.26753e-07 1.25577e-11
2.25020e-07 -2.28877e-11
2.25764e-07 9.54592e-12
2.26335e-07 2.95640e-11
2.25513e-07 1.95774e-11
2.25195e-07 1.66364e-11
2.24847e-07 1.79228e-11
2.23845e-07 9.06500e-13
2.23468e-07 3.13384e-12
2.23540e-07 1.26892e-11
2.23470e-07 1.28735e-11
2.23064e-07 1.95580e-11
2.22223e-07 6.66530e-12
2.22080e-07 9.65655e-12
2.22041e-07 1.21611e-11
2.21793e-07 1.47889e-11
2.21515e-07 1.92735e-11
2.20534e-07 6.66327e-12
2.20307e-07 5.40790e-12
2.20051e-07 7.51190e-12
2.20749e-07 3.86884e-11
2.19660e-07 1.54659e-11
2.19421e-07 2.33828e-11
2.19239e-07 2.30667e-11
2.19234e-07 3.17819e-11
2.18683e-07 3.17511e-11
2.17880e-07 1.36784e-11
2.17063e-07 2.81105e-12
2.17141e-07 9.63223e-12
2.17081e-07 1.84382e-11
2.16828e-07 2.24371e-11
2.16290e-07 1.71264e-11
2.16034e-07 1.92759e-11
2.15557e-07 1.02155e-11
2.15262e-07 1.29440e-11
2.15155e-07 2.01707e-11
2.14920e-07 2.01395e-11
2.14171e-07 1.06851e-11
2.13490e-07 -1.81443e-12
2.13523e-07 9.68573e-12
2.13126e-07 1.15860e-11
2.13548e-07 3.91249e-11
2.12453e-07 1.69115e-11
2.12181e-07 1.23094e-11
2.12380e-07 2.10254e-11
2.11253e-07 7.44243e-12
2.10796e-07 7.90998e-13
2.11176e-07 1.85975e-11
2.11066e-07 2.58364e-11
2.10405e-07 1.85914e-11
2.09906e-07 1.06608e-11
2.09696e-07 2.08430e-11
2.09450e-07 1.44358e-11
2.08486e-07 -3.54277e-13
2.08136e-07 4.64164e-12
2.07934e-07 5.87909e-12
2.08033e-07 1.67859e-11
2.07403e-07 1.18988e-11
2.07260e-07 1.37465e-11
2.07045e-07 1.25951e-11
2.06186e-07 -2.29699e-12
2.06152e-07 1.39288e-11
2.06619e-07 3.21292e-11
2.06439e-07 3.39806e-11
2.05392e-07 2.01525e-11
2.05202e-07 2.88782e-11
2.04957e-07 1.56179e-11
2.04310e-07 1.27763e-11
2.03736e-07 1.04152e-11
2.03361e-07 9.96810e-12
2.03435e-07 2.06668e-11
2.03512e-07 3.24672e-11
2.02861e-07 2.44753e-11
2.02448e-07 2.71931e-11
2.01905e-07 1.53270e-11
2.01229e-07 7.16610e-12
2.01026e-07 7.59943e-12
2.00512e-07 2.42989e-12
2.00187e-07 -3.12601e-12
2.00325e-07 1.09137e-11
1.99684e-07 6.31799e-12
1.99736e-07 1.97835e-11
1.99154e-07 1.11556e-11
1.98491e-07 -3.49411e-13
1.98131e-07 -2.06956e-13
1.98890e-07 2.91044e-11
1.98465e-07 3.46435e-11
1.97713e-07 1.43521e-11
1.97179e-07 6.15750e-12
1.96864e-07 1.73124e-11
1.96680e-07 1.61115e-11
1.96529e-07 1.79628e-11
1.95726e-07 9.11066e-12
1.95537e-07 8.44642e-12
1.95289e-07 1.44565e-11
1.94996e-07 8.46386e-12
1.94694e-07 1.70793e-11
1.93500e-07 -3.91776e-12
1.93059e-07 -1.12466e-11
1.93476e-07 1.17166e-11
1.92786e-07 8.94774e-12
1.93101e-07 1.86887e-11
1.93014e-07 2.58642e-11
1.92167e-07 1.16796e-11
1.92106e-07 2.05172e-11
1.90956e-07 -6.74375e-12
1.91416e-07 1.98692e-11
1.91676e-07 3.76538e-11
1.91088e-07 2.85829e-11
1.90609e-07 2.52223e-11
1.89141e-07 -5.46181e-12
1.88661e-07 -1.57254e-11
1.88785e-07 -1.10563e-12
1.88970e-07 1.49003e-11
1.88930e-07 2.72833e-11
1.88307e-07 1.79507e-11
1.88279e-07 1.89245e-11
1.87315e-07 5.31740e-12
1.87409e-07 1.67337e-11
1.86654e-07 1.00055e-11
1.86782e-07 1.43304e-11
1.86573e-07 1.86680e-11
1.85749e-07 1.06839e-11
1.85033e-07 1.81430e-12
1.84410e-07 -2.17796e-12
1.85367e-07 2.53852e-11
1.84664e-07 2.24661e-11
1.84276e-07 1.60176e-11
1.84173e-07 2.43494e-11
1.83718e-07 9.84983e-12
1.83030e-07 7.98484e-12
1.82068e-07 -6.92440e-12
1.82325e-07 4.05155e-12
1.82669e-07 2.69025e-11
1.81703e-07 1.15817e-12
1.81504e-07 6.03540e-12
1.81813e-07 3.03092e-11
1.80892e-07 1.37550e-11
1.80525e-07 1.25613e-11
1.79635e-07 -2.74938e-12
1.79930e-07 1.72723e-11
1.79516e-07 1.28208e-11
1.78540e-07 -2.78829e-12
1.78870e-07 1.62486e-11
1.78655e-07 1.47310e-11
1.77605e-07 -7.63443e-12
1.77717e-07 1.11289e-11
1.77213e-07 1.38592e-12
1.77141e-07 8.13560e-12
1.77426e-07 2.62132e-11
1.76577e-07 1.43412e-11
1.76606e-07 2.15361e-11
1.76093e-07 2.02789e-11
1.75199e-07 2.55643e-12
1.76008e-07 3.15943e-11
1.75020e-07 1.10426e-11
1.74378e-07 1.11362e-11
1.74186e-07 1.64334e-11
1.74388e-07 2.79141e-11
1.74062e-07 2.67499e-11
1.73235e-07 1.33513e-11
1.72874e-07 1.60468e-11
1.72095e-07 -5.92197e-12
1.72133e-07 1.13781e-11
1.72176e-07 2.47372e-11
1.71542e-07 9.28026e-12
1.71514e-07 1.84637e-11
1.70551e-07 1.06827e-11
1.70139e-07 4.63682e-12
1.69947e-07 8.30824e-12
1.70291e-07 1.95057e-11
1.69695e-07 2.14235e-11
1.68907e-07 4.90281e-12
1.68793e-07 1.04833e-11
1.68469e-07 1.31828e-11
1.68353e-07 1.61209e-11
1.67803e-07 1.11313e-11
1.66822e-07 -5.24742e-12
1.66418e-07 -7.36088e-12
1.67039e-07 2.22667e-11
1.65795e-07 -3.57491e-12
1.66072e-07 1.12079e-11
1.66166e-07 2.07373e-11
1.65693e-07 2.10228e-11
1.65509e-07 1.69197e-11
1.65107e-07 1.61537e-11
1.64846e-07 1.50773e-11
1.64730e-07 2.85159e-11
1.64045e-07 1.78692e-11
1.63740e-07 1.45681e-11
1.62560e-07 -5.38278e-12
1.62277e-07 -5.44844e-12
1.62379e-07 6.44810e-12
1.62631e-07 2.61196e-11
1.62020e-07 1.98157e-11
1.61789e-07 2.52741e-11
1.61640e-07 2.17245e-11
1.60790e-07 5.53989e-12
1.60265e-07 1.06945e-11
1.59946e-07 2.75572e-12
1.59621e-07 5.85598e-12
1.59852e-07 2.59197e-11
1.58868e-07 2.65724e-12
1.58545e-07 -2.93904e-12
1.58478e-07 6.70995e-12
1.58181e-07 8.55383e-12
1.57874e-07 1.61841e-11
1.56876e-07 -9.40697e-12
1.56732e-07 1.25543e-12
1.56687e-07 1.20194e-12
1.56972e-07 2.58159e-11
1.56044e-07 7.82192e-12
1.55619e-07 8.91735e-12
1.55018e-07 -4.63922e-12
1.54258e-07 -1.27748e-11
1.54991e-07 1.99859e-11
1.54586e-07 1.79614e-11
1.53908e-07 3.00860e-12
1.54383e-07 2.72478e-11
1.54219e-07 3.48410e-11
1.53153e-07 6.85050e-12
1.52772e-07 1.14863e-11
1.52989e-07 2.20039e-11
1.51994e-07 1.18134e-11
1.51717e-07 1.09806e-11
1.51746e-07 1.51787e-11
1.51396e-07 1.94680e-11
1.50643e-07 3.36119e-12
1.49877e-07 -7.90823e-12
1.50162e-07 1.15289e-11
1.50281e-07 1.99944e-11
1.49587e-07 1.52849e-11
1.48926e-07 3.82926e-12
1.48796e-07 1.32650e-11
1.48147e-07 6.98508e-12
1.47837e-07 1.64571e-12
1.47461e-07 -9.97426e-13
1.47677e-07 1.94058e-11
1.47858e-07 3.37888e-11
1.47157e-07 1.79361e-11
1.46196e-07 6.08125e-12
1.46212e-07 1.40370e-11
1.46026e-07 1.16176e-11
1.45727e-07 1.88676e-11
1.43969e-07 -2.47795e-11
1.44089e-07 -5.55178e-12
1.44384e-07 3.09945e-12
1.43885e-07 7.54108e-12
1.43788e-07 1.20711e-11
1.42961e-07 -6.14829e-13
1.43331e-07 1.23447e-11
1.42736e-07 9.28574e-12
1.42497e-07 1.14560e-11
1.42234e-07 1.72735e-11
1.41824e-07 1.16541e-11
1.40468e-07 -1.08381e-11
1.41310e-07 9.09121e-12
1.40787e-07 1.39361e-11
1.40195e-07 7.74411e-12
1.40105e-07 1.00322e-11
1.39732e-07 8.11615e-12
1.39463e-07 6.88131e-12
1.39273e-07 1.85817e-11
1.38182e-07 -8.88062e-12
1.37777e-07 -1.14994e-11
1.38318e-07 1.40407e-11
1.37966e-07 1.52455e-11
1.37398e-07 6.61704e-12
1.36880e-07 6.26450e-12
1.36573e-07 3.26757e-12
1.35914e-07 -1.74069e-12
1.36321e-07 1.33963e-11
1.35766e-07 8.07603e-12
1.35373e-07 1.02782e-11
1.35153e-07 8.78726e-12
1.34685e-07 3.92774e-12
1.33649e-07 -1.31176e-11
1.34184e-07 1.14085e-11
1.33462e-07 -2.30805e-12
1.33024e-07 1.03838e-12
1.32939e-07 3.71012e-12
1.32812e-07 5.33198e-12
1.32021e-07 -1.84568e-12
1.31683e-07 -1.02661e-12
1.31588e-07 -7.09952e-14
1.31610e-07 1.23103e-11
1.31234e-07 1.63653e-11
1.31070e-07 1.38206e-11
1.30239e-07 6.89820e-12
1.30000e-07 9.60670e-12
1.30006e-07 2.02048e-11
1.28989e-07 -5.32102e-12
1.28787e-07 3.70039e-12
1.28084e-07 -6.12685e-12
1.28769e-07 1.79819e-11
1.28302e-07 1.79045e-11
1.27440e-07 8.09791e-12
1.26680e-07 -7.82014e-12
1.26731e-07 -3.73174e-12
1.26165e-07 -1.70258e-12
1.26474e-07 7.52570e-12
1.25532e-07 -4.86486e-12
1.25897e-07 8.65110e-12
1.25604e-07 1.42495e-11
1.25501e-07 2.13342e-11
1.24249e-07 -1.29529e-12
1.24024e-07 6.29002e-12
1.24293e-07 1.23994e-11
1.24001e-07 1.26571e-11
1.23434e-07 9.87276e-12
1.23114e-07 6.00431e-12
1.22526e-07 4.58306e-12
1.22785e-07 1.70793e-11
1.21570e-07 -4.69221e-12
1.21453e-07 3.12168e-12
1.21505e-07 1.37282e-11
1.20962e-07 1.19240e-11
1.20765e-07 1.08140e-11
1.20211e-07 4.36530e-12
1.20061e-07 5.36238e-12
1.19712e-07 5.98000e-12
1.19375e-07 3.25874e-12
1.18892e-07 7.57269e-12
1.19125e-07 2.67579e-11
1.18063e-07 6.14400e-12
1.17804e-07 7.91918e-12
1.17879e-07 1.24407e-11
1.17315e-07 9.13908e-12
1.17573e-07 1.77209e-11
1.16164e-07 -1.04903e-11
1.16308e-07 1.03868e-11
1.16512e-07 1.70814e-11
1.15569e-07 5.82802e-12
1.15622e-07 1.20473e-11
1.15106e-07 7.11190e-12
1.14817e-07 1.23276e-11
1.14493e-07 1.51015e-11
1.14524e-07 1.64747e-11
1.13800e-07 1.45234e-11
1.13236e-07 3.17968e-13
1.12985e-07 1.02438e-11
1.12591e-07 6.99032e-12
1.11860e-07 -6.69185e-12
1.12215e-07 1.22328e-11
1.11666e-07 1.36419e-11
1.11445e-07 5.12795e-12
1.11054e-07 5.05113e-12
1.10960e-07 1.84577e-11
1.10886e-07 2.88158e-11
1.09923e-07 3.00010e-12
1.09857e-07 6.15993e-12
1.09132e-07 4.82265e-12
1.08616e-07 -8.69825e-12
1.08691e-07 5.29307e-12
1.08100e-07 3.88382e-12
1.07991e-07 3.28946e-12
1.07725e-07 3.43170e-12
1.07266e-07 8.30645e-12
1.07371e-07 1.61367e-11
1.05908e-07 -1.07736e-11
1.06172e-07 -9.71393e-14
1.06488e-07 2.35701e-11
1.05156e-07 -5.13598e-12
1.05634e-07 1.53283e-11
1.05184e-07 1.47670e-12
1.04066e-07 -1.12611e-11
1.03693e-07 -9.86070e-12
1.04298e-07 1.96175e-11
1.03828e-07 1.10815e-11
1.03324e-07 1.41856e-11
1.02716e-07 2.42381e-12
1.01966e-07 -1.35590e-11
1.01520e-07 -1.96737e-11
1.01680e-07 -4.10499e-12
1.01023e-07 -1.27164e-11
1.01120e-07 2.54195e-12
1.01107e-07 5.89611e-12
1.01323e-07 1.87823e-11
1.00563e-07 1.35158e-11
9.96401e-08 -3.55423e-12
9.97780e-08 8.33620e-12
9.89908e-08 -5.38805e-13
9.88241e-08 -1.26733e-12
9.83336e-08 -3.46183e-12
9.80786e-08 4.64164e-12
9.81569e-08 1.28553e-11
9.74512e-08 -2.61929e-12
9.68744e-08 -2.40559e-12
9.70456e-08 1.11714e-11
9.63824e-08 -3.57612e-12
9.55631e-08 -1.16165e-11
9.55177e-08 -7.42896e-12
9.57587e-08 1.42522e-11
9.54491e-08 1.19833e-11
9.47905e-08 7.88514e-12
9.45330e-08 -5.52503e-12
9.43517e-08 6.96698e-12
9.44296e-08 2.20090e-11
9.37958e-08 7.08759e-12
9.35339e-08 9.45886e-12
9.33264e-08 9.06689e-12
9.24009e-08 3.93869e-12
9.17020e-08 -1.07259e-11
9.13897e-08 -7.67941e-12
9.16819e-08 1.38948e-11
9.10734e-08 2.41766e-12
9.06898e-08 -4.27034e-12
9.02961e-08 -4.65696e-12
9.03542e-08 9.58315e-12
9.03666e-08 1.17818e-11
8.94919e-08 4.13442e-12
8.92440e-08 2.93837e-13
8.95179e-08 1.88188e-11
8.90855e-08 2.24953e-11
8.84209e-08 1.25396e-11
8.73413e-08 -5.92260e-12
8.79186e-08 1.56492e-11
8.72786e-08 1.54635e-11
8.71534e-08 7.44746e-12
8.65871e-08 3.86330e-12
8.61822e-08 1.69604e-12
8.57015e-08 -3.01685e-12
8.54095e-08 3.01833e-12
8.41442e-08 -2.37923e-11
8.53459e-08 1.44674e-11
8.46166e-08 -6.63080e-13
8.41050e-08 -6.98267e-12
8.44889e-08 2.12552e-11
8.33991e-08 5.38114e-13
8.32215e-08 3.78729e-12
8.30270e-08 1.49161e-11
8.22980e-08 9.32032e-13
8.23637e-08 9.93190e-12
8.29191e-08 3.30447e-11
8.21227e-08 2.04929e-11
8.09806e-08 1.82637e-12
8.11473e-08 7.08516e-12
8.05676e-08 9.75747e-12
7.95505e-08 -9.44559e-12
7.98299e-08 4.23655e-12
7.96830e-08 7.41585e-12
7.88136e-08 -7.28677e-12
7.86334e-08 -1.22356e-12
7.87225e-08 5.70401e-12
7.82153e-08 9.90413e-12
7.78134e-08 4.31436e-12
7.70471e-08 -6.27883e-12
7.76215e-08 1.52656e-11
7.71457e-08 1.59787e-11
7.74146e-08 3.23858e-11
7.69914e-08 2.29270e-11
7.66543e-08 2.33622e-11
7.59294e-08 1.84358e-11
7.51762e-08 8.34506e-12
7.56003e-08 2.16284e-11
7.54152e-08 2.30303e-11
7.40843e-08 -5.62270e-12
7.42559e-08 1.23240e-11
7.36416e-08 8.52222e-12
7.35413e-08 1.35183e-11
7.34404e-08 2.36430e-11
7.36698e-08 3.14071e-11
7.29157e-08 2.57906e-11
7.24917e-08 1.63872e-11
7.12356e-08 -8.49099e-13
7.17807e-08 1.95229e-11
7.12319e-08 1.66559e-11
7.12070e-08 2.30290e-11
6.97741e-08 -8.95325e-12
7.01263e-08 1.13501e-11
6.94143e-08 2.85055e-12
6.92835e-08 -5.40009e-13
6.92202e-08 1.29988e-11
6.90008e-08 1.21489e-11
6.84144e-08 5.10019e-12
6.82481e-08 1.02681e-11
6.82448e-08 2.44102e-11
6.72250e-08 6.52774e-12
6.72335e-08 1.59945e-11
6.68434e-08 6.39945e-12
6.63468e-08 6.28760e-12
6.62987e-08 1.36638e-11
6.57324e-08 1.47568e-11
6.60320e-08 3.08914e-11
6.49663e-08 6.95142e-12
6.53623e-08 2.87287e-11
6.53833e-08 3.79531e-11
6.45675e-08 2.73949e-11
6.41507e-08 1.97415e-11
6.39009e-08 2.58678e-11
6.35249e-08 2.34740e-11
6.29997e-08 1.67835e-11
6.25192e-08 9.23079e-12
6.26540e-08 2.18801e-11
6.22331e-08 2.72077e-11
6.17852e-08 2.49857e-11
6.08116e-08 3.62379e-12
6.04875e-08 7.05111e-12
6.07460e-08 1.84525e-11
6.03757e-08 2.50618e-11
5.99066e-08 1.23836e-11
5.99673e-08 2.45851e-11
5.91838e-08 1.27045e-11
5.91923e-08 2.30290e-11
5.88647e-08 2.12956e-11
5.77527e-08 -1.77189e-12
5.76888e-08 3.77091e-12
5.77159e-08 1.83801e-11
5.68631e-08 9.09243e-12
5.65818e-08 5.62986e-12
5.67322e-08 1.82800e-11
5.62480e-08 1.64784e-11
5.57449e-08 1.09550e-11
5.53808e-08 9.45283e-12
5.53008e-08 1.51227e-11
5.51492e-08 1.78242e-11
5.50588e-08 3.16649e-11
5.44551e-08 2.19980e-11
5.41422e-08 2.24309e-11
5.37666e-08 2.26507e-11
5.36143e-08 2.78363e-11
5.31201e-08 2.41816e-11
5.29813e-08 2.73292e-11
5.21425e-08 9.06447e-12
5.23105e-08 2.79238e-11
5.16055e-08 1.04098e-11
5.12136e-08 7.87906e-12
5.10155e-08 1.59702e-11
5.05194e-08 1.94107e-11
4.91394e-08 -1.30313e-11
5.02866e-08 2.37342e-11
5.00996e-08 2.72724e-11
4.94983e-08 2.38594e-11
4.85171e-08 3.40739e-12
4.76975e-08 -9.96930e-12
4.76583e-08 -3.21624e-12
4.76928e-08 1.42924e-11
4.75709e-08 1.67631e-11
4.72033e-08 1.56273e-11
4.72697e-08 2.44442e-11
4.64916e-08 1.45102e-11
4.63409e-08 1.69841e-11
4.61890e-08 2.83578e-11
4.54999e-08 1.25794e-11
4.56203e-08 2.55020e-11
4.51996e-08 2.23239e-11
4.49382e-08 2.24600e-11
4.49824e-08 3.52781e-11
4.39514e-08 1.29550e-11
4.32145e-08 1.02903e-11
4.34525e-08 1.37100e-11
4.26853e-08 1.08006e-11
4.26379e-08 1.39925e-11
4.26188e-08 2.51141e-11
4.20887e-08 1.67179e-11
4.16983e-08 2.55480e-11
4.16638e-08 3.30070e-11
4.18823e-08 4.08234e-11
4.02730e-08 1.19532e-11
3.96811e-08 1.10468e-12
3.97288e-08 1.40808e-11
3.99347e-08 2.49785e-11
3.93937e-08 2.18133e-11
3.87040e-08 1.50753e-11
3.85576e-08 1.39997e-11
3.86967e-08 2.33281e-11
3.79649e-08 1.23362e-11
3.75424e-08 1.41687e-11
3.76670e-08 2.41767e-11
3.73060e-08 2.66667e-11
3.63922e-08 4.89264e-12
3.57832e-08 5.35143e-12
3.52294e-08 -8.49099e-13
3.52844e-08 5.83992e-12
3.58266e-08 2.96612e-11
3.49616e-08 2.35251e-11
3.49347e-08 2.68054e-11
3.39265e-08 1.34243e-11
3.45946e-08 3.91079e-11
3.39064e-08 2.90898e-11
3.30543e-08 7.44989e-12
3.32952e-08 2.77402e-11
3.30683e-08 2.82969e-11
3.26902e-08 3.23918e-11
3.23472e-08 2.44223e-11
3.16152e-08 2.30296e-11
3.14075e-08 1.44030e-11
3.12198e-08 2.36904e-11
3.06637e-08 1.77876e-11
3.03977e-08 1.69841e-11
3.00513e-08 1.74692e-11
3.03218e-08 3.24625e-11
3.03862e-08 4.63893e-11
2.92465e-08 2.91068e-11
2.83815e-08 7.56190e-12
2.86195e-08 2.69074e-11
2.83469e-08 3.09098e-11
2.88641e-08 5.35294e-11
2.78865e-08 3.63602e-11
2.70672e-08 1.09878e-11
2.66274e-08 1.88652e-11
2.67016e-08 3.26362e-11
2.62761e-08 2.14789e-11
2.60582e-08 2.72218e-11
2.50295e-08 7.68940e-12
2.47178e-08 8.87480e-12
2.43002e-08 8.89949e-13
2.43087e-08 1.94048e-11
2.42158e-08 2.35701e-11
2.42751e-08 3.57726e-11
2.33280e-08 1.67920e-11
2.25960e-08 6.42620e-12
2.24295e-08 1.14958e-11
2.26255e-08 2.63591e-11
2.19792e-08 1.72589e-11
2.20775e-08 2.46539e-11
2.23556e-08 4.65400e-11
2.21088e-08 4.89983e-11
2.17037e-08 3.94168e-11
2.07824e-08 3.17219e-11
2.03286e-08 2.52758e-11
2.00563e-08 3.41773e-11
2.00397e-08 4.14714e-11
1.94652e-08 2.97220e-11
1.91005e-08 2.84731e-11
1.88785e-08 3.32380e-11
1.80594e-08 2.44734e-11
1.80142e-08 2.69708e-11
1.76033e-08 2.70606e-11
1.73211e-08 3.13220e-11
1.68908e-08 3.13391e-11
1.70898e-08 4.28416e-11
1.68014e-08 4.06835e-11
1.65967e-08 4.90332e-11
1.66100e-08 5.66031e-11
1.57466e-08 4.54580e-11
1.56134e-08 4.92830e-11
1.54009e-08 4.75212e-11
1.45640e-08 3.57377e-11
1.46729e-08 5.16481e-11
1.43401e-08 4.87418e-11
1.49706e-08 6.79039e-11
1.39234e-08 5.27185e-11
1.36917e-08 5.42846e-11
1.37294e-08 6.86881e-11
1.26523e-08 5.40809e-11
1.23680e-08 5.20901e-11
1.20716e-08 5.34822e-11
1.27018e-08 8.18294e-11
1.14337e-08 5.39466e-11
1.17519e-08 6.62686e-11
1.08799e-08 5.80968e-11
1.08757e-08 6.10626e-11
1.06359e-08 6.66370e-11
1.05289e-08 6.79400e-11
1.06634e-08 8.70562e-11
9.59850e-09 7.40825e-11
9.71888e-09 7.70640e-11
9.95478e-09 9.11729e-11
8.85422e-09 7.14820e-11
9.06157e-09 8.27803e-11
8.70511e-09 8.89225e-11
8.35686e-09 8.31134e-11
8.36582e-09 9.98071e-11
8.16956e-09 9.81443e-11
7.61483e-09 1.03672e-10
7.26111e-09 1.01390e-10
7.12642e-09 1.05880e-10
6.52913e-09 9.23073e-11
6.41536e-09 9.74817e-11
5.80924e-09 9.66330e-11
5.78687e-09 1.02662e-10
5.87509e-09 1.12563e-10
5.73374e-09 1.17208e-10
5.34217e-09 1.18696e-10
4.76444e-09 1.08489e-10
4.75671e-09 1.23303e-10
4.69697e-09 1.29559e-10
4.15858e-09 1.24364e-10
4.46189e-09 1.36668e-10
3.26438e-09 1.18747e-10
3.49329e-09 1.33396e-10
3.47420e-09 1.42190e-10
3.33169e-09 1.48788e-10
3.13187e-09 1.50370e-10
3.01250e-09 1.57672e-10
2.66340e-09 1.49646e-10
2.01124e-09 1.51894e-10
1.82771e-09 1.53238e-10
1.09679e-09 1.49395e-10
1.34486e-09 1.61688e-10
1.61131e-09 1.72832e-10
1.11670e-09 1.72367e-10
4.49363e-10 1.61515e-10
5.95331e-10 1.74345e-10
5.66200e-10 1.84175e-10
3.81319e-10 1.86242e-10
3.72365e-10 1.95386e-10
-1.71203e-10 1.95096e-10
-3.74536e-10 1.93603e-10
-3.66944e-10 2.06250e-10
-8.04172e-10 2.04599e-10
-7.52088e-10 2.13564e-10
-1.50877e-09 2.10015e-10
-2.21951e-09 1.98434e-10
-2.59556e-09 1.95418e-10
-2.25861e-09 2.13021e-10
-2.03963e-09 2.22412e-10
-2.28948e-09 2.28897e-10
-2.50616e-09 2.28942e-10
-2.90542e-09 2.28893e-10
-2.95839e-09 2.43550e-10
-3.07229e-09 2.47107e-10
-3.02435e-09 2.52337e-10
-3.51596e-09 2.52467e-10
-3.57870e-09 2.64703e-10
-3.55592e-09 2.66398e-10
-4.01308e-09 2.62025e-10
-4.22519e-09 2.71904e-10
-4.71366e-09 2.67747e-10
-4.62097e-09 2.77839e-10
-5.21170e-09 2.72068e-10
-5.42155e-09 2.75340e-10
-4.79260e-09 2.96782e-10
-5.67308e-09 2.89498e-10
-5.86405e-09 2.88996e-10
-6.27737e-09 2.94621e-10
-6.46762e-09 2.91627e-10
-6.28104e-09 3.03964e-10
-6.47734e-09 3.10791e-10
-6.62203e-09 3.13964e-10
-7.08505e-09 3.08421e-10
-7.39945e-09 3.15048e-10
-7.38932e-09 3.25128e-10
-7.60602e-09 3.34388e-10
-7.88201e-09 3.33324e-10
-7.97007e-09 3.35185e-10
-8.45812e-09 3.35676e-10
-8.57058e-09 3.42661e-10
-8.97743e-09 3.41971e-10
-9.14876e-09 3.42479e-10
-9.12341e-09 3.49002e-10
-9.33645e-09 3.61502e-10
-9.12569e-09 3.69297e-10
-9.66503e-09 3.69354e-10
-9.77807e-09 3.77038e-10
-9.72172e-09 3.86861e-10
-1.00456e-08 3.83538e-10
-9.80373e-09 3.97549e-10
-1.03242e-08 4.00397e-10
-1.05970e-08 4.04978e-10
 
-1.79040e-08 3.96969e-10
-1.77313e-08 3.97104e-10
-1.76367e-08 3.97138e-10
-1.77418e-08 3.97071e-10
-1.78501e-08 3.96903e-10
-1.77656e-08 3.96635e-10
-1.74696e-08 3.96266e-10
-1.76348e-08 3.95796e-10
-1.75510e-08 3.95225e-10
-1.74800e-08 3.94554e-10
-1.76280e-08 3.93195e-10
-1.75278e-08 3.91436e-10
-1.78700e-08 3.90423e-10
-1.79154e-08 3.89621e-10
-1.74245e-08 3.89773e-10
-1.74040e-08 3.88426e-10
-1.78026e-08 3.86559e-10
-1.74680e-08 3.85384e-10
-1.75465e-08 3.83870e-10
-1.73456e-08 3.82051e-10
-1.73635e-08 3.80113e-10
-1.74926e-08 3.77922e-10
-1.73787e-08 3.76293e-10
-1.71936e-08 3.74560e-10
-1.72410e-08 3.72018e-10
-1.73980e-08 3.71233e-10
-1.73628e-08 3.70607e-10
-1.72596e-08 3.69216e-10
-1.68018e-08 3.69215e-10
-1.70839e-08 3.68602e-10
-1.71033e-08 3.68301e-10
-1.68051e-08 3.67995e-10
-1.64924e-08 3.67848e-10
-1.68031e-08 3.66374e-10
-1.68292e-08 3.65033e-10
-1.70066e-08 3.62794e-10
-1.68028e-08 3.60500e-10
-1.67966e-08 3.57883e-10
-1.65760e-08 3.55251e-10
-1.67850e-08 3.52345e-10
-1.63812e-08 3.51845e-10
-1.65288e-08 3.49941e-10
-1.64945e-08 3.46767e-10
-1.63661e-08 3.43892e-10
-1.66405e-08 3.40988e-10
-1.64652e-08 3.38960e-10
-1.65196e-08 3.37327e-10
-1.65218e-08 3.35019e-10
-1.65351e-08 3.32658e-10
-1.64508e-08 3.29022e-10
-1.67072e-08 3.26097e-10
-1.64054e-08 3.23380e-10
-1.63718e-08 3.20182e-10
-1.65656e-08 3.16051e-10
-1.63203e-08 3.14162e-10
-1.64480e-08 3.12575e-10
-1.65747e-08 3.10734e-10
-1.62467e-08 3.09083e-10
-1.61447e-08 3.07658e-10
-1.64046e-08 3.05467e-10
-1.62496e-08 3.02270e-10
-1.62492e-08 3.00041e-10
-1.62168e-08 2.97930e-10
-1.62608e-08 2.96049e-10
-1.62267e-08 2.94551e-10
-1.63421e-08 2.92212e-10
-1.61955e-08 2.91003e-10
-1.60505e-08 2.88905e-10
-1.57787e-08 2.88089e-10
-1.57022e-08 2.87023e-10
-1.63279e-08 2.85632e-10
-1.57279e-08 2.84852e-10
-1.53917e-08 2.86247e-10
-1.56105e-08 2.86971e-10
-1.52523e-08 2.86225e-10
-1.55234e-08 2.85378e-10
-1.54281e-08 2.83473e-10
-1.53543e-08 2.82884e-10
-1.53023e-08 2.81643e-10
-1.53381e-08 2.80008e-10
-1.53625e-08 2.78436e-10
-1.50211e-08 2.76063e-10
-1.47632e-08 2.73711e-10
-1.47620e-08 2.70105e-10
-1.52722e-08 2.68533e-10
-1.50482e-08 2.65444e-10
-1.49795e-08 2.62458e-10
-1.49460e-08 2.59821e-10
-1.49119e-08 2.57761e-10
-1.49771e-08 2.56367e-10
-1.47185e-08 2.54875e-10
-1.46973e-08 2.52427e-10
-1.46589e-08 2.50217e-10
-1.47979e-08 2.48291e-10
-1.47988e-08 2.46301e-10
-1.47676e-08 2.44997e-10
-1.47875e-08 2.43558e-10
-1.47966e-08 2.40764e-10
-1.47676e-08 2.37709e-10
-1.46196e-08 2.33743e-10
-1.46275e-08 2.30983e-10
-1.48300e-08 2.28833e-10
-1.47658e-08 2.27395e-10
-1.46176e-08 2.23713e-10
-1.45838e-08 2.20524e-10
-1.48360e-08 2.18284e-10
-1.45947e-08 2.16273e-10
-1.43723e-08 2.14259e-10
-1.47837e-08 2.12567e-10
-1.42893e-08 2.11422e-10
-1.41534e-08 2.11296e-10
-1.39647e-08 2.09668e-10
-1.43795e-08 2.08718e-10
-1.41021e-08 2.07509e-10
-1.39830e-08 2.06597e-10
-1.39525e-08 2.04151e-10
-1.37807e-08 2.02015e-10
-1.39836e-08 2.01815e-10
-1.34652e-08 2.01389e-10
-1.36521e-08 2.00267e-10
-1.39281e-08 1.98156e-10
-1.35761e-08 1.94983e-10
-1.37101e-08 1.93485e-10
-1.37762e-08 1.92622e-10
-1.36228e-08 1.92179e-10
-1.36201e-08 1.92262e-10
-1.34249e-08 1.92229e-10
-1.33333e-08 1.90493e-10
-1.33101e-08 1.89508e-10
-1.34252e-08 1.88019e-10
-1.31749e-08 1.86838e-10
-1.31639e-08 1.84645e-10
-1.31678e-08 1.82287e-10
-1.32248e-08 1.80018e-10
-1.31263e-08 1.78209e-10
-1.28367e-08 1.76244e-10
-1.26737e-08 1.73845e-10
-1.29273e-08 1.72405e-10
-1.25233e-08 1.69952e-10
-1.27564e-08 1.67164e-10
-1.30392e-08 1.65406e-10
-1.29078e-08 1.63184e-10
-1.28003e-08 1.62763e-10
-1.26423e-08 1.63019e-10
-1.28691e-08 1.60981e-10
-1.22898e-08 1.58738e-10
-1.25206e-08 1.58543e-10
-1.25898e-08 1.58149e-10
-1.22376e-08 1.56942e-10
-1.24627e-08 1.56356e-10
-1.21782e-08 1.55362e-10
-1.19552e-08 1.55042e-10
-1.22110e-08 1.54656e-10
-1.19172e-08 1.54783e-10
-1.16986e-08 1.55452e-10
-1.16656e-08 1.54760e-10
-1.19646e-08 1.53078e-10
-1.16971e-08 1.50735e-10
-1.18222e-08 1.48944e-10
-1.17022e-08 1.46659e-10
-1.17052e-08 1.46288e-10
-1.15400e-08 1.45077e-10
-1.13946e-08 1.41592e-10
-1.13969e-08 1.39841e-10
-1.13068e-08 1.38901e-10
-1.12441e-08 1.37140e-10
-1.11406e-08 1.34918e-10
-1.12507e-08 1.33018e-10
-1.13019e-08 1.30080e-10
-1.10668e-08 1.27603e-10
-1.13565e-08 1.25920e-10
-1.13067e-08 1.25174e-10
-1.06909e-08 1.24305e-10
-1.09144e-08 1.22927e-10
-1.08945e-08 1.21843e-10
-1.11281e-08 1.19321e-10
-1.09012e-08 1.18279e-10
-1.05804e-08 1.16692e-10
-1.08342e-08 1.14684e-10
-1.10144e-08 1.12643e-10
-1.07892e-08 1.09867e-10
-1.06930e-08 1.09111e-10
-1.06337e-08 1.07807e-10
-1.05079e-08 1.05695e-10
-1.05959e-08 1.03616e-10
-1.03719e-08 1.01648e-10
-1.08061e-08 9.89933e-11
-1.05924e-08 9.67169e-11
-1.01925e-08 9.55378e-11
-1.03994e-08 9.63389e-11
-9.96174e-09 9.71347e-11
-9.82111e-09 9.82696e-11
-9.79461e-09 9.93449e-11
-9.82450e-09 1.00130e-10
-9.40828e-09 1.00843e-10
-9.78054e-09 1.00327e-10
-9.57892e-09 9.88079e-11
-9.33608e-09 9.82446e-11
-9.30232e-09 9.75756e-11
-8.97887e-09 9.63474e-11
-9.15412e-09 9.52951e-11
-9.18155e-09 9.36316e-11
-9.23862e-09 9.13596e-11
-9.18165e-09 8.83046e-11
-9.38686e-09 8.49523e-11
-9.37049e-09 8.29212e-11
-8.82480e-09 8.21934e-11
-8.77836e-09 8.27453e-11
-8.79321e-09 8.31407e-11
-8.79082e-09 8.37729e-11
-8.51207e-09 8.45668e-11
-8.33205e-09 8.54819e-11
-8.22915e-09 8.52053e-11
-8.24448e-09 8.44655e-11
-8.34477e-09 8.25787e-11
-8.18431e-09 8.12258e-11
-8.01196e-09 7.91090e-11
-7.74936e-09 7.60557e-11
-8.17760e-09 7.41413e-11
-8.07773e-09 7.20924e-11
-8.06650e-09 6.99074e-11
-8.03494e-09 6.77712e-11
-7.87068e-09 6.68129e-11
-7.95037e-09 6.63847e-11
-7.73066e-09 6.59682e-11
-7.44473e-09 6.66972e-11
-7.66161e-09 6.74785e-11
-7.55249e-09 6.82291e-11
-7.35222e-09 7.00320e-11
-6.99633e-09 7.11778e-11
-6.85750e-09 7.14184e-11
-6.75542e-09 7.22380e-11
-6.72682e-09 7.28155e-11
-6.54996e-09 7.25153e-11
-6.48829e-09 7.32438e-11
-6.64005e-09 7.28956e-11
-6.13067e-09 7.24800e-11
-6.00457e-09 7.34595e-11
-6.16019e-09 7.27156e-11
-6.41108e-09 7.10759e-11
-5.81966e-09 6.97577e-11
-6.20958e-09 6.75912e-11
-5.83932e-09 6.55253e-11
-5.99813e-09 6.30041e-11
-6.00226e-09 6.11991e-11
-6.18980e-09 6.00580e-11
-5.97101e-09 5.87735e-11
-5.68231e-09 5.65032e-11
-5.96769e-09 5.43896e-11
-5.47457e-09 5.32058e-11
-5.62698e-09 5.22779e-11
-5.80286e-09 5.14867e-11
-5.45738e-09 5.14798e-11
-5.36720e-09 5.02611e-11
-5.20896e-09 4.94025e-11
-5.32398e-09 4.95957e-11
-5.26243e-09 4.92000e-11
-5.14344e-09 4.85652e-11
-4.98399e-09 4.77427e-11
-5.04048e-09 4.66088e-11
-4.74982e-09 4.63588e-11
-4.64657e-09 4.60925e-11
-4.56120e-09 4.75321e-11
-4.19306e-09 4.68034e-11
-4.13609e-09 4.51494e-11
-4.38952e-09 4.45546e-11
-4.10185e-09 4.42146e-11
-3.97428e-09 4.41175e-11
-4.05441e-09 4.33956e-11
-4.37144e-09 4.28549e-11
-3.78360e-09 4.22701e-11
-3.56673e-09 4.26093e-11
-3.84379e-09 4.27068e-11
-3.81180e-09 4.25451e-11
-3.62867e-09 4.15921e-11
-3.64560e-09 3.99639e-11
-3.38958e-09 3.86746e-11
-3.54839e-09 3.81153e-11
-3.34323e-09 3.81032e-11
-3.14908e-09 3.77609e-11
-3.07259e-09 3.66924e-11
-2.78496e-09 3.49505e-11
-3.18047e-09 3.34569e-11
-2.89940e-09 3.34797e-11
-2.90770e-09 3.29506e-11
-2.89672e-09 3.13181e-11
-2.73620e-09 2.99675e-11
-2.83536e-09 2.95159e-11
-2.64093e-09 2.91816e-11
-2.69348e-09 2.78863e-11
-2.70174e-09 2.51164e-11
-2.62940e-09 2.11209e-11
-2.45384e-09 1.82598e-11
-2.58223e-09 1.74918e-11
-2.40321e-09 1.72562e-11
-2.08146e-09 1.87792e-11
-2.16773e-09 2.03951e-11
-2.09696e-09 2.22375e-11
-1.72467e-09 2.27540e-11
-1.62056e-09 2.22337e-11
-1.57838e-09 2.06964e-11
-1.59204e-09 2.02867e-11
-1.58332e-09 2.02678e-11
-1.41957e-09 1.92942e-11
-1.24482e-09 1.80901e-11
-1.49886e-09 1.60758e-11
-1.33869e-09 1.35933e-11
-1.40706e-09 9.86164e-12
-1.25786e-09 6.20958e-12
-1.09135e-09 3.35734e-12
-1.17939e-09 3.51921e-12
-1.23338e-09 4.42197e-12
-9.02759e-10 6.77136e-12
-6.95046e-10 9.63827e-12
-6.76745e-10 1.01871e-11
-3.02640e-10 1.04780e-11
-4.78457e-10 1.13699e-11
-2.17345e-10 1.10746e-11
-3.13266e-10 9.59903e-12
-1.38723e-12 8.58402e-12
1.05623e-11 7.54128e-12
3.44996e-10 6.64240e-12
-4.63220e-11 4.43418e-12
-2.27034e-11 2.06013e-12
2.27034e-11 -7.81425e-13
-2.77014e-10 -3.88552e-12
6.34035e-11 -6.56637e-12
-5.65041e-13 -8.76498e-12
3.92416e-10 -8.46828e-12
1.67739e-10 -8.76158e-12
4.67208e-10 -8.46715e-12
5.10766e-10 -7.72113e-12
4.68494e-10 -7.58777e-12
6.30292e-10 -6.93871e-12
8.83970e-10 -6.89697e-12
1.08593e-09 -8.96644e-12
9.36976e-10 -9.79076e-12
9.09987e-10 -9.47924e-12
1.01563e-09 -9.95396e-12
1.23984e-09 -1.02353e-11
1.20558e-09 -1.04219e-11
1.38475e-09 -1.03730e-11
1.28755e-09 -1.07659e-11
1.32825e-09 -1.17873e-11
1.37543e-09 -1.26138e-11
1.80325e-09 -1.35141e-11
1.85877e-09 -1.29700e-11
1.74416e-09 -1.33250e-11
1.94051e-09 -1.24802e-11
2.24751e-09 -1.19601e-11
2.36072e-09 -1.36087e-11
2.18806e-09 -1.54245e-11
2.25686e-09 -1.72840e-11
2.31358e-09 -1.89458e-11
2.18841e-09 -2.01775e-11
2.63113e-09 -2.23124e-11
2.20555e-09 -2.55481e-11
2.56341e-09 -2.71456e-11
2.73741e-09 -2.64105e-11
2.74062e-09 -2.63144e-11
2.84129e-09 -2.69383e-11
2.55114e-09 -2.83542e-11
2.92866e-09 -2.82410e-11
3.03261e-09 -2.84862e-11
3.04098e-09 -2.76749e-11
3.34403e-09 -2.58719e-11
3.36351e-09 -2.47272e-11
3.33341e-09 -2.59102e-11
3.70318e-09 -2.60294e-11
3.80960e-09 -2.45191e-11
4.25099e-09 -2.52928e-11
3.96640e-09 -2.76629e-11
3.78424e-09 -2.92029e-11
3.81934e-09 -2.98314e-11
3.74453e-09 -3.17949e-11
4.06245e-09 -3.40296e-11
3.97402e-09 -3.55606e-11
4.05499e-09 -3.73355e-11
4.07985e-09 -3.93922e-11
4.00831e-09 -4.12576e-11
4.05079e-09 -4.30660e-11
4.33366e-09 -4.60721e-11
4.45422e-09 -4.80608e-11
4.29269e-09 -5.03831e-11
4.23546e-09 -5.29401e-11
4.35390e-09 -5.35911e-11
4.52402e-09 -5.35333e-11
4.38387e-09 -5.26925e-11
4.74684e-09 -5.27353e-11
4.87658e-09 -5.16466e-11
5.06749e-09 -4.98442e-11
5.28316e-09 -4.95409e-11
5.05281e-09 -5.16856e-11
5.11504e-09 -5.40227e-11
5.37763e-09 -5.53949e-11
5.34562e-09 -5.66352e-11
5.24558e-09 -5.93553e-11
5.25920e-09 -6.17491e-11
5.47835e-09 -6.44236e-11
4.95934e-09 -6.68188e-11
5.45157e-09 -6.85897e-11
5.10832e-09 -7.07575e-11
5.47080e-09 -7.02546e-11
5.74252e-09 -6.93914e-11
5.47787e-09 -7.00426e-11
5.83143e-09 -7.03679e-11
6.04844e-09 -7.11452e-11
6.00484e-09 -7.18925e-11
5.83002e-09 -7.26521e-11
5.97368e-09 -7.42283e-11
6.19432e-09 -7.57375e-11
6.17904e-09 -7.67560e-11
6.32787e-09 -7.67762e-11
6.68475e-09 -7.67215e-11
6.48140e-09 -7.83367e-11
6.46674e-09 -7.84960e-11
6.44837e-09 -7.68053e-11
6.95797e-09 -7.58135e-11
7.00400e-09 -7.52736e-11
6.76496e-09 -7.48764e-11
7.37488e-09 -7.33980e-11
7.18004e-09 -7.41975e-11
7.29155e-09 -7.64576e-11
7.33192e-09 -7.88896e-11
7.51853e-09 -8.08593e-11
7.27484e-09 -8.17226e-11
7.36474e-09 -8.32297e-11
7.26548e-09 -8.34044e-11
7.68611e-09 -8.42402e-11
8.02630e-09 -8.58068e-11
7.43446e-09 -8.78641e-11
7.52311e-09 -9.05298e-11
7.76116e-09 -9.37587e-11
7.55372e-09 -9.57766e-11
7.74700e-09 -9.67052e-11
8.04126e-09 -9.99298e-11
7.80622e-09 -1.03056e-10
7.87961e-09 -1.06459e-10
7.79900e-09 -1.08877e-10
7.62738e-09 -1.11222e-10
8.01146e-09 -1.13994e-10
7.86493e-09 -1.15306e-10
7.94884e-09 -1.17553e-10
8.06529e-09 -1.17704e-10
8.09426e-09 -1.17395e-10
8.15805e-09 -1.17163e-10
8.14923e-09 -1.18549e-10
8.17354e-09 -1.20902e-10
8.60260e-09 -1.21766e-10
8.48130e-09 -1.23162e-10
8.58381e-09 -1.25692e-10
8.28252e-09 -1.28563e-10
8.46737e-09 -1.30025e-10
8.60766e-09 -1.32262e-10
8.36540e-09 -1.35885e-10
8.63560e-09 -1.38430e-10
8.33809e-09 -1.40066e-10
8.66316e-09 -1.40686e-10
8.45212e-09 -1.41971e-10
8.71006e-09 -1.41801e-10
8.83439e-09 -1.42276e-10
9.00322e-09 -1.41136e-10
9.08866e-09 -1.41095e-10
9.26229e-09 -1.40932e-10
9.16419e-09 -1.41632e-10
9.08399e-09 -1.42356e-10
9.50256e-09 -1.42973e-10
9.29900e-09 -1.45435e-10
9.49419e-09 -1.48269e-10
9.61567e-09 -1.49669e-10
9.80942e-09 -1.49743e-10
9.69667e-09 -1.52564e-10
9.53282e-09 -1.54676e-10
9.73436e-09 -1.55917e-10
1.01067e-08 -1.57080e-10
9.94110e-09 -1.56723e-10
9.95990e-09 -1.56719e-10
9.81914e-09 -1.55617e-10
1.03478e-08 -1.55174e-10
1.04098e-08 -1.55836e-10
1.04197e-08 -1.55821e-10
1.05524e-08 -1.55485e-10
1.06347e-08 -1.57777e-10
1.06142e-08 -1.60635e-10
1.05353e-08 -1.64122e-10
1.09027e-08 -1.66553e-10
1.05724e-08 -1.68614e-10
1.06024e-08 -1.68275e-10
1.09115e-08 -1.66290e-10
1.12150e-08 -1.64474e-10
1.10822e-08 -1.60892e-10
1.17429e-08 -1.58731e-10
1.18419e-08 -1.55762e-10
1.18858e-08 -1.50242e-10
1.23247e-08 -1.44084e-10
1.29402e-08 -1.36833e-10
1.28444e-08 -1.32141e-10
1.29129e-08 -1.28967e-10
1.34426e-08 -1.25971e-10
1.33536e-08 -1.24434e-10
1.37829e-08 -1.25290e-10
1.37070e-08 -1.26447e-10
1.33753e-08 -1.26867e-10
1.34720e-08 -1.28451e-10
1.35843e-08 -1.30126e-10
1.38736e-08 -1.31818e-10
1.37772e-08 -1.33870e-10
1.36934e-08 -1.37224e-10
1.38420e-08 -1.40331e-10
1.39210e-08 -1.40486e-10
1.38162e-08 -1.39424e-10
1.41209e-08 -1.35612e-10
1.45364e-08 -1.31837e-10
1.48195e-08 -1.26709e-10
1.50431e-08 -1.21124e-10
1.55181e-08 -1.15286e-10
1.58427e-08 -1.10033e-10
1.60288e-08 -1.05293e-10
1.59802e-08 -1.01145e-10
1.66383e-08 -9.57001e-11
1.67227e-08 -9.00884e-11
1.67893e-08 -8.69674e-11
1.72228e-08 -8.60183e-11
1.69925e-08 -8.59194e-11
1.73467e-08 -8.65038e-11
1.71834e-08 -8.71997e-11
1.73986e-08 -8.69100e-11
1.76200e-08 -8.50338e-11
1.75337e-08 -8.62198e-11
1.74511e-08 -8.70155e-11
1.75856e-08 -8.71852e-11
1.76838e-08 -8.64834e-11
1.80378e-08 -8.70750e-11
1.82490e-08 -8.88671e-11
1.81581e-08 -9.18744e-11
1.82307e-08 -9.47411e-11
1.81270e-08 -9.70114e-11
1.83165e-08 -9.86115e-11
1.81965e-08 -9.99692e-11
1.79697e-08 -1.00888e-10
1.80762e-08 -1.01057e-10
1.81151e-08 -1.00450e-10
1.85511e-08 -1.01386e-10
1.86251e-08 -1.00566e-10
1.88554e-08 -9.92646e-11
1.89077e-08 -9.85354e-11
1.87716e-08 -9.81340e-11
1.90133e-08 -9.64915e-11
1.90564e-08 -9.49165e-11
1.90509e-08 -9.42413e-11
1.93975e-08 -9.28133e-11
1.99067e-08 -8.95928e-11
2.01780e-08 -8.81805e-11
2.03542e-08 -8.76611e-11
2.03516e-08 -8.60583e-11
2.03841e-08 -8.28394e-11
2.05417e-08 -8.00756e-11
2.07533e-08 -7.65311e-11
2.11061e-08 -7.37964e-11
2.12117e-08 -7.17519e-11
2.13063e-08 -7.00358e-11
2.14805e-08 -6.64915e-11
2.17697e-08 -6.42630e-11
2.20314e-08 -6.31423e-11
2.17901e-08 -6.16894e-11
2.20345e-08 -6.08071e-11
2.19836e-08 -6.17713e-11
2.22578e-08 -6.11154e-11
2.24381e-08 -6.01914e-11
2.22900e-08 -6.09906e-11
2.25353e-08 -6.34394e-11
2.27649e-08 -6.52428e-11
2.25332e-08 -6.54668e-11
2.25350e-08 -6.73718e-11
2.27173e-08 -7.03112e-11
2.30907e-08 -7.06026e-11
2.28533e-08 -7.07186e-11
2.27753e-08 -7.02547e-11
2.33214e-08 -7.06905e-11
2.33399e-08 -7.01346e-11
2.33033e-08 -6.92709e-11
2.33547e-08 -6.96922e-11
2.36792e-08 -6.97677e-11
2.33350e-08 -7.00007e-11
2.35479e-08 -7.03416e-11
2.37900e-08 -6.89672e-11
2.36811e-08 -6.97107e-11
2.36812e-08 -7.05487e-11
2.42077e-08 -7.01711e-11
2.42522e-08 -7.02375e-11
2.43069e-08 -7.02766e-11
2.41782e-08 -7.10553e-11
2.44394e-08 -7.02281e-11
2.46094e-08 -6.76490e-11
2.48365e-08 -6.56028e-11
2.50543e-08 -6.49572e-11
2.50167e-08 -6.52422e-11
2.53542e-08 -6.49276e-11
2.51892e-08 -6.59550e-11
2.50934e-08 -6.82679e-11
2.54490e-08 -6.93715e-11
2.52414e-08 -7.13932e-11
2.55097e-08 -7.17543e-11
2.54305e-08 -7.21680e-11
2.57305e-08 -7.38186e-11
2.55079e-08 -7.51704e-11
2.58051e-08 -7.55057e-11
2.57498e-08 -7.49217e-11
2.58975e-08 -7.46955e-11
2.63630e-08 -7.53076e-11
2.60028e-08 -7.49004e-11
2.63209e-08 -7.20848e-11
2.66570e-08 -6.87304e-11
2.69242e-08 -6.66028e-11
2.70006e-08 -6.48707e-11
2.70080e-08 -6.10073e-11
2.72048e-08 -5.81863e-11
2.77009e-08 -5.59182e-11
2.76715e-08 -5.45589e-11
2.76665e-08 -5.44290e-11
2.80874e-08 -5.32929e-11
2.82157e-08 -5.25284e-11
2.82172e-08 -5.27650e-11
2.84984e-08 -5.24584e-11
2.81414e-08 -5.33569e-11
2.84391e-08 -5.42354e-11
2.85191e-08 -5.51982e-11
2.86654e-08 -5.52946e-11
2.85961e-08 -5.42913e-11
2.88432e-08 -5.22041e-11
2.90786e-08 -4.96273e-11
2.91350e-08 -4.59754e-11
2.95507e-08 -4.13554e-11
3.00510e-08 -3.55968e-11
2.99718e-08 -3.23682e-11
3.04328e-08 -3.00329e-11
3.03540e-08 -2.84711e-11
3.05334e-08 -2.39310e-11
3.05227e-08 -2.03295e-11
3.07274e-08 -1.83944e-11
3.09456e-08 -1.74556e-11
3.10283e-08 -1.80577e-11
3.08648e-08 -2.04392e-11
3.13102e-08 -2.08124e-11
3.12810e-08 -1.88841e-11
3.13687e-08 -1.79360e-11
3.15547e-08 -1.96447e-11
3.17406e-08 -2.16344e-11
3.18341e-08 -2.07922e-11
3.20274e-08 -1.97585e-11
3.20114e-08 -1.85562e-11
3.19820e-08 -1.85992e-11
3.21956e-08 -1.91974e-11
3.23045e-08 -1.92948e-11
3.24507e-08 -1.91121e-11
3.21985e-08 -1.79903e-11
3.27843e-08 -1.94760e-11
3.27339e-08 -2.12690e-11
3.25879e-08 -2.22837e-11
3.28051e-08 -2.30565e-11
3.29278e-08 -2.33003e-11
3.32552e-08 -2.10472e-11
3.33774e-08 -1.87843e-11
3.33377e-08 -1.71707e-11
3.36468e-08 -1.60288e-11
3.36991e-08 -1.55793e-11
3.34555e-08 -1.55991e-11
3.38955e-08 -1.66946e-11
3.39539e-08 -1.80269e-11
3.38359e-08 -2.10046e-11
3.38042e-08 -2.47570e-11
3.36887e-08 -2.71002e-11
3.39261e-08 -2.92288e-11
3.38625e-08 -3.22553e-11
3.40650e-08 -3.45898e-11
3.39095e-08 -3.64526e-11
3.38122e-08 -3.57252e-11
3.42966e-08 -3.29674e-11
3.47046e-08 -3.16617e-11
3.45013e-08 -2.99126e-11
3.44969e-08 -2.89221e-11
3.50109e-08 -2.49967e-11
3.53708e-08 -2.26089e-11
3.53365e-08 -2.33594e-11
3.53641e-08 -2.33711e-11
3.53847e-08 -2.30348e-11
3.53489e-08 -2.41082e-11
3.55821e-08 -2.35588e-11
3.55743e-08 -2.15497e-11
3.61179e-08 -1.84192e-11
3.61173e-08 -1.73167e-11
3.58973e-08 -1.83091e-11
3.61880e-08 -1.96795e-11
3.64074e-08 -1.92636e-11
3.65403e-08 -1.55593e-11
3.66969e-08 -1.39445e-11
3.69728e-08 -1.43565e-11
3.67631e-08 -1.50422e-11
3.68708e-08 -1.54553e-11
3.71880e-08 -1.51884e-11
3.69623e-08 -1.66345e-11
3.72504e-08 -1.69584e-11
3.69557e-08 -1.65513e-11
3.74589e-08 -1.65908e-11
3.75719e-08 -1.71266e-11
3.75449e-08 -1.65354e-11
3.76443e-08 -1.57937e-11
3.77750e-08 -1.74807e-11
3.75688e-08 -2.08608e-11
3.79383e-08 -2.35116e-11
3.79540e-08 -2.58439e-11
3.79900e-08 -2.44820e-11
3.77244e-08 -2.32005e-11
3.82325e-08 -2.39348e-11
3.81990e-08 -2.46583e-11
3.81991e-08 -2.63369e-11
3.83261e-08 -2.72931e-11
3.85723e-08 -2.63536e-11
3.88246e-08 -2.49518e-11
3.87469e-08 -2.30787e-11
3.90580e-08 -2.24363e-11
3.90291e-08 -2.24609e-11
3.90421e-08 -2.40347e-11
3.91808e-08 -2.54788e-11
3.91151e-08 -2.77298e-11
3.90466e-08 -3.00633e-11
3.91215e-08 -3.03389e-11
3.92996e-08 -3.00420e-11
3.93607e-08 -3.15741e-11
3.97146e-08 -3.02051e-11
3.96848e-08 -3.05410e-11
3.97234e-08 -3.10641e-11
3.97355e-08 -3.07002e-11
4.01545e-08 -2.96224e-11
4.03489e-08 -2.85568e-11
4.01546e-08 -2.79377e-11
4.01708e-08 -2.88528e-11
4.05641e-08 -3.02300e-11
4.03244e-08 -3.32152e-11
4.02190e-08 -3.58165e-11
4.06347e-08 -3.68000e-11
4.04200e-08 -3.67921e-11
4.07089e-08 -3.65346e-11
4.06694e-08 -3.49161e-11
4.11054e-08 -3.24900e-11
4.11303e-08 -3.25828e-11
4.09500e-08 -3.40681e-11
4.12841e-08 -3.27345e-11
4.13117e-08 -3.24692e-11
4.14325e-08 -3.24880e-11
4.15028e-08 -3.12200e-11
4.19161e-08 -3.00346e-11
4.16312e-08 -3.15736e-11
4.18640e-08 -3.43988e-11
4.19795e-08 -3.68206e-11
4.17980e-08 -3.97410e-11
4.19848e-08 -4.19862e-11
4.20928e-08 -4.18275e-11
4.20542e-08 -3.96232e-11
4.20277e-08 -3.92962e-11
4.23612e-08 -4.07850e-11
4.23872e-08 -4.08450e-11
4.24339e-08 -4.05656e-11
4.26977e-08 -4.21817e-11
4.25687e-08 -4.38090e-11
4.28999e-08 -4.34031e-11
4.27691e-08 -4.42431e-11
4.28236e-08 -4.48515e-11
4.30338e-08 -4.38718e-11
4.29085e-08 -4.48276e-11
4.30810e-08 -4.60996e-11
4.33471e-08 -4.62441e-11
4.33504e-08 -4.64271e-11
4.32950e-08 -4.80862e-11
4.33426e-08 -4.77795e-11
4.34672e-08 -4.68457e-11
4.37082e-08 -4.63438e-11
4.36669e-08 -4.78626e-11
4.39018e-08 -5.09044e-11
4.39982e-08 -5.08156e-11
4.40768e-08 -4.93007e-11
4.43695e-08 -4.80870e-11
4.44375e-08 -4.74509e-11
4.41936e-08 -4.66390e-11
4.43933e-08 -4.79339e-11
4.45497e-08 -4.77284e-11
4.47549e-08 -4.74588e-11
4.47727e-08 -4.80448e-11
4.49630e-08 -4.54202e-11
4.50838e-08 -4.40386e-11
4.51212e-08 -4.40388e-11
4.54395e-08 -4.51420e-11
4.54010e-08 -4.51747e-11
4.53488e-08 -4.58987e-11
4.54347e-08 -4.69680e-11
4.53598e-08 -4.92136e-11
4.55163e-08 -5.15254e-11
4.57340e-08 -5.08796e-11
4.58976e-08 -4.93370e-11
4.60778e-08 -4.95358e-11
4.58652e-08 -5.11484e-11
4.59996e-08 -5.30031e-11
4.62701e-08 -5.44191e-11
4.60913e-08 -5.50172e-11
4.61157e-08 -5.62474e-11
4.62685e-08 -5.55886e-11
4.65857e-08 -5.42020e-11
4.67920e-08 -5.41771e-11
4.68360e-08 -5.34187e-11
4.65043e-08 -5.44007e-11
4.67399e-08 -5.68622e-11
4.65351e-08 -5.85204e-11
4.68419e-08 -5.91270e-11
4.70385e-08 -5.99572e-11
4.70650e-08 -6.05634e-11
4.70465e-08 -6.22371e-11
4.71987e-08 -6.27187e-11
4.72485e-08 -6.23452e-11
4.74262e-08 -6.20602e-11
4.77988e-08 -5.98510e-11
4.78219e-08 -5.80402e-11
4.76612e-08 -5.78151e-11
4.80451e-08 -5.72298e-11
4.82425e-08 -5.52315e-11
4.79644e-08 -5.37640e-11
4.82445e-08 -5.29309e-11
4.83711e-08 -5.10968e-11
4.87460e-08 -5.05013e-11
4.87153e-08 -5.19813e-11
4.87727e-08 -5.36229e-11
4.86991e-08 -5.58304e-11
4.90514e-08 -5.87148e-11
4.88084e-08 -6.26398e-11
4.85671e-08 -6.65155e-11
4.88081e-08 -6.88130e-11
4.91178e-08 -6.84916e-11
4.91354e-08 -6.90862e-11
4.93056e-08 -6.87465e-11
4.91799e-08 -6.88715e-11
4.93843e-08 -6.80657e-11
4.95469e-08 -6.68322e-11
4.97251e-08 -6.48507e-11
4.97929e-08 -6.25370e-11
5.01401e-08 -5.94118e-11
5.03381e-08 -5.59952e-11
5.04974e-08 -5.28987e-11
5.05976e-08 -5.07351e-11
5.04896e-08 -5.14518e-11
5.05282e-08 -5.25348e-11
5.10257e-08 -5.33078e-11
5.10540e-08 -5.52610e-11
5.06901e-08 -5.91681e-11
5.05542e-08 -6.18421e-11
5.06802e-08 -6.28283e-11
5.08847e-08 -6.51018e-11
5.08815e-08 -6.60376e-11
5.08815e-08 -6.77191e-11
5.12250e-08 -7.08686e-11
5.09947e-08 -7.32911e-11
5.09917e-08 -7.33808e-11
5.10216e-08 -7.44472e-11
5.14460e-08 -7.51703e-11
5.11458e-08 -7.54869e-11
5.11353e-08 -7.41194e-11
5.13778e-08 -7.41318e-11
5.15503e-08 -7.62454e-11
5.16094e-08 -7.58745e-11
5.17315e-08 -7.52953e-11
5.20269e-08 -7.59631e-11
5.20539e-08 -7.71146e-11
5.21305e-08 -7.70601e-11
5.20973e-08 -7.69332e-11
5.25521e-08 -7.70235e-11
5.27905e-08 -7.54797e-11
5.26785e-08 -7.51954e-11
5.25200e-08 -7.74277e-11
5.24307e-08 -7.67426e-11
5.26584e-08 -7.46766e-11
5.30851e-08 -7.53326e-11
5.31712e-08 -7.63912e-11
5.27514e-08 -7.69328e-11
5.33779e-08 -7.80394e-11
5.33619e-08 -7.93586e-11
5.33833e-08 -8.01196e-11
5.34291e-08 -8.01472e-11
5.36814e-08 -8.07074e-11
5.35702e-08 -8.06776e-11
5.36691e-08 -8.30381e-11
5.35533e-08 -8.62306e-11
5.33605e-08 -8.78094e-11
5.38641e-08 -8.78354e-11
5.38543e-08 -8.67298e-11
5.37807e-08 -8.72564e-11
5.38398e-08 -8.91260e-11
5.40233e-08 -8.78255e-11
5.43156e-08 -8.83072e-11
5.42471e-08 -9.17620e-11
5.42511e-08 -9.47242e-11
5.42520e-08 -9.41377e-11
5.44699e-08 -9.48882e-11
5.46233e-08 -9.50505e-11
5.46052e-08 -9.44724e-11
5.46956e-08 -9.28822e-11
5.48080e-08 -9.06344e-11
5.50365e-08 -9.02250e-11
5.50870e-08 -9.23538e-11
5.50902e-08 -9.28193e-11
5.53506e-08 -9.25740e-11
5.52641e-08 -9.43283e-11
5.52443e-08 -9.49226e-11
5.52855e-08 -9.39656e-11
5.58256e-08 -9.40231e-11
5.57730e-08 -9.39168e-11
5.57126e-08 -9.65697e-11
5.59625e-08 -9.80412e-11
5.58621e-08 -9.88111e-11
5.57627e-08 -1.00672e-10
5.59429e-08 -1.04515e-10
5.57580e-08 -1.05017e-10
5.59443e-08 -1.04754e-10
5.61819e-08 -1.05474e-10
5.64963e-08 -1.06692e-10
5.63285e-08 -1.08082e-10
5.62906e-08 -1.09219e-10
5.65605e-08 -1.10373e-10
5.64463e-08 -1.11834e-10
5.65701e-08 -1.11486e-10
5.66761e-08 -1.08027e-10
5.71714e-08 -1.05781e-10
5.72117e-08 -1.04012e-10
5.70526e-08 -1.01499e-10
5.75946e-08 -1.01777e-10
5.74083e-08 -1.01480e-10
5.75720e-08 -1.03016e-10
5.78003e-08 -1.05416e-10
5.76906e-08 -1.07584e-10
5.76282e-08 -1.08336e-10
5.77717e-08 -1.10196e-10
5.75154e-08 -1.12279e-10
5.78965e-08 -1.13179e-10
5.78720e-08 -1.14754e-10
5.77674e-08 -1.17331e-10
5.81300e-08 -1.17384e-10
5.81959e-08 -1.16529e-10
5.82360e-08 -1.15886e-10
5.81713e-08 -1.17548e-10
5.79706e-08 -1.20484e-10
5.83739e-08 -1.21279e-10
5.84555e-08 -1.20794e-10
5.85724e-08 -1.22613e-10
5.85387e-08 -1.23062e-10
5.90889e-08 -1.24215e-10
5.86986e-08 -1.24433e-10
5.87529e-08 -1.24763e-10
5.88348e-08 -1.24550e-10
5.92420e-08 -1.24107e-10
5.90107e-08 -1.22356e-10
5.93059e-08 -1.20790e-10
5.95329e-08 -1.19868e-10
5.95013e-08 -1.19132e-10
5.95651e-08 -1.17218e-10
6.01146e-08 -1.16993e-10
5.99170e-08 -1.17596e-10
5.99664e-08 -1.15832e-10
6.03574e-08 -1.11392e-10
6.07062e-08 -1.03455e-10
6.13504e-08 -9.45029e-11
6.12953e-08 -8.71870e-11
6.17525e-08 -7.90790e-11
6.21397e-08 -7.08308e-11
6.27023e-08 -6.09624e-11
6.32773e-08 -5.15642e-11
6.35484e-08 -4.39955e-11
6.37135e-08 -3.82033e-11
6.39424e-08 -3.41395e-11
6.40855e-08 -3.18112e-11
6.41565e-08 -3.24828e-11
6.42253e-08 -3.60238e-11
6.43902e-08 -3.86456e-11
6.39472e-08 -4.10030e-11
6.42126e-08 -4.31297e-11
6.39355e-08 -4.24732e-11
6.42734e-08 -4.15883e-11
6.43467e-08 -4.07885e-11
6.44929e-08 -3.97688e-11
6.49179e-08 -3.73906e-11
6.51323e-08 -3.57237e-11
6.50181e-08 -3.41058e-11
6.54871e-08 -2.98485e-11
6.57390e-08 -2.64950e-11
6.59055e-08 -2.62652e-11
6.60356e-08 -2.76885e-11
6.61129e-08 -2.87328e-11
6.59763e-08 -2.83467e-11
6.61931e-08 -2.82882e-11
6.61722e-08 -2.86367e-11
6.62591e-08 -2.93921e-11
6.64901e-08 -2.97506e-11
6.64017e-08 -2.90396e-11
6.66956e-08 -2.89112e-11
6.66109e-08 -3.08905e-11
6.63367e-08 -3.23886e-11
6.69506e-08 -3.27532e-11
6.70460e-08 -3.26940e-11
6.67033e-08 -3.51250e-11
6.68334e-08 -3.62678e-11
6.69981e-08 -3.49702e-11
6.71124e-08 -3.60256e-11
6.68650e-08 -3.70003e-11
6.72964e-08 -3.63943e-11
6.73060e-08 -3.47046e-11
6.76944e-08 -3.03414e-11
6.81549e-08 -2.57775e-11
6.80948e-08 -2.42177e-11
6.82240e-08 -2.28648e-11
6.86626e-08 -1.95179e-11
6.86762e-08 -1.65903e-11
6.87213e-08 -1.88790e-11
6.85472e-08 -2.18596e-11
6.87268e-08 -2.45999e-11
6.87925e-08 -2.62729e-11
6.90187e-08 -2.67740e-11
6.89337e-08 -2.87623e-11
6.90125e-08 -3.20043e-11
6.88513e-08 -3.48759e-11
6.90344e-08 -3.83523e-11
6.90905e-08 -3.97518e-11
6.91712e-08 -4.01347e-11
6.92245e-08 -3.88150e-11
6.93627e-08 -3.60736e-11
6.96326e-08 -3.38634e-11
6.96437e-08 -3.18477e-11
7.01139e-08 -2.83959e-11
7.00970e-08 -2.46994e-11
7.01526e-08 -2.27516e-11
7.01689e-08 -2.53440e-11
7.01927e-08 -2.68720e-11
7.06071e-08 -2.81769e-11
7.04602e-08 -2.83766e-11
7.06825e-08 -2.81551e-11
7.07897e-08 -3.08263e-11
7.09835e-08 -3.65042e-11
7.04906e-08 -3.97956e-11
7.06090e-08 -4.21287e-11
7.06682e-08 -4.51178e-11
7.07640e-08 -4.72906e-11
7.08111e-08 -4.81178e-11
7.09054e-08 -4.69713e-11
7.08241e-08 -4.43646e-11
7.13361e-08 -4.10609e-11
7.13888e-08 -3.77986e-11
7.17762e-08 -3.45868e-11
7.19194e-08 -3.22542e-11
7.20631e-08 -3.24286e-11
7.21121e-08 -3.17999e-11
7.22343e-08 -3.14972e-11
7.20638e-08 -3.01645e-11
7.23348e-08 -2.90431e-11
7.26045e-08 -2.99222e-11
7.24384e-08 -3.21019e-11
7.23789e-08 -3.27647e-11
7.29619e-08 -3.37750e-11
7.25033e-08 -3.65989e-11
7.29466e-08 -3.81570e-11
7.26846e-08 -3.84469e-11
7.29283e-08 -3.64647e-11
7.29137e-08 -3.46592e-11
7.31096e-08 -3.46683e-11
7.31591e-08 -3.51469e-11
7.32564e-08 -3.44706e-11
7.32320e-08 -3.29586e-11
7.38095e-08 -3.21741e-11
7.40641e-08 -3.18248e-11
7.43427e-08 -3.15946e-11
7.43187e-08 -3.00737e-11
7.39544e-08 -2.95084e-11
7.43764e-08 -2.91828e-11
7.43673e-08 -2.86156e-11
7.44557e-08 -2.93252e-11
7.43299e-08 -2.97380e-11
7.46613e-08 -3.07263e-11
7.47049e-08 -2.99803e-11
7.48889e-08 -2.83856e-11
7.50808e-08 -2.65517e-11
7.52398e-08 -2.71065e-11
7.50262e-08 -3.01513e-11
7.49166e-08 -3.28774e-11
7.50353e-08 -3.35223e-11
7.53788e-08 -3.35877e-11
7.52646e-08 -3.36500e-11
7.55944e-08 -3.46860e-11
7.54512e-08 -3.61808e-11
7.55753e-08 -3.77818e-11
7.57880e-08 -3.89686e-11
7.56436e-08 -4.02188e-11
7.56540e-08 -4.13052e-11
7.56799e-08 -4.36124e-11
7.57848e-08 -4.57899e-11
7.59010e-08 -4.67896e-11
7.59521e-08 -4.58162e-11
7.60160e-08 -4.47411e-11
7.64891e-08 -4.40046e-11
7.64843e-08 -4.49883e-11
7.65217e-08 -4.49889e-11
7.66938e-08 -4.34683e-11
7.71264e-08 -4.05827e-11
7.72236e-08 -3.76685e-11
7.72521e-08 -3.48532e-11
7.73982e-08 -3.24313e-11
7.76227e-08 -3.10228e-11
7.75438e-08 -2.83454e-11
7.80312e-08 -2.57778e-11
7.78852e-08 -2.39900e-11
7.82789e-08 -2.33931e-11
7.81008e-08 -2.56533e-11
7.83788e-08 -2.76828e-11
7.83618e-08 -2.62299e-11
7.83331e-08 -2.51302e-11
7.86285e-08 -2.52394e-11
7.90186e-08 -2.61472e-11
7.88501e-08 -2.78382e-11
7.89651e-08 -2.88738e-11
7.88845e-08 -2.90483e-11
7.89771e-08 -3.04749e-11
7.88610e-08 -3.22755e-11
7.89084e-08 -3.30952e-11
7.92251e-08 -3.53668e-11
7.92734e-08 -3.78429e-11
7.90541e-08 -3.88148e-11
7.94410e-08 -3.98216e-11
7.90738e-08 -4.01863e-11
7.91641e-08 -4.14005e-11
7.95917e-08 -4.11881e-11
7.95320e-08 -3.82120e-11
8.00707e-08 -3.60692e-11
7.97737e-08 -3.62891e-11
8.01244e-08 -3.64190e-11
8.01958e-08 -3.54003e-11
8.02918e-08 -3.42010e-11
8.04239e-08 -3.33211e-11
8.03329e-08 -3.24085e-11
8.06477e-08 -3.30543e-11
8.09816e-08 -3.45298e-11
8.09749e-08 -3.58507e-11
8.07529e-08 -3.83075e-11
8.13005e-08 -3.64552e-11
8.14111e-08 -3.31399e-11
8.12872e-08 -3.09713e-11
8.14507e-08 -3.02704e-11
8.14749e-08 -3.09464e-11
8.14573e-08 -2.97924e-11
8.21719e-08 -2.93771e-11
8.17952e-08 -3.00266e-11
8.20008e-08 -3.22665e-11
8.18716e-08 -3.33399e-11
8.23933e-08 -3.22632e-11
8.23434e-08 -3.20784e-11
8.22530e-08 -3.36688e-11
8.23551e-08 -3.67740e-11
8.21114e-08 -4.01597e-11
8.23293e-08 -4.20305e-11
8.24819e-08 -4.22184e-11
8.24832e-08 -4.16178e-11
8.24607e-08 -3.97717e-11
8.24552e-08 -3.93763e-11
8.27738e-08 -4.04677e-11
8.31482e-08 -4.29709e-11
8.27189e-08 -4.35166e-11
8.31018e-08 -4.29601e-11
8.31667e-08 -4.29769e-11
8.33038e-08 -4.41879e-11
8.33576e-08 -4.65001e-11
8.33251e-08 -4.66328e-11
8.34082e-08 -4.49802e-11
8.37508e-08 -4.50746e-11
8.35707e-08 -4.65545e-11
8.33650e-08 -4.87976e-11
8.37809e-08 -4.92155e-11
8.37931e-08 -4.82886e-11
8.40259e-08 -4.80324e-11
8.41172e-08 -4.80972e-11
8.42915e-08 -4.81936e-11
8.41777e-08 -4.71249e-11
8.43249e-08 -4.74737e-11
8.42748e-08 -4.84139e-11
8.44196e-08 -4.71552e-11
8.44643e-08 -4.49748e-11
8.48991e-08 -4.31423e-11
8.50051e-08 -4.22047e-11
8.51495e-08 -4.34792e-11
8.52483e-08 -4.64008e-11
8.52529e-08 -4.87858e-11
8.51445e-08 -5.20364e-11
8.50166e-08 -5.39113e-11
8.56146e-08 -5.50303e-11
8.52713e-08 -5.60786e-11
8.55926e-08 -5.76523e-11
8.52572e-08 -5.90232e-11
8.54758e-08 -5.89138e-11
8.54718e-08 -6.01537e-11
8.57127e-08 -6.07750e-11
8.59146e-08 -6.08865e-11
8.56757e-08 -5.96423e-11
8.63242e-08 -5.75666e-11
8.62794e-08 -5.52688e-11
8.64812e-08 -5.53821e-11
8.62811e-08 -5.71781e-11
8.64665e-08 -6.08665e-11
8.63512e-08 -6.34823e-11
8.64547e-08 -6.51441e-11
8.66216e-08 -6.43422e-11
8.68453e-08 -6.07152e-11
8.70127e-08 -5.90576e-11
8.72876e-08 -5.94989e-11
8.69966e-08 -5.98215e-11
8.72466e-08 -6.04505e-11
8.73256e-08 -6.00397e-11
8.73867e-08 -6.07320e-11
8.73464e-08 -6.08181e-11
8.77203e-08 -6.02526e-11
8.77824e-08 -5.92312e-11
8.79129e-08 -5.84000e-11
8.76660e-08 -5.99199e-11
8.80620e-08 -6.03726e-11
8.80074e-08 -6.03313e-11
8.82412e-08 -6.20045e-11
8.80739e-08 -6.31010e-11
8.83226e-08 -6.32063e-11
8.81526e-08 -6.01774e-11
8.86221e-08 -5.81483e-11
8.85606e-08 -5.85910e-11
8.86127e-08 -6.17930e-11
8.87089e-08 -6.45125e-11
8.87468e-08 -6.70170e-11
8.90929e-08 -6.75659e-11
8.89277e-08 -6.88788e-11
8.88704e-08 -7.28388e-11
8.85180e-08 -7.61206e-11
8.87189e-08 -7.65412e-11
8.90519e-08 -7.74830e-11
8.90028e-08 -7.89559e-11
8.90504e-08 -7.80901e-11
8.93581e-08 -7.61476e-11
8.95755e-08 -7.66319e-11
8.97547e-08 -7.71441e-11
8.96854e-08 -7.69797e-11
8.96708e-08 -7.60155e-11
8.96496e-08 -7.58108e-11
8.97986e-08 -7.58247e-11
9.01234e-08 -7.67339e-11
9.03349e-08 -7.45939e-11
9.04894e-08 -7.16402e-11
9.07527e-08 -7.13117e-11
9.02312e-08 -7.49028e-11
9.03010e-08 -7.95327e-11
9.05740e-08 -8.11534e-11
9.06070e-08 -8.10053e-11
9.08626e-08 -8.23076e-11
9.07339e-08 -8.28037e-11
9.07201e-08 -8.20967e-11
9.10957e-08 -8.06411e-11
9.09461e-08 -8.20454e-11
9.09077e-08 -8.40369e-11
9.11243e-08 -8.39868e-11
9.10613e-08 -8.36325e-11
9.14092e-08 -8.13270e-11
9.18508e-08 -7.95705e-11
9.18865e-08 -7.76587e-11
9.20727e-08 -7.65584e-11
9.18086e-08 -7.71927e-11
9.18118e-08 -8.04610e-11
9.21918e-08 -8.19550e-11
9.22004e-08 -8.25360e-11
9.16871e-08 -8.22390e-11
9.21874e-08 -8.20858e-11
9.23444e-08 -8.27006e-11
9.25394e-08 -8.18989e-11
9.23891e-08 -8.13617e-11
9.28545e-08 -8.02930e-11
9.31568e-08 -7.99142e-11
9.32568e-08 -8.08384e-11
9.31349e-08 -8.02903e-11
9.31420e-08 -7.97979e-11
9.31084e-08 -7.94038e-11
9.33473e-08 -8.12082e-11
9.35167e-08 -8.42519e-11
9.34188e-08 -8.77489e-11
9.34649e-08 -8.94497e-11
9.35420e-08 -9.02207e-11
9.33891e-08 -9.06014e-11
9.36952e-08 -9.06699e-11
9.35163e-08 -9.01495e-11
9.38504e-08 -9.10594e-11
9.37857e-08 -9.21574e-11
9.41117e-08 -9.21887e-11
9.37969e-08 -9.18239e-11
9.42496e-08 -9.25377e-11
9.42883e-08 -9.38998e-11
9.43035e-08 -9.40035e-11
9.44196e-08 -9.36030e-11
9.46996e-08 -9.36128e-11
9.47052e-08 -9.45659e-11
9.49671e-08 -9.56786e-11
9.47390e-08 -9.57942e-11
9.50365e-08 -9.52785e-11
9.51733e-08 -9.42575e-11
9.51180e-08 -9.45147e-11
9.51957e-08 -9.52673e-11
9.55228e-08 -9.49867e-11
9.53902e-08 -9.58793e-11
9.54606e-08 -9.82514e-11
9.51827e-08 -9.98606e-11
9.54291e-08 -1.00598e-10
9.59729e-08 -1.00543e-10
9.61055e-08 -1.02170e-10
9.56882e-08 -1.02075e-10
9.57216e-08 -1.02193e-10
9.59628e-08 -1.03648e-10
9.59109e-08 -1.03523e-10
9.60018e-08 -1.02477e-10
9.61763e-08 -1.03129e-10
9.64927e-08 -1.02605e-10
9.65279e-08 -1.02392e-10
9.63363e-08 -1.01693e-10
9.69544e-08 -1.02770e-10
9.67892e-08 -1.02682e-10
9.68353e-08 -1.02421e-10
9.70279e-08 -1.02528e-10
9.71943e-08 -1.04544e-10
9.69649e-08 -1.07218e-10
9.73390e-08 -1.08609e-10
9.71753e-08 -1.09597e-10
9.70021e-08 -1.11147e-10
9.71246e-08 -1.11398e-10
9.69520e-08 -1.13493e-10
9.73169e-08 -1.15718e-10
9.74046e-08 -1.16452e-10
9.75200e-08 -1.17193e-10
9.75925e-08 -1.18661e-10
9.75534e-08 -1.19275e-10
9.77625e-08 -1.18047e-10
9.77470e-08 -1.16551e-10
9.78765e-08 -1.15749e-10
9.81588e-08 -1.15130e-10
9.82880e-08 -1.13775e-10
9.82064e-08 -1.12862e-10
9.88770e-08 -1.12924e-10
9.85977e-08 -1.14296e-10
9.86190e-08 -1.15339e-10
9.86274e-08 -1.16487e-10
9.89709e-08 -1.18236e-10
9.89957e-08 -1.20573e-10
9.87684e-08 -1.23468e-10
9.89377e-08 -1.25675e-10
9.88215e-08 -1.26639e-10
9.88302e-08 -1.28619e-10
9.90192e-08 -1.29398e-10
9.87939e-08 -1.29989e-10
9.93760e-08 -1.29065e-10
9.91816e-08 -1.28729e-10
9.95394e-08 -1.29209e-10
9.95135e-08 -1.28582e-10
9.92475e-08 -1.27035e-10
9.98458e-08 -1.25062e-10
9.99382e-08 -1.23972e-10
1.00004e-07 -1.23948e-10
1.00176e-07 -1.23575e-10
1.00390e-07 -1.23887e-10
1.00369e-07 -1.24795e-10
1.00348e-07 -1.25963e-10
1.00630e-07 -1.27316e-10
1.00319e-07 -1.29372e-10
1.00447e-07 -1.31683e-10
1.00634e-07 -1.33099e-10
1.00698e-07 -1.33983e-10
1.00946e-07 -1.35502e-10
1.00674e-07 -1.37221e-10
1.00699e-07 -1.38146e-10
1.00576e-07 -1.38459e-10
1.00762e-07 -1.37938e-10
1.00821e-07 -1.39260e-10
1.00844e-07 -1.39134e-10
1.01328e-07 -1.39467e-10
1.01512e-07 -1.39831e-10
1.01573e-07 -1.40245e-10
1.01638e-07 -1.41662e-10
1.01214e-07 -1.43713e-10
1.01436e-07 -1.45179e-10
1.01689e-07 -1.46578e-10
1.01622e-07 -1.48867e-10
1.01866e-07 -1.51051e-10
1.01807e-07 -1.51164e-10
1.01596e-07 -1.53837e-10
1.01613e-07 -1.56119e-10
1.01833e-07 -1.57103e-10
1.01861e-07 -1.57938e-10
1.01913e-07 -1.56675e-10
1.02191e-07 -1.55884e-10
1.02360e-07 -1.58391e-10
1.02367e-07 -1.59310e-10
1.02361e-07 -1.59200e-10
1.02691e-07 -1.58824e-10
1.02786e-07 -1.56528e-10
1.03108e-07 -1.55012e-10
1.02884e-07 -1.54443e-10
1.03027e-07 -1.52684e-10
1.03247e-07 -1.51687e-10
1.03336e-07 -1.52661e-10
1.03469e-07 -1.53156e-10
1.03560e-07 -1.53515e-10
1.03370e-07 -1.57250e-10
1.03659e-07 -1.60625e-10
1.03393e-07 -1.62726e-10
1.03663e-07 -1.63299e-10
1.03891e-07 -1.62062e-10
1.03752e-07 -1.63990e-10
1.03384e-07 -1.66623e-10
1.03667e-07 -1.66832e-10
1.03761e-07 -1.66531e-10
1.03978e-07 -1.66756e-10
1.04336e-07 -1.66658e-10
1.03998e-07 -1.67548e-10
1.04275e-07 -1.70170e-10
1.04224e-07 -1.71135e-10
1.04310e-07 -1.72486e-10
1.04298e-07 -1.74229e-10
1.04249e-07 -1.76004e-10
1.04673e-07 -1.78683e-10
1.04265e-07 -1.81944e-10
1.04466e-07 -1.84334e-10
1.04367e-07 -1.84793e-10
1.04718e-07 -1.83218e-10
1.04779e-07 -1.83077e-10
1.05133e-07 -1.83958e-10
1.05124e-07 -1.83951e-10
1.04999e-07 -1.84880e-10
1.05342e-07 -1.86079e-10
1.05360e-07 -1.86684e-10
1.05236e-07 -1.86757e-10
1.05408e-07 -1.86918e-10
1.05323e-07 -1.88063e-10
1.05348e-07 -1.88425e-10
1.05472e-07 -1.90041e-10
1.05577e-07 -1.91367e-10
1.05689e-07 -1.93608e-10
1.05404e-07 -1.96569e-10
1.05488e-07 -1.98515e-10
1.05777e-07 -1.99938e-10
1.05720e-07 -1.99695e-10
1.06088e-07 -2.00140e-10
1.06031e-07 -2.02145e-10
1.05957e-07 -2.03516e-10
1.06108e-07 -2.05432e-10
1.05852e-07 -2.05823e-10
1.06238e-07 -2.05451e-10
1.06233e-07 -2.03911e-10
1.06391e-07 -2.03392e-10
1.06440e-07 -2.02757e-10
1.06562e-07 -2.01611e-10
1.06820e-07 -2.01458e-10
1.06778e-07 -2.01306e-10
1.07040e-07 -2.01580e-10
1.07098e-07 -2.02345e-10
1.07505e-07 -2.01922e-10
1.07570e-07 -2.00262e-10
1.07718e-07 -1.98339e-10
1.07718e-07 -1.96661e-10
1.07564e-07 -1.97633e-10
1.07843e-07 -1.98236e-10
1.07956e-07 -1.98472e-10
1.07716e-07 -1.98672e-10
1.08140e-07 -1.99400e-10
1.08454e-07 -2.00648e-10
1.08312e-07 -2.01812e-10
1.08321e-07 -2.04357e-10
1.08107e-07 -2.06577e-10
1.08276e-07 -2.08498e-10
1.08213e-07 -2.11239e-10
1.08495e-07 -2.13698e-10
1.08411e-07 -2.15099e-10
1.08613e-07 -2.15769e-10
1.08968e-07 -2.16891e-10
1.08775e-07 -2.18211e-10
1.08688e-07 -2.19977e-10
1.08629e-07 -2.22584e-10
1.08582e-07 -2.25378e-10
1.08867e-07 -2.25234e-10
1.08640e-07 -2.24497e-10
1.08766e-07 -2.23786e-10
1.09100e-07 -2.24130e-10
1.09099e-07 -2.23607e-10
1.09350e-07 -2.20849e-10
1.09459e-07 -2.20396e-10
1.09668e-07 -2.20556e-10
1.09538e-07 -2.20525e-10
1.09585e-07 -2.19979e-10
1.09865e-07 -2.18297e-10
1.10063e-07 -2.16006e-10
1.10184e-07 -2.16862e-10
1.10296e-07 -2.19937e-10
1.10423e-07 -2.20881e-10
1.10570e-07 -2.22658e-10
1.10408e-07 -2.23853e-10
1.10339e-07 -2.23704e-10
1.10834e-07 -2.22033e-10
1.10924e-07 -2.21013e-10
1.10947e-07 -2.23665e-10
1.10896e-07 -2.31651e-10
1.10589e-07 -2.36373e-10
1.10919e-07 -2.35169e-10
1.11069e-07 -2.34014e-10
1.11412e-07 -2.28796e-10
1.11304e-07 -2.18863e-10
1.12215e-07 -2.05827e-10
1.12500e-07 -1.93628e-10
1.13242e-07 -1.78951e-10
1.13901e-07 -1.64496e-10
1.14670e-07 -1.50424e-10
1.14974e-07 -1.35400e-10
1.15674e-07 -1.23665e-10
1.16300e-07 -1.11341e-10
1.16464e-07 -1.01084e-10
1.16764e-07 -9.51810e-11
1.16965e-07 -9.39201e-11
1.16726e-07 -9.88462e-11
1.16701e-07 -1.05756e-10
1.16802e-07 -1.08042e-10
1.16747e-07 -1.08290e-10
1.16695e-07 -1.08464e-10
1.16795e-07 -1.08536e-10
1.16910e-07 -1.08742e-10
1.17290e-07 -1.10517e-10
1.17370e-07 -1.13153e-10
1.17286e-07 -1.13994e-10
1.17230e-07 -1.15097e-10
1.17072e-07 -1.17328e-10
1.17119e-07 -1.18713e-10
1.17469e-07 -1.20274e-10
1.17485e-07 -1.20900e-10
1.17469e-07 -1.22787e-10
1.17497e-07 -1.25865e-10
1.17392e-07 -1.29027e-10
1.17513e-07 -1.30435e-10
1.17507e-07 -1.31746e-10
1.18018e-07 -1.32957e-10
1.17966e-07 -1.32830e-10
1.18036e-07 -1.32675e-10
1.17892e-07 -1.34216e-10
1.18028e-07 -1.34616e-10
1.17974e-07 -1.35378e-10
1.18259e-07 -1.36086e-10
1.18009e-07 -1.36586e-10
1.18427e-07 -1.36094e-10
1.18198e-07 -1.35116e-10
1.18447e-07 -1.34083e-10
1.18641e-07 -1.33872e-10
1.18680e-07 -1.32981e-10
1.19008e-07 -1.31840e-10
1.19302e-07 -1.30874e-10
1.18963e-07 -1.31514e-10
1.19219e-07 -1.30276e-10
1.19493e-07 -1.29893e-10
1.19394e-07 -1.28384e-10
1.19644e-07 -1.26211e-10
1.20111e-07 -1.25944e-10
1.19821e-07 -1.27070e-10
1.19944e-07 -1.27320e-10
1.20215e-07 -1.28434e-10
1.20055e-07 -1.31530e-10
1.20076e-07 -1.35105e-10
1.19964e-07 -1.37062e-10
1.20027e-07 -1.37142e-10
1.20202e-07 -1.38077e-10
1.20578e-07 -1.37440e-10
1.20551e-07 -1.34873e-10
1.20852e-07 -1.34268e-10
1.21042e-07 -1.34450e-10
1.21163e-07 -1.34741e-10
1.21095e-07 -1.32028e-10
1.21255e-07 -1.29739e-10
1.21339e-07 -1.29185e-10
1.21269e-07 -1.30991e-10
1.21412e-07 -1.34293e-10
1.21334e-07 -1.35511e-10
1.21347e-07 -1.37079e-10
1.21623e-07 -1.39437e-10
1.21421e-07 -1.43245e-10
1.21596e-07 -1.46702e-10
1.21613e-07 -1.47307e-10
1.21747e-07 -1.49446e-10
1.21520e-07 -1.52615e-10
1.21798e-07 -1.54936e-10
1.21914e-07 -1.56775e-10
1.21993e-07 -1.58039e-10
1.22120e-07 -1.58435e-10
1.21860e-07 -1.58381e-10
1.22057e-07 -1.57532e-10
1.22288e-07 -1.56475e-10
1.22419e-07 -1.58152e-10
1.22399e-07 -1.59616e-10
1.22621e-07 -1.59097e-10
1.22474e-07 -1.58201e-10
1.22898e-07 -1.58086e-10
1.22781e-07 -1.56843e-10
1.22734e-07 -1.55709e-10
1.23286e-07 -1.55129e-10
1.23174e-07 -1.54841e-10
1.23233e-07 -1.56452e-10
1.22977e-07 -1.57402e-10
1.23242e-07 -1.57850e-10
1.23213e-07 -1.58459e-10
1.23286e-07 -1.59908e-10
1.23577e-07 -1.62395e-10
1.23710e-07 -1.62029e-10
1.23784e-07 -1.61218e-10
1.23665e-07 -1.62001e-10
1.23703e-07 -1.65065e-10
1.23581e-07 -1.67323e-10
1.23815e-07 -1.69541e-10
1.23837e-07 -1.72242e-10
1.23744e-07 -1.73895e-10
1.23781e-07 -1.74469e-10
1.23988e-07 -1.74726e-10
1.24220e-07 -1.75873e-10
1.24228e-07 -1.77327e-10
1.24237e-07 -1.76211e-10
1.24423e-07 -1.75960e-10
1.24429e-07 -1.75513e-10
1.24479e-07 -1.75394e-10
1.24586e-07 -1.74154e-10
1.25000e-07 -1.70983e-10
1.25078e-07 -1.66409e-10
1.25284e-07 -1.65566e-10
1.25431e-07 -1.67593e-10
1.25826e-07 -1.66666e-10
1.25608e-07 -1.67050e-10
1.25572e-07 -1.69254e-10
1.25769e-07 -1.70338e-10
1.25975e-07 -1.70617e-10
1.25753e-07 -1.71377e-10
1.26074e-07 -1.72138e-10
1.25990e-07 -1.72965e-10
1.25956e-07 -1.72009e-10
1.26284e-07 -1.71702e-10
1.26488e-07 -1.73153e-10
1.26756e-07 -1.73529e-10
1.26689e-07 -1.73854e-10
1.26458e-07 -1.74052e-10
1.26750e-07 -1.73719e-10
1.26823e-07 -1.75170e-10
1.26843e-07 -1.79051e-10
1.26727e-07 -1.83078e-10
1.26646e-07 -1.84958e-10
1.26576e-07 -1.88188e-10
1.26628e-07 -1.90542e-10
1.26879e-07 -1.92546e-10
1.26996e-07 -1.94069e-10
1.26634e-07 -1.94271e-10
1.27170e-07 -1.93339e-10
1.26953e-07 -1.92843e-10
1.27255e-07 -1.93301e-10
1.27404e-07 -1.96129e-10
1.27233e-07 -1.96216e-10
1.27328e-07 -1.95327e-10
1.27875e-07 -1.94046e-10
1.27825e-07 -1.93024e-10
1.27619e-07 -1.93309e-10
1.27672e-07 -1.94258e-10
1.28023e-07 -1.95769e-10
1.28089e-07 -1.97176e-10
1.28192e-07 -1.98001e-10
1.28190e-07 -1.98343e-10
1.28188e-07 -1.97825e-10
1.28386e-07 -1.97512e-10
1.28716e-07 -1.97987e-10
1.28562e-07 -1.98380e-10
1.28660e-07 -2.01046e-10
1.28905e-07 -2.04362e-10
1.28652e-07 -2.08294e-10
1.28435e-07 -2.10606e-10
1.28647e-07 -2.10121e-10
1.28700e-07 -2.11071e-10
1.28829e-07 -2.13082e-10
1.28750e-07 -2.15446e-10
1.28641e-07 -2.16755e-10
1.28915e-07 -2.16953e-10
1.29049e-07 -2.17130e-10
1.29429e-07 -2.17509e-10
1.29161e-07 -2.15438e-10
1.29472e-07 -2.12005e-10
1.29856e-07 -2.09468e-10
1.29795e-07 -2.07930e-10
1.29994e-07 -2.07853e-10
1.30197e-07 -2.08475e-10
1.30159e-07 -2.09068e-10
1.30056e-07 -2.10464e-10
1.30347e-07 -2.11827e-10
1.30212e-07 -2.11679e-10
1.30429e-07 -2.13291e-10
1.30396e-07 -2.16243e-10
1.30383e-07 -2.18022e-10
1.30528e-07 -2.18448e-10
1.30592e-07 -2.17943e-10
1.30824e-07 -2.18255e-10
1.30605e-07 -2.18091e-10
1.30880e-07 -2.17715e-10
1.30946e-07 -2.16576e-10
1.31061e-07 -2.16765e-10
1.31050e-07 -2.17643e-10
1.31164e-07 -2.18438e-10
1.31367e-07 -2.19632e-10
1.31316e-07 -2.20874e-10
1.31398e-07 -2.21493e-10
1.31538e-07 -2.23453e-10
1.31602e-07 -2.25195e-10
1.31623e-07 -2.27092e-10
1.31269e-07 -2.29586e-10
1.31671e-07 -2.30419e-10
1.31605e-07 -2.30988e-10
1.31954e-07 -2.32579e-10
1.32077e-07 -2.34189e-10
1.32159e-07 -2.34829e-10
1.31871e-07 -2.36167e-10
1.32031e-07 -2.37827e-10
1.32097e-07 -2.39194e-10
1.32082e-07 -2.40507e-10
1.32240e-07 -2.41353e-10
1.32392e-07 -2.43812e-10
1.32554e-07 -2.45398e-10
1.32364e-07 -2.45764e-10
1.32531e-07 -2.45516e-10
1.32712e-07 -2.45982e-10
1.32723e-07 -2.46227e-10
1.32958e-07 -2.45891e-10
1.33084e-07 -2.43806e-10
1.33119e-07 -2.42186e-10
1.33468e-07 -2.41812e-10
1.33240e-07 -2.41643e-10
1.33136e-07 -2.41381e-10
1.33352e-07 -2.40516e-10
1.33652e-07 -2.41054e-10
1.34052e-07 -2.42519e-10
1.33752e-07 -2.43091e-10
1.33891e-07 -2.45367e-10
1.33818e-07 -2.48136e-10
1.33929e-07 -2.50668e-10
1.33721e-07 -2.52152e-10
1.33950e-07 -2.52291e-10
1.33974e-07 -2.52141e-10
1.34029e-07 -2.54398e-10
1.34195e-07 -2.55579e-10
1.34443e-07 -2.55440e-10
1.34342e-07 -2.55113e-10
1.34388e-07 -2.55971e-10
1.34384e-07 -2.56922e-10
1.34688e-07 -2.57351e-10
1.34511e-07 -2.59279e-10
1.34674e-07 -2.60293e-10
1.35068e-07 -2.61645e-10
1.34634e-07 -2.61766e-10
1.34953e-07 -2.61718e-10
1.35171e-07 -2.62186e-10
1.35305e-07 -2.62922e-10
1.35287e-07 -2.63196e-10
1.35329e-07 -2.62761e-10
1.35373e-07 -2.61745e-10
1.35499e-07 -2.61044e-10
1.35776e-07 -2.61432e-10
1.35776e-07 -2.62811e-10
1.35646e-07 -2.63345e-10
1.35881e-07 -2.64153e-10
1.35911e-07 -2.64924e-10
1.36199e-07 -2.65819e-10
1.36252e-07 -2.65907e-10
1.36022e-07 -2.66928e-10
1.36345e-07 -2.65359e-10
1.36418e-07 -2.62629e-10
1.36777e-07 -2.59986e-10
1.36850e-07 -2.59201e-10
1.36912e-07 -2.58160e-10
1.36784e-07 -2.58922e-10
1.37458e-07 -2.57770e-10
1.37605e-07 -2.56443e-10
1.37432e-07 -2.55738e-10
1.37646e-07 -2.56326e-10
1.37472e-07 -2.58483e-10
1.37415e-07 -2.62993e-10
1.37283e-07 -2.65821e-10
1.37389e-07 -2.69653e-10
1.37503e-07 -2.73527e-10
1.37467e-07 -2.75433e-10
1.37891e-07 -2.75035e-10
1.37814e-07 -2.76792e-10
1.37834e-07 -2.77590e-10
1.38111e-07 -2.77418e-10
1.38023e-07 -2.78091e-10
1.38083e-07 -2.77418e-10
1.38294e-07 -2.76147e-10
1.38063e-07 -2.76063e-10
1.38407e-07 -2.74134e-10
1.38821e-07 -2.72670e-10
1.39009e-07 -2.72910e-10
1.38899e-07 -2.73692e-10
1.38894e-07 -2.73841e-10
1.38874e-07 -2.75836e-10
1.39057e-07 -2.78196e-10
1.38847e-07 -2.80554e-10
1.39247e-07 -2.82306e-10
1.39169e-07 -2.83239e-10
1.39027e-07 -2.84986e-10
1.39226e-07 -2.86584e-10
1.39227e-07 -2.87386e-10
1.39004e-07 -2.87057e-10
1.39399e-07 -2.88101e-10
1.39578e-07 -2.88911e-10
1.39549e-07 -2.89488e-10
1.39501e-07 -2.90934e-10
1.39659e-07 -2.91813e-10
1.39781e-07 -2.92614e-10
1.39769e-07 -2.94680e-10
1.39962e-07 -2.95888e-10
1.39778e-07 -2.96627e-10
1.39871e-07 -2.98347e-10
1.40126e-07 -3.01329e-10
1.40098e-07 -3.03286e-10
1.39776e-07 -3.05395e-10
1.39830e-07 -3.05995e-10
1.40241e-07 -3.05445e-10
1.40517e-07 -3.05020e-10
1.40548e-07 -3.05208e-10
1.40642e-07 -3.04926e-10
1.40540e-07 -3.05465e-10
1.40689e-07 -3.05199e-10
1.40781e-07 -3.03544e-10
1.41176e-07 -3.02084e-10
1.41071e-07 -3.01304e-10
1.41310e-07 -3.01142e-10
1.41422e-07 -3.01433e-10
1.41558e-07 -3.01530e-10
1.41577e-07 -3.01821e-10
1.41408e-07 -3.03243e-10
1.41860e-07 -3.05087e-10
1.41675e-07 -3.06448e-10
1.41829e-07 -3.07984e-10
1.41711e-07 -3.09284e-10
1.41775e-07 -3.11009e-10
1.42106e-07 -3.13414e-10
1.42095e-07 -3.13742e-10
1.42206e-07 -3.15445e-10
1.41985e-07 -3.15623e-10
1.42062e-07 -3.13896e-10
1.41954e-07 -3.12630e-10
1.42140e-07 -3.11820e-10
1.42603e-07 -3.12236e-10
1.42652e-07 -3.11334e-10
1.42787e-07 -3.11479e-10
1.42893e-07 -3.13629e-10
1.42704e-07 -3.15927e-10
1.42942e-07 -3.18606e-10
1.42965e-07 -3.21558e-10
1.42780e-07 -3.25143e-10
1.43150e-07 -3.26928e-10
1.42893e-07 -3.29045e-10
1.42822e-07 -3.31728e-10
1.42943e-07 -3.33997e-10
1.42756e-07 -3.34817e-10
1.43310e-07 -3.36432e-10
1.43255e-07 -3.36116e-10
1.43533e-07 -3.35617e-10
1.43315e-07 -3.35985e-10
1.43637e-07 -3.35319e-10
1.43518e-07 -3.34672e-10
1.43797e-07 -3.32761e-10
1.44123e-07 -3.33345e-10
1.44109e-07 -3.35168e-10
1.44266e-07 -3.36345e-10
1.44005e-07 -3.37728e-10
1.43915e-07 -3.39019e-10
1.44150e-07 -3.39265e-10
1.44473e-07 -3.38264e-10
1.44237e-07 -3.40286e-10
1.44401e-07 -3.42112e-10
1.44457e-07 -3.43222e-10
1.44487e-07 -3.44556e-10
1.44530e-07 -3.46623e-10
1.44585e-07 -3.47787e-10
1.44364e-07 -3.49643e-10
1.44394e-07 -3.51552e-10
1.44880e-07 -3.52107e-10
1.44758e-07 -3.53534e-10
1.44913e-07 -3.54206e-10
1.45192e-07 -3.55658e-10
1.45166e-07 -3.56691e-10
1.45091e-07 -3.56979e-10
1.44971e-07 -3.56947e-10
1.45388e-07 -3.56783e-10
1.45297e-07 -3.57273e-10
1.45514e-07 -3.58610e-10
1.45377e-07 -3.61866e-10
1.45564e-07 -3.62433e-10
1.45582e-07 -3.63846e-10
1.45627e-07 -3.65583e-10
1.45895e-07 -3.65661e-10
1.45953e-07 -3.66175e-10
1.45640e-07 -3.68844e-10
1.46114e-07 -3.70023e-10
1.45996e-07 -3.69379e-10
1.46042e-07 -3.69666e-10
1.46227e-07 -3.71130e-10
1.46328e-07 -3.72570e-10
1.46204e-07 -3.74060e-10
1.46155e-07 -3.74967e-10
1.46431e-07 -3.76766e-10
1.46386e-07 -3.78683e-10
1.46572e-07 -3.80963e-10
1.46427e-07 -3.82216e-10
1.46665e-07 -3.83493e-10
1.46747e-07 -3.85790e-10
1.46385e-07 -3.88234e-10
1.46737e-07 -3.88881e-10
1.46587e-07 -3.88357e-10
1.46743e-07 -3.88709e-10
1.46649e-07 -3.89299e-10
1.47059e-07 -3.88489e-10
1.47279e-07 -3.87771e-10
1.47225e-07 -3.88823e-10
1.47160e-07 -3.91073e-10
1.47401e-07 -3.92253e-10
1.47478e-07 -3.93025e-10
1.47084e-07 -3.93907e-10
1.47371e-07 -3.95657e-10
1.47606e-07 -3.96734e-10
1.47272e-07 -3.97786e-10
1.47473e-07 -3.97365e-10
1.47769e-07 -3.98854e-10
1.47575e-07 -4.01860e-10
1.47915e-07 -4.02590e-10
1.48099e-07 -4.02958e-10
1.47870e-07 -4.04231e-10
1.48211e-07 -4.05508e-10
1.47750e-07 -4.18205e-10
1.47223e-07 -4.35970e-10
1.47235e-07 -4.43738e-10
1.47409e-07 -4.37109e-10
1.48138e-07 -4.19456e-10
1.49201e-07 -3.91784e-10
1.50173e-07 -3.56447e-10
1.51808e-07 -3.15545e-10
1.53355e-07 -2.70011e-10
1.55260e-07 -2.21287e-10
1.56981e-07 -1.72474e-10
1.58617e-07 -1.22553e-10
1.60287e-07 -7.63879e-11
1.61973e-07 -3.64715e-11
1.62867e-07 -3.23681e-12
1.63924e-07 2.08993e-11
1.64491e-07 3.48454e-11
1.64701e-07 3.57948e-11
1.64059e-07 1.99015e-11
1.63836e-07 5.92818e-12
1.63787e-07 1.67574e-12
1.63949e-07 2.32943e-12
1.64078e-07 2.84015e-12
1.64184e-07 3.50080e-12
1.64310e-07 3.61881e-12
1.64250e-07 2.38240e-12
1.64260e-07 9.97784e-13
1.64479e-07 -5.55517e-13
1.64440e-07 -1.73879e-12
1.64725e-07 -1.02208e-12
1.65065e-07 4.81513e-13
1.64973e-07 1.10363e-12
1.65077e-07 1.68729e-12
1.65105e-07 3.07556e-12
1.65394e-07 6.15601e-12
1.65460e-07 6.71626e-12
1.65351e-07 5.15066e-12
1.65354e-07 4.39795e-12
1.65641e-07 5.14540e-12
1.65909e-07 6.17914e-12
1.65566e-07 6.27164e-12
1.65894e-07 3.78317e-12
1.65729e-07 7.77403e-13
1.65696e-07 -1.61371e-12
1.65860e-07 -3.13031e-12
1.66057e-07 -5.92341e-12
1.66007e-07 -8.82449e-12
1.66184e-07 -1.10763e-11
1.66169e-07 -1.15338e-11
1.66234e-07 -1.29189e-11
1.66254e-07 -1.42825e-11
1.66561e-07 -1.32148e-11
1.66586e-07 -9.36789e-12
1.66879e-07 -7.31616e-12
1.66897e-07 -7.33377e-12
1.67015e-07 -6.32428e-12
1.66878e-07 -3.14117e-12
1.67514e-07 -2.02137e-12
1.67367e-07 -8.18282e-13
1.67334e-07 -6.75939e-13
1.67725e-07 3.98199e-13
1.67851e-07 1.36453e-12
1.68280e-07 1.90004e-12
1.67982e-07 1.95312e-12
1.67836e-07 6.47449e-13
1.68056e-07 2.41089e-13
1.68201e-07 1.49750e-12
1.68158e-07 2.17255e-12
1.68452e-07 2.58004e-12
1.68960e-07 4.36356e-12
1.69138e-07 6.63220e-12
1.68871e-07 5.61926e-12
1.69037e-07 3.04201e-12
1.69260e-07 2.98992e-12
1.69246e-07 3.69649e-12
1.69194e-07 1.58824e-12
1.69292e-07 -2.45919e-13
1.69355e-07 -1.70390e-12
1.69549e-07 -2.06989e-12
1.69458e-07 -2.00093e-12
1.69822e-07 -8.69039e-13
1.69819e-07 -1.17914e-13
1.69788e-07 -1.06360e-12
1.69949e-07 1.22922e-13
1.70035e-07 2.69817e-12
1.70663e-07 4.71657e-12
1.70586e-07 5.78245e-12
1.70374e-07 5.31369e-12
1.70626e-07 5.00738e-12
1.70787e-07 4.24342e-12
1.71076e-07 3.08589e-12
1.70999e-07 1.35512e-12
1.70837e-07 -1.47910e-13
1.70905e-07 -9.09603e-13
1.71022e-07 -2.04063e-13
1.71166e-07 1.04735e-12
1.71219e-07 3.19386e-12
1.71811e-07 4.96160e-12
1.71868e-07 6.39919e-12
1.71893e-07 7.99109e-12
1.72022e-07 8.78663e-12
1.71935e-07 1.09261e-11
1.72428e-07 1.31168e-11
1.72588e-07 1.25737e-11
1.72579e-07 1.11849e-11
1.72523e-07 9.22356e-12
1.72627e-07 7.58915e-12
1.72602e-07 4.59471e-12
1.72491e-07 1.26005e-12
1.72314e-07 -9.66953e-13
1.72671e-07 -1.75939e-12
1.72490e-07 -2.68820e-12
1.72931e-07 -4.60543e-12
1.72735e-07 -7.66658e-12
1.72885e-07 -8.78558e-12
1.73089e-07 -9.39079e-12
1.72956e-07 -7.49679e-12
1.73166e-07 -6.24630e-12
1.73488e-07 -5.26013e-12
1.73726e-07 -4.86543e-12
1.73673e-07 -5.04570e-12
1.73416e-07 -6.31779e-12
1.73636e-07 -6.14152e-12
1.73921e-07 -5.18313e-12
1.73864e-07 -4.90690e-12
1.74168e-07 -4.50185e-12
1.74286e-07 -2.92457e-12
1.74455e-07 -9.24589e-13
1.74450e-07 -5.20207e-13
1.74590e-07 -1.91825e-12
1.74685e-07 -2.70316e-12
1.74925e-07 -2.53514e-12
1.74746e-07 -1.17077e-12
1.74848e-07 2.12241e-13
1.74817e-07 2.09375e-12
1.75063e-07 1.06933e-12
1.75498e-07 -7.49545e-13
1.75432e-07 -2.72195e-12
1.75386e-07 -5.52438e-12
1.75206e-07 -8.93618e-12
1.75422e-07 -8.91131e-12
1.75639e-07 -8.01085e-12
1.75870e-07 -8.08274e-12
1.75629e-07 -8.04209e-12
1.75596e-07 -7.32703e-12
1.76081e-07 -5.39199e-12
1.76233e-07 -3.07360e-12
1.76340e-07 -2.39283e-12
1.76759e-07 -1.32090e-12
1.76611e-07 6.81234e-13
1.76818e-07 9.99917e-13
1.76764e-07 -5.52365e-14
1.76893e-07 -6.59440e-13
1.76893e-07 -1.78655e-12
1.76970e-07 -3.67319e-12
1.76837e-07 -5.71207e-12
1.77166e-07 -8.16363e-12
1.77238e-07 -7.97726e-12
1.77093e-07 -6.16156e-12
1.77332e-07 -6.57056e-12
1.77500e-07 -6.84604e-12
1.77433e-07 -5.48308e-12
1.77773e-07 -6.50193e-12
1.77734e-07 -8.51109e-12
1.77969e-07 -9.86987e-12
1.77734e-07 -1.24273e-11
1.77825e-07 -1.27905e-11
1.78161e-07 -1.16869e-11
1.78065e-07 -1.03390e-11
1.78253e-07 -8.36319e-12
1.78543e-07 -4.97769e-12
1.78881e-07 -1.55909e-12
1.78850e-07 5.72864e-13
1.79127e-07 1.31461e-12
1.79130e-07 1.97604e-12
1.79168e-07 3.10062e-12
1.79305e-07 3.84815e-12
1.79469e-07 5.39827e-12
1.79594e-07 7.20655e-12
1.79807e-07 5.17631e-12
1.79643e-07 -1.12716e-12
1.79649e-07 -6.56588e-12
1.79664e-07 -7.52299e-12
1.79950e-07 -7.34011e-12
1.79860e-07 -6.96481e-12
1.79697e-07 -7.37814e-12
1.80065e-07 -7.55139e-12
1.80047e-07 -8.07565e-12
1.80479e-07 -7.44824e-12
1.80472e-07 -5.70579e-12
1.80551e-07 -5.86342e-12
1.80856e-07 -6.51595e-12
1.80606e-07 -5.32961e-12
1.81036e-07 -2.22783e-12
1.81226e-07 1.21583e-12
1.81565e-07 3.55417e-12
1.81506e-07 4.30609e-12
1.81554e-07 2.93659e-12
1.81829e-07 2.20115e-12
1.81710e-07 2.28249e-12
1.81731e-07 3.74884e-12
1.82049e-07 4.32252e-12
1.82058e-07 3.75756e-12
1.82177e-07 3.39861e-12
1.82193e-07 2.46648e-12
1.82534e-07 1.48803e-12
1.82427e-07 1.36451e-12
1.82407e-07 1.32043e-12
1.82401e-07 1.97782e-12
1.82873e-07 4.08868e-12
1.82842e-07 5.69891e-12
1.83074e-07 6.48640e-12
1.83130e-07 5.08355e-12
1.83020e-07 4.02249e-12
1.83532e-07 3.41456e-12
1.83379e-07 3.57668e-12
1.83304e-07 3.27947e-12
1.83522e-07 2.53075e-12
1.83463e-07 3.56645e-12
1.83558e-07 3.63459e-12
1.83870e-07 3.72261e-12
1.84011e-07 4.88017e-12
1.84187e-07 4.00695e-12
1.83902e-07 3.85740e-12
1.84033e-07 4.98958e-12
1.84536e-07 5.49796e-12
1.84288e-07 7.01835e-12
1.84456e-07 7.29141e-12
1.84535e-07 5.16976e-12
1.84567e-07 2.21093e-12
1.84511e-07 -2.99931e-13
1.84539e-07 2.45669e-13
1.85061e-07 1.05982e-12
1.85094e-07 1.19983e-12
1.85087e-07 1.00368e-12
1.85203e-07 1.11463e-12
1.85593e-07 1.05332e-12
1.85622e-07 -1.72388e-12
1.85581e-07 -3.53047e-12
1.85763e-07 -4.51313e-12
1.85579e-07 -5.53525e-12
1.85555e-07 -4.57466e-12
1.85746e-07 -5.02360e-12
1.85732e-07 -5.99487e-12
1.85878e-07 -6.66352e-12
1.85995e-07 -7.34635e-12
1.86079e-07 -8.49093e-12
1.86027e-07 -8.36942e-12
1.86282e-07 -6.31191e-12
1.86520e-07 -2.82662e-12
1.86467e-07 -4.88824e-13
1.86856e-07 1.36389e-12
1.86966e-07 3.84513e-12
1.87367e-07 4.37764e-12
1.87153e-07 3.28965e-12
1.87616e-07 2.01795e-12
1.87149e-07 2.02137e-12
1.87524e-07 2.63448e-12
1.87607e-07 3.15375e-12
1.87624e-07 4.23266e-12
1.87775e-07 4.84569e-12
1.88104e-07 6.02988e-12
1.88054e-07 6.20723e-12
1.88018e-07 5.11838e-12
1.88279e-07 3.15163e-12
1.87996e-07 1.36928e-12
1.88162e-07 -1.78085e-12
1.88176e-07 -1.91175e-12
1.88489e-07 -1.77866e-12
1.88488e-07 -2.07890e-12
1.88761e-07 -3.12863e-12
1.88719e-07 -4.69442e-12
1.88974e-07 -4.60376e-12
1.89102e-07 -2.15460e-12
1.89155e-07 2.70148e-13
1.89354e-07 2.59381e-12
1.89469e-07 4.65278e-12
1.89667e-07 7.76902e-12
1.89860e-07 9.07671e-12
1.89955e-07 9.40320e-12
1.89534e-07 6.87677e-12
1.89874e-07 2.78638e-12
1.89929e-07 5.14677e-13
1.89891e-07 -1.19044e-12
1.89998e-07 -3.87969e-12
1.90282e-07 -3.49245e-12
1.90137e-07 -4.46974e-12
1.90285e-07 -7.03710e-12
1.90347e-07 -7.98087e-12
1.90158e-07 -6.63569e-12
1.90508e-07 -6.80762e-12
1.90294e-07 -6.47953e-12
1.90775e-07 -6.64339e-12
1.90824e-07 -5.73069e-12
1.91010e-07 -5.19344e-12
1.90963e-07 -5.19739e-12
1.91313e-07 -6.75997e-12
1.91154e-07 -6.75010e-12
1.91081e-07 -8.66687e-12
1.91330e-07 -9.60799e-12
1.91498e-07 -8.21006e-12
1.91488e-07 -6.26901e-12
1.91671e-07 -6.64860e-12
1.91800e-07 -6.44244e-12
1.91955e-07 -5.98659e-12
1.91970e-07 -7.21636e-12
1.91983e-07 -7.10038e-12
1.92089e-07 -6.44579e-12
1.92197e-07 -7.97486e-12
1.92259e-07 -7.80369e-12
1.92513e-07 -6.36520e-12
1.92710e-07 -5.20637e-12
1.92711e-07 -4.88461e-12
1.92796e-07 -4.29892e-12
1.93001e-07 -4.31881e-12
1.93319e-07 -3.19656e-12
1.93374e-07 -4.35080e-12
1.93500e-07 -4.77239e-12
1.93049e-07 -4.01878e-12
1.93529e-07 -5.00926e-12
1.93533e-07 -7.14175e-12
1.93819e-07 -7.25532e-12
1.94007e-07 -5.81024e-12
1.93784e-07 -6.91026e-12
1.94161e-07 -6.25349e-12
1.94118e-07 -5.01785e-12
1.94139e-07 -5.79149e-12
1.94279e-07 -6.35124e-12
1.94314e-07 -5.57975e-12
1.94444e-07 -4.76826e-12
1.94407e-07 -4.73747e-12
1.94465e-07 -5.53265e-12
1.94834e-07 -5.67442e-12
1.94920e-07 -5.88560e-12
1.94841e-07 -6.87867e-12
1.95113e-07 -7.68203e-12
1.95039e-07 -9.90887e-12
1.94979e-07 -1.22570e-11
1.95147e-07 -1.17052e-11
1.95298e-07 -9.42929e-12
1.95560e-07 -6.89575e-12
1.95644e-07 -6.33271e-12
1.95373e-07 -6.04608e-12
1.95629e-07 -5.37141e-12
1.95670e-07 -5.53474e-12
1.95934e-07 -3.78982e-12
1.96242e-07 -9.90883e-13
1.96337e-07 1.01061e-12
1.96344e-07 9.42788e-13
1.96619e-07 1.33836e-12
1.96862e-07 3.30324e-12
1.96933e-07 4.58288e-12
1.97343e-07 4.01205e-12
1.97243e-07 3.24798e-12
1.97315e-07 3.17022e-12
1.97636e-07 4.08741e-12
1.97785e-07 6.04056e-12
1.97710e-07 8.28037e-12
1.97689e-07 8.50275e-12
1.97925e-07 8.83298e-12
1.98117e-07 7.85976e-12
1.98075e-07 7.18838e-12
1.98284e-07 6.45223e-12
1.98286e-07 6.49615e-12
1.98437e-07 5.70373e-12
1.98246e-07 4.19011e-12
1.98346e-07 1.00019e-12
1.98227e-07 -8.83906e-13
1.98322e-07 -1.65749e-12
1.98509e-07 -3.35893e-12
1.98442e-07 -5.36369e-12
1.98533e-07 -5.72185e-12
1.98960e-07 -5.23097e-12
1.98722e-07 -7.34162e-12
1.98717e-07 -6.64948e-12
1.99198e-07 -7.33353e-12
1.99109e-07 -8.90130e-12
1.99216e-07 -9.88018e-12
1.99028e-07 -1.21642e-11
1.99301e-07 -1.26524e-11
1.99453e-07 -1.03358e-11
1.99354e-07 -8.82225e-12
1.99643e-07 -6.61395e-12
1.99920e-07 -4.73169e-12
2.00059e-07 -3.92647e-12
1.99911e-07 -1.93306e-12
2.00437e-07 3.83491e-13
2.00294e-07 8.74495e-13
2.00718e-07 1.53062e-12
2.00744e-07 2.03346e-12
2.00601e-07 2.23592e-12
2.00805e-07 1.33832e-12
2.00954e-07 1.60730e-12
2.01223e-07 1.26081e-12
2.01266e-07 1.99783e-12
2.01440e-07 1.61024e-12
2.01548e-07 1.75307e-12
2.01304e-07 3.69524e-12
2.01691e-07 7.17232e-12
2.01956e-07 8.12102e-12
2.02076e-07 8.34090e-12
2.01956e-07 9.23149e-12
2.02089e-07 9.57303e-12
2.02186e-07 9.41270e-12
2.02093e-07 9.15104e-12
2.02350e-07 7.61823e-12
2.02273e-07 5.85959e-12
2.02571e-07 5.27340e-12
2.02611e-07 3.11363e-12
2.02724e-07 2.29998e-12
2.02898e-07 2.47527e-12
2.03057e-07 4.14125e-12
2.02979e-07 4.60305e-12
2.03191e-07 3.12075e-12
2.03135e-07 1.99742e-12
2.03331e-07 1.42669e-12
2.03355e-07 1.32989e-12
2.03155e-07 -7.50836e-13
2.03445e-07 -2.42255e-12
2.03614e-07 -1.29002e-12
2.03899e-07 -9.73810e-15
2.03879e-07 5.01867e-13
2.03850e-07 7.63446e-13
2.03807e-07 1.27470e-14
2.03959e-07 -1.29977e-12
2.04301e-07 -1.97009e-12
2.04135e-07 -2.19502e-12
2.04344e-07 -4.13665e-13
2.04749e-07 8.01619e-13
2.04687e-07 6.21945e-13
2.04463e-07 -1.59753e-12
2.04739e-07 -4.81268e-12
2.04761e-07 -5.00702e-12
2.04897e-07 -4.84864e-12
2.05002e-07 -4.49399e-12
2.05138e-07 -4.05882e-12
2.05106e-07 -2.77417e-12
2.05460e-07 -8.42723e-13
2.05650e-07 9.41292e-13
2.05621e-07 1.72750e-12
2.05867e-07 1.54760e-12
2.06057e-07 1.36293e-12
2.05669e-07 3.73714e-13
2.05970e-07 4.28439e-13
2.06182e-07 2.30455e-12
2.06511e-07 2.65961e-12
2.06391e-07 2.97504e-12
2.06378e-07 2.87412e-12
2.06509e-07 6.36154e-13
2.06429e-07 -1.50243e-12
2.06866e-07 -7.14815e-13
2.06983e-07 -8.43188e-13
2.06926e-07 -5.99533e-13
2.06605e-07 -2.09789e-12
2.07022e-07 -3.02744e-12
2.07129e-07 -3.19576e-12
2.07206e-07 -4.51259e-12
2.07330e-07 -4.99770e-12
2.07493e-07 -6.29624e-12
2.07485e-07 -8.19967e-12
2.07340e-07 -9.74310e-12
2.07628e-07 -8.41151e-12
2.07781e-07 -5.22628e-12
2.08142e-07 -3.64179e-12
2.08330e-07 -1.06798e-12
2.08130e-07 1.04248e-12
2.08184e-07 1.54070e-12
2.08722e-07 1.98526e-12
2.08816e-07 2.83955e-12
2.08741e-07 2.55055e-12
2.08645e-07 2.75167e-12
2.08832e-07 1.36705e-12
2.08863e-07 1.73224e-12
2.09205e-07 3.02766e-12
2.09008e-07 2.98757e-12
2.09051e-07 2.60673e-12
2.09310e-07 5.80880e-13
2.09383e-07 -8.85914e-13
2.09649e-07 3.56531e-13
2.09715e-07 2.07488e-12
2.10044e-07 5.20185e-12
2.10308e-07 8.07667e-12
2.10229e-07 1.15875e-11
2.10291e-07 1.34671e-11
2.10804e-07 1.39832e-11
2.10705e-07 1.35358e-11
2.10773e-07 1.25048e-11
2.10719e-07 1.05876e-11
2.10696e-07 7.94249e-12
2.10990e-07 4.71678e-12
2.10543e-07 8.34389e-13
2.10695e-07 -2.46576e-12
2.10511e-07 -6.83985e-12
2.10816e-07 -1.31029e-11
2.10438e-07 -1.77351e-11
2.10433e-07 -1.95523e-11
2.10577e-07 -2.02673e-11
2.10953e-07 -1.90936e-11
2.10742e-07 -1.64541e-11
2.11001e-07 -1.34608e-11
2.11405e-07 -1.02891e-11
2.11702e-07 -8.13106e-12
2.11735e-07 -6.55601e-12
2.11663e-07 -5.36024e-12
2.11836e-07 -4.93894e-12
2.12195e-07 -4.26127e-12
2.12291e-07 -3.06374e-12
2.12553e-07 -7.98880e-13
2.12382e-07 -6.24635e-13
2.12547e-07 -1.54088e-12
2.12529e-07 -3.47864e-12
2.12695e-07 -5.80740e-12
2.12849e-07 -5.94508e-12
2.12857e-07 -3.74492e-12
2.13162e-07 -3.55794e-12
2.12891e-07 -3.28288e-12
2.12962e-07 -3.38271e-12
2.13263e-07 -2.76306e-12
2.13404e-07 -2.73881e-12
2.13426e-07 -2.93604e-12
2.13704e-07 -2.99308e-12
2.13829e-07 -3.17786e-12
2.14067e-07 -1.63485e-12
2.14091e-07 7.71015e-13
2.14273e-07 8.92924e-13
2.14266e-07 1.52694e-12
2.14137e-07 1.85155e-12
2.14525e-07 2.01181e-12
2.14854e-07 3.75852e-12
2.14899e-07 6.49381e-12
2.14902e-07 8.55117e-12
2.15175e-07 1.02827e-11
2.15064e-07 9.47732e-12
2.15687e-07 9.94407e-12
2.15654e-07 1.00894e-11
2.15382e-07 1.06221e-11
2.15660e-07 1.13930e-11
2.15807e-07 1.18608e-11
2.15759e-07 1.04379e-11
2.15634e-07 7.79889e-12
2.15872e-07 6.53834e-12
2.15840e-07 3.62200e-12
2.15973e-07 3.10172e-13
2.16152e-07 -1.04942e-12
2.15951e-07 -2.86460e-12
2.16116e-07 -3.51021e-12
2.16368e-07 -2.95571e-12
2.16486e-07 -2.79088e-12
2.16267e-07 -3.46449e-12
2.16540e-07 -2.84404e-12
2.16594e-07 -2.34279e-12
2.16727e-07 -2.28915e-12
2.16652e-07 -1.46016e-12
2.16914e-07 1.35656e-12
2.17192e-07 2.69814e-12
2.17266e-07 2.37093e-12
2.17493e-07 1.34487e-12
2.17591e-07 2.61734e-12
2.17808e-07 3.79470e-12
2.17741e-07 3.18099e-12
2.17835e-07 2.35973e-12
2.17888e-07 1.98642e-12
2.17723e-07 9.46676e-13
2.18155e-07 1.01796e-12
2.18195e-07 2.56604e-13
2.18132e-07 -1.61717e-12
2.18288e-07 -3.67133e-12
2.18226e-07 -5.26877e-12
2.18248e-07 -6.82382e-12
2.18494e-07 -7.31759e-12
2.18440e-07 -6.68800e-12
2.18744e-07 -7.10562e-12
2.18464e-07 -8.75961e-12
2.18533e-07 -9.77600e-12
2.18995e-07 -8.81178e-12
2.19134e-07 -5.77751e-12
2.19304e-07 -4.30017e-12
2.19157e-07 -3.10856e-12
2.19450e-07 -1.04936e-12
2.19477e-07 1.44114e-12
2.19962e-07 3.09509e-12
2.20003e-07 5.16779e-12
2.20160e-07 5.40423e-12
2.19998e-07 5.01312e-12
2.20440e-07 5.94804e-12
2.20549e-07 8.08333e-12
2.20740e-07 9.06126e-12
2.20979e-07 9.21021e-12
2.20715e-07 8.01060e-12
2.20962e-07 5.32982e-12
2.20774e-07 3.06976e-12
2.20649e-07 1.84158e-12
2.21116e-07 2.11275e-12
2.21165e-07 2.75127e-12
2.21068e-07 1.53206e-12
2.21341e-07 1.01479e-12
2.21332e-07 1.87851e-12
2.21092e-07 2.51612e-12
2.21518e-07 2.97485e-12
2.21832e-07 3.97018e-12
2.21854e-07 5.48489e-12
2.22269e-07 7.56134e-12
2.22497e-07 9.89496e-12
2.22532e-07 1.23633e-11
2.22389e-07 1.22627e-11
2.22761e-07 1.16712e-11
2.22669e-07 1.05780e-11
2.22869e-07 9.28055e-12
2.22665e-07 9.33395e-12
2.22936e-07 8.50067e-12
2.22869e-07 7.06532e-12
2.23046e-07 5.35895e-12
2.23029e-07 2.32433e-12
2.23040e-07 9.83772e-13
2.23180e-07 -1.40390e-13
2.23317e-07 -1.93011e-12
2.23215e-07 -1.63352e-12
2.23392e-07 3.21830e-13
2.23630e-07 2.41658e-12
2.23752e-07 2.15546e-12
2.23427e-07 3.62190e-12
2.23931e-07 5.82668e-12
2.24421e-07 5.68074e-12
2.24506e-07 6.27619e-12
2.24177e-07 7.31957e-12
2.24199e-07 7.72222e-12
2.24562e-07 7.39515e-12
2.24443e-07 5.48669e-12
2.24361e-07 4.15323e-12
2.24624e-07 1.39561e-12
2.24696e-07 -1.77607e-12
2.24848e-07 -4.21412e-12
2.24635e-07 -6.13005e-12
2.24922e-07 -7.30625e-12
2.24821e-07 -5.31451e-12
2.25100e-07 -4.77345e-12
2.25340e-07 -4.87184e-12
2.25441e-07 -5.48076e-12
2.25520e-07 -3.12062e-12
2.25656e-07 -1.82383e-12
2.25577e-07 -1.40368e-14
2.25912e-07 2.19074e-12
2.25889e-07 2.33855e-12
2.26189e-07 2.93086e-12
2.26201e-07 4.70487e-12
2.26447e-07 5.90059e-12
2.26404e-07 5.75622e-12
2.26658e-07 3.83747e-12
2.26516e-07 3.22481e-12
2.26857e-07 1.10234e-12
2.26711e-07 1.00511e-13
2.26732e-07 -1.22248e-12
2.26860e-07 -1.03694e-12
2.27013e-07 -2.62324e-12
2.26983e-07 -6.04109e-12
2.26694e-07 -1.02205e-11
2.26699e-07 -1.06437e-11
2.26931e-07 -1.01230e-11
2.27307e-07 -8.37675e-12
2.27310e-07 -7.16590e-12
2.27485e-07 -5.84569e-12
2.27558e-07 -3.91898e-12
2.27663e-07 -2.44857e-12
2.27951e-07 -5.46235e-13
2.28051e-07 1.61740e-12
2.28316e-07 2.28411e-12
2.28349e-07 2.98695e-12
2.28499e-07 3.55128e-12
2.28804e-07 5.13422e-12
2.28963e-07 5.70359e-12
2.28897e-07 5.96713e-12
2.29071e-07 4.18387e-12
2.28976e-07 1.62642e-12
2.29140e-07 9.18252e-13
2.29359e-07 2.74451e-12
2.29280e-07 2.87386e-12
2.29330e-07 4.37722e-12
2.29346e-07 5.70565e-12
2.29599e-07 5.17247e-12
2.29857e-07 3.94477e-12
2.29902e-07 4.17778e-12
2.30049e-07 5.77154e-12
2.29956e-07 5.51656e-12
2.30001e-07 3.48688e-12
2.30127e-07 3.06848e-12
2.30399e-07 4.22717e-12
2.30572e-07 4.36201e-12
2.30522e-07 3.13836e-12
2.30640e-07 2.76798e-12
2.30600e-07 3.25128e-12
2.30814e-07 4.90508e-12
2.30996e-07 5.31966e-12
2.31339e-07 5.79628e-12
2.31440e-07 6.00977e-12
2.31290e-07 6.83771e-12
2.31578e-07 6.51583e-12
2.31508e-07 5.25471e-12
2.31726e-07 2.82765e-12
2.31801e-07 1.13849e-12
2.31596e-07 -2.35183e-13
2.31579e-07 -2.13796e-12
2.31674e-07 -4.62932e-12
2.31863e-07 -5.96828e-12
2.31709e-07 -6.38121e-12
2.31737e-07 -6.38768e-12
2.32129e-07 -6.11014e-12
2.32235e-07 -5.17096e-12
2.32297e-07 -3.59526e-12
2.32620e-07 -2.03051e-12
2.32563e-07 -1.21094e-12
2.32689e-07 1.45509e-12
2.32895e-07 2.86987e-12
2.32795e-07 2.37624e-12
2.33136e-07 3.07452e-12
2.33233e-07 2.35179e-12
2.33414e-07 1.33313e-12
2.33466e-07 3.15889e-12
2.33332e-07 4.74272e-12
2.33735e-07 3.95884e-12
2.33735e-07 1.69826e-12
2.33750e-07 4.63155e-13
2.33830e-07 -1.03621e-12
2.33860e-07 -2.11643e-12
2.33775e-07 -2.68532e-12
2.33970e-07 -3.57704e-12
2.33863e-07 -4.52775e-12
2.33998e-07 -4.98947e-12
2.34240e-07 -6.12733e-12
2.34322e-07 -7.30378e-12
2.34140e-07 -9.40999e-12
2.33977e-07 -1.23339e-11
2.34608e-07 -1.35806e-11
2.34562e-07 -1.46719e-11
2.34679e-07 -1.28652e-11
2.35182e-07 -9.53595e-12
2.35362e-07 -8.34656e-12
2.35292e-07 -9.87579e-12
2.34968e-07 -1.03520e-11
2.35265e-07 -9.58233e-12
2.35398e-07 -8.37208e-12
2.35649e-07 -5.32860e-12
2.35913e-07 -1.90808e-12
2.35852e-07 7.39010e-13
2.36063e-07 2.85624e-12
2.36346e-07 4.92479e-12
2.36525e-07 4.66223e-12
2.36374e-07 3.77572e-12
2.36690e-07 4.87171e-12
2.36582e-07 5.54148e-12
2.36987e-07 6.48557e-12
2.36726e-07 7.61675e-12
2.36877e-07 9.07304e-12
2.37205e-07 9.95166e-12
2.37314e-07 8.99573e-12
2.37371e-07 5.96377e-12
2.37306e-07 4.29158e-12
2.37266e-07 3.06616e-12
2.37625e-07 3.19958e-12
2.37629e-07 3.04928e-12
2.37706e-07 1.41262e-12
2.37731e-07 -3.55921e-13
2.37825e-07 -1.44098e-12
2.37801e-07 -3.28295e-12
2.37820e-07 -5.23739e-12
2.38268e-07 -5.81168e-12
2.37953e-07 -4.89135e-12
2.38226e-07 -2.60424e-12
2.38421e-07 -1.78159e-12
2.38481e-07 -8.31589e-13
2.38477e-07 -6.61994e-13
2.38717e-07 6.26832e-13
2.39063e-07 3.17138e-12
2.39034e-07 4.26808e-12
2.39259e-07 5.69476e-12
2.39539e-07 7.37043e-12
2.39400e-07 9.63419e-12
2.39611e-07 1.09274e-11
2.39893e-07 1.06957e-11
2.39589e-07 9.97762e-12
2.39699e-07 1.13118e-11
2.39901e-07 1.14830e-11
2.40078e-07 1.00704e-11
2.40530e-07 8.76724e-12
2.40273e-07 8.07609e-12
2.40510e-07 8.72731e-12
2.40432e-07 7.22825e-12
2.40775e-07 6.04809e-12
2.40445e-07 5.09516e-12
2.40745e-07 5.69208e-12
2.40713e-07 5.57755e-12
2.40879e-07 5.23494e-12
2.41196e-07 4.63941e-12
2.40895e-07 6.28064e-12
2.41274e-07 7.53710e-12
2.41286e-07 8.19003e-12
2.41326e-07 7.69477e-12
2.41529e-07 8.19923e-12
2.42010e-07 9.73234e-12
2.41786e-07 9.46441e-12
2.41885e-07 8.21900e-12
2.42068e-07 9.49245e-12
2.42471e-07 1.09306e-11
2.42495e-07 1.22361e-11
2.42635e-07 1.19538e-11
2.42394e-07 1.14513e-11
2.42507e-07 1.03408e-11
2.42679e-07 8.78800e-12
2.42499e-07 6.73190e-12
2.42757e-07 7.73854e-12
2.42914e-07 8.82467e-12
2.42969e-07 1.07506e-11
2.43206e-07 1.02863e-11
2.43319e-07 9.46173e-12
2.43308e-07 7.74755e-12
2.43518e-07 7.02468e-12
2.43534e-07 6.66284e-12
2.43295e-07 6.24734e-12
2.43734e-07 5.10875e-12
2.43836e-07 6.76756e-12
2.43807e-07 7.30214e-12
2.43896e-07 7.15187e-12
2.44112e-07 5.24686e-12
2.44065e-07 4.94891e-12
2.44137e-07 4.03760e-12
2.44520e-07 5.41484e-12
2.44421e-07 7.49187e-12
2.44818e-07 9.86601e-12
2.44882e-07 1.06798e-11
2.44878e-07 1.05393e-11
2.44683e-07 9.47286e-12
2.45003e-07 8.14182e-12
2.44914e-07 6.01679e-12
2.44959e-07 5.68513e-12
2.45130e-07 6.32780e-12
2.45449e-07 7.22231e-12
2.45515e-07 7.52754e-12
2.45776e-07 9.19353e-12
2.45740e-07 9.23235e-12
2.45749e-07 9.77880e-12
2.46166e-07 1.05199e-11
2.46397e-07 1.15539e-11
2.46430e-07 1.16977e-11
2.46350e-07 1.23945e-11
2.46448e-07 1.11360e-11
2.46272e-07 8.93584e-12
2.46277e-07 8.22442e-12
2.46497e-07 7.84008e-12
2.46561e-07 8.05216e-12
2.46726e-07 8.82405e-12
2.47085e-07 8.36971e-12
2.46851e-07 8.64091e-12
2.47095e-07 9.79564e-12
2.47323e-07 1.01855e-11
2.47340e-07 1.12397e-11
2.47299e-07 1.17073e-11
2.47451e-07 1.15018e-11
2.47617e-07 9.75118e-12
2.47954e-07 6.70195e-12
2.47712e-07 4.75515e-12
2.47485e-07 2.41623e-12
2.47804e-07 1.35489e-12
2.47867e-07 9.83397e-13
2.48003e-07 2.84836e-12
2.48073e-07 5.50128e-12
2.48671e-07 6.04305e-12
2.48380e-07 6.30008e-12
2.48709e-07 5.79886e-12
2.48513e-07 4.94890e-12
2.48891e-07 5.07141e-12
2.48875e-07 5.45456e-12
2.48910e-07 5.66352e-12
2.49028e-07 5.54303e-12
2.49031e-07 3.68180e-12
2.49027e-07 7.70056e-13
2.49037e-07 -3.70928e-12
2.48872e-07 -6.14535e-12
2.48995e-07 -6.35374e-12
2.49117e-07 -7.74396e-12
2.49519e-07 -8.02299e-12
2.49119e-07 -6.56917e-12
2.49408e-07 -3.23421e-12
2.49851e-07 -1.15760e-12
2.49929e-07 -7.69426e-13
2.50041e-07 -1.62335e-12
2.50135e-07 -3.00603e-12
2.50191e-07 -2.72419e-12
2.50194e-07 -1.80542e-12
2.50295e-07 -2.13960e-12
2.50646e-07 -1.95773e-12
2.50627e-07 -8.57483e-13
2.50905e-07 1.60817e-12
2.50786e-07 2.78920e-12
2.51124e-07 2.84794e-12
2.51037e-07 4.16111e-12
2.51343e-07 3.79992e-12
2.51499e-07 2.32353e-12
2.51703e-07 3.67297e-12
2.51588e-07 7.79942e-12
2.52058e-07 1.09569e-11
2.52017e-07 1.28102e-11
2.51793e-07 1.19867e-11
2.52143e-07 1.01399e-11
2.52321e-07 9.58830e-12
2.52490e-07 9.34975e-12
2.52745e-07 8.58226e-12
2.52535e-07 7.59574e-12
2.52713e-07 9.31640e-12
2.52863e-07 1.09862e-11
2.52925e-07 1.22888e-11
2.52945e-07 1.23268e-11
2.52974e-07 1.20893e-11
2.53122e-07 1.23357e-11
2.53277e-07 1.13586e-11
2.53738e-07 1.03352e-11
2.53523e-07 1.00492e-11
2.53798e-07 9.62074e-12
2.53735e-07 8.83341e-12
2.53538e-07 8.83377e-12
2.53713e-07 8.19622e-12
2.53857e-07 7.74371e-12
2.53849e-07 6.39498e-12
2.53965e-07 3.70066e-12
2.54001e-07 2.26264e-12
2.54079e-07 1.79259e-12
2.54322e-07 1.77872e-12
2.54294e-07 1.51016e-12
2.54434e-07 2.06250e-12
2.54390e-07 3.26134e-12
2.54508e-07 4.57347e-12
2.54930e-07 5.72392e-12
2.54940e-07 6.03286e-12
2.55152e-07 4.26798e-12
2.55019e-07 3.63954e-12
2.54959e-07 4.90983e-12
2.55123e-07 4.51618e-12
2.55083e-07 3.61228e-12
2.55227e-07 3.71410e-12
2.55645e-07 3.09039e-12
2.55319e-07 1.43702e-12
2.55376e-07 9.07705e-13
2.55626e-07 8.26133e-13
2.55973e-07 -2.50723e-13
2.55852e-07 -7.91469e-13
2.56112e-07 -1.42110e-12
2.56022e-07 -1.85197e-12
2.56100e-07 -3.62765e-13
2.56267e-07 2.11891e-12
2.56531e-07 4.15891e-12
2.56864e-07 5.18033e-12
2.56820e-07 5.80824e-12
2.56866e-07 7.18962e-12
2.56768e-07 6.49146e-12
2.56850e-07 2.77848e-12
2.57098e-07 7.11250e-13
2.57250e-07 1.04607e-12
2.57282e-07 2.00602e-12
2.57525e-07 1.74272e-12
2.57571e-07 1.71318e-12
2.57489e-07 2.06823e-12
2.57698e-07 2.44007e-12
2.58060e-07 3.20522e-12
2.57679e-07 1.85745e-12
2.57945e-07 1.99658e-12
2.58154e-07 3.24074e-12
2.58382e-07 5.85937e-12
2.58911e-07 7.99843e-12
2.58638e-07 7.65404e-12
2.58669e-07 7.46363e-12
2.58712e-07 7.92400e-12
2.58747e-07 7.56795e-12
2.58904e-07 6.65725e-12
2.59174e-07 5.50713e-12
2.59306e-07 4.14502e-12
2.59117e-07 4.07362e-12
2.59370e-07 2.13991e-12
2.59236e-07 -1.02581e-12
2.59278e-07 -2.85435e-12
2.58990e-07 -4.49357e-12
2.59229e-07 -5.45320e-12
2.59404e-07 -7.19505e-12
2.59561e-07 -7.24828e-12
2.59652e-07 -7.05356e-12
2.59790e-07 -5.43421e-12
2.60148e-07 -4.51459e-12
2.59878e-07 -4.19302e-12
2.60032e-07 -1.43201e-13
2.60594e-07 5.49322e-12
2.60369e-07 8.85921e-12
2.60779e-07 1.04887e-11
2.60643e-07 8.66161e-12
2.60621e-07 7.44521e-12
2.61038e-07 7.34543e-12
2.61233e-07 5.04326e-12
2.61150e-07 4.53424e-12
2.61467e-07 4.50954e-12
2.61398e-07 4.69248e-12
2.61508e-07 5.16673e-12
2.61737e-07 4.74587e-12
2.61938e-07 4.07631e-12
2.62094e-07 3.96806e-12
2.61973e-07 4.54076e-12
2.62130e-07 5.06272e-12
2.62239e-07 8.04090e-12
2.62581e-07 1.13035e-11
2.62592e-07 1.30290e-11
2.63017e-07 1.45572e-11
2.62772e-07 1.39372e-11
2.62772e-07 1.03094e-11
2.62780e-07 7.44235e-12
2.62799e-07 5.79058e-12
2.62726e-07 3.02652e-12
2.63250e-07 2.20977e-12
2.63157e-07 1.67148e-12
2.62880e-07 2.61203e-12
2.63308e-07 3.94265e-12
2.63304e-07 4.12812e-12
2.63332e-07 4.96553e-12
2.63984e-07 5.74709e-12
2.63705e-07 6.62855e-12
2.63579e-07 7.59266e-12
2.63935e-07 8.18442e-12
2.63961e-07 8.69579e-12
2.64220e-07 1.08522e-11
2.64316e-07 1.26030e-11
2.64678e-07 9.74870e-12
2.64638e-07 8.24734e-12
2.64587e-07 8.68055e-12
2.64663e-07 9.84066e-12
2.65006e-07 8.91901e-12
2.65116e-07 1.13749e-11
2.65051e-07 1.44700e-11
2.65350e-07 1.55885e-11
2.65554e-07 1.52763e-11
2.65720e-07 1.43771e-11
2.65644e-07 1.34931e-11
2.65789e-07 1.16556e-11
2.65488e-07 1.10634e-11
2.65735e-07 9.76841e-12
2.65812e-07 6.75661e-12
2.65924e-07 6.73960e-12
2.65815e-07 6.27971e-12
2.66043e-07 4.71190e-12
2.66229e-07 2.44553e-12
2.66059e-07 4.08875e-12
2.66230e-07 5.01082e-12
2.66519e-07 3.84790e-12
2.66473e-07 3.88104e-12
2.66364e-07 5.65153e-12
2.66785e-07 7.08118e-12
2.66937e-07 7.44045e-12
2.67052e-07 5.82832e-12
2.66788e-07 4.91791e-12
2.67117e-07 5.26759e-12
2.67282e-07 6.29269e-12
2.67572e-07 6.85007e-12
2.67795e-07 8.23481e-12
2.67762e-07 1.05974e-11
2.67723e-07 1.33488e-11
2.67968e-07 1.28519e-11
2.68036e-07 1.23588e-11
2.68180e-07 1.24942e-11
2.67993e-07 1.35988e-11
2.68172e-07 1.16703e-11
2.68155e-07 9.19605e-12
2.68305e-07 9.22517e-12
2.68371e-07 8.95359e-12
2.68412e-07 7.66200e-12
2.68342e-07 2.48054e-12
2.68421e-07 -2.43272e-12
2.68290e-07 -4.12340e-12
2.68684e-07 -5.20119e-12
2.68481e-07 -6.78205e-12
2.68531e-07 -7.80511e-12
2.68816e-07 -5.43494e-12
2.69150e-07 -4.66963e-12
2.69180e-07 -5.71755e-12
2.69294e-07 -6.78138e-12
2.69310e-07 -6.03168e-12
2.69447e-07 -5.00935e-12
2.69656e-07 -4.34241e-12
2.69376e-07 -3.76922e-12
2.69691e-07 -2.43945e-12
2.70134e-07 -3.66757e-13
2.69992e-07 1.40585e-13
2.70111e-07 -7.91167e-13
2.69959e-07 -2.25642e-12
2.70396e-07 -1.75323e-12
2.70432e-07 -2.36887e-12
2.70521e-07 -3.04800e-12
2.70704e-07 -2.32123e-12
2.70762e-07 -3.12503e-13
2.70796e-07 1.54374e-13
2.71154e-07 -1.15710e-12
2.71043e-07 -2.81196e-13
2.71326e-07 6.12513e-13
2.71199e-07 7.46983e-13
2.71451e-07 1.81714e-13
2.71742e-07 1.60821e-12
2.71672e-07 2.59724e-12
2.71508e-07 1.60302e-12
2.71790e-07 -1.47610e-14
2.71884e-07 -1.13966e-12
2.71916e-07 -1.30552e-12
2.72041e-07 -2.04301e-12
2.71855e-07 -3.40912e-12
2.71982e-07 -4.36928e-12
2.72184e-07 -2.51070e-12
2.72708e-07 -1.09208e-12
2.72438e-07 6.52480e-14
2.72711e-07 1.24253e-13
2.72752e-07 1.63649e-12
2.72789e-07 3.58402e-12
2.72956e-07 4.66610e-12
2.73370e-07 5.89126e-12
2.73293e-07 7.50646e-12
2.73292e-07 9.98645e-12
2.73400e-07 9.59180e-12
2.73620e-07 7.20796e-12
2.73663e-07 6.55784e-12
2.73922e-07 7.03149e-12
2.73908e-07 6.59672e-12
2.74014e-07 5.58219e-12
2.74158e-07 4.01766e-12
2.74050e-07 2.72488e-12
2.74008e-07 2.87007e-12
2.74240e-07 1.98037e-12
2.74323e-07 3.07644e-12
2.74458e-07 4.31662e-12
2.74763e-07 4.51682e-12
2.74651e-07 4.50308e-12
2.74902e-07 3.62995e-12
2.74851e-07 3.77110e-12
2.75000e-07 4.61830e-12
2.75129e-07 3.70410e-12
2.75094e-07 1.81163e-12
2.75253e-07 1.83677e-12
2.75486e-07 4.05615e-12
2.75823e-07 5.46305e-12
2.76024e-07 7.00511e-12
2.76115e-07 8.05307e-12
2.75822e-07 8.23215e-12
2.76259e-07 7.62090e-12
2.76150e-07 8.54789e-12
2.76230e-07 7.87991e-12
2.76235e-07 7.46429e-12
2.76183e-07 5.90154e-12
2.76761e-07 3.63070e-12
2.76553e-07 2.99910e-12
2.76230e-07 1.13147e-12
2.76839e-07 8.23399e-14
2.76686e-07 -8.63945e-13
2.76757e-07 -2.09397e-12
2.76845e-07 -5.74589e-13
2.77092e-07 3.73835e-12
2.77342e-07 7.32026e-12
2.77652e-07 8.48887e-12
2.77801e-07 1.07184e-11
2.77999e-07 1.35599e-11
2.77911e-07 1.45663e-11
2.78022e-07 1.37052e-11
2.77907e-07 1.30410e-11
2.78431e-07 1.22245e-11
2.78497e-07 1.28213e-11
2.78598e-07 1.24757e-11
2.78529e-07 1.06929e-11
2.78484e-07 9.90751e-12
2.78769e-07 6.68626e-12
2.78369e-07 2.53976e-12
2.78363e-07 -1.02753e-12
2.78441e-07 -3.45280e-12
2.78532e-07 -2.40057e-12
2.78778e-07 -1.46552e-12
2.78984e-07 -2.02414e-12
2.78783e-07 -3.00029e-12
2.79120e-07 -1.02312e-12
2.79166e-07 3.73456e-13
2.79468e-07 -1.23942e-12
2.79486e-07 -9.74113e-13
2.79782e-07 3.46716e-13
2.79721e-07 2.14694e-12
2.79872e-07 3.05091e-12
2.79807e-07 2.22467e-12
2.80227e-07 1.65385e-12
2.80271e-07 2.68374e-12
2.80174e-07 3.70854e-12
2.80263e-07 3.01336e-12
2.80298e-07 3.76154e-12
2.80776e-07 4.64872e-12
2.80734e-07 5.91838e-12
2.80797e-07 6.13703e-12
2.80959e-07 6.51427e-12
2.80941e-07 8.21088e-12
2.81205e-07 8.84890e-12
2.81343e-07 7.92530e-12
2.81617e-07 7.47406e-12
2.81844e-07 7.83508e-12
2.81421e-07 8.02807e-12
2.81747e-07 7.72161e-12
2.81943e-07 6.59756e-12
2.81873e-07 7.58113e-12
2.82009e-07 8.28680e-12
2.81972e-07 8.59060e-12
2.82358e-07 8.94888e-12
2.82293e-07 8.95477e-12
2.82534e-07 8.90050e-12
2.82480e-07 7.56811e-12
2.82403e-07 6.10594e-12
2.82433e-07 4.74395e-12
2.82603e-07 3.12104e-12
2.82813e-07 2.14333e-12
2.82574e-07 -1.10538e-12
2.82627e-07 -4.28729e-12
2.82760e-07 -5.04676e-12
2.82851e-07 -5.40416e-12
2.82982e-07 -5.69058e-12
2.83054e-07 -6.32074e-12
2.83229e-07 -5.01547e-12
2.83127e-07 -7.66160e-13
2.83539e-07 2.88402e-12
2.84001e-07 5.83042e-12
2.83929e-07 8.13258e-12
2.84007e-07 1.10312e-11
2.84364e-07 1.30551e-11
2.84526e-07 1.59494e-11
2.84967e-07 1.65792e-11
2.84852e-07 1.62224e-11
2.84632e-07 1.43701e-11
2.84780e-07 1.26622e-11
2.84723e-07 9.26301e-12
2.84666e-07 6.43429e-12
2.84889e-07 5.84333e-12
2.84889e-07 4.71286e-12
2.85055e-07 2.69090e-12
2.85028e-07 2.98327e-12
2.85485e-07 4.07990e-12
2.85335e-07 4.06392e-12
2.85575e-07 3.98800e-12
2.85533e-07 3.56832e-12
2.85720e-07 3.02427e-12
2.85656e-07 3.88938e-12
2.85855e-07 4.27094e-12
2.86007e-07 3.47969e-12
2.85720e-07 2.43882e-12
2.86219e-07 1.99358e-12
2.86136e-07 1.75599e-12
2.86357e-07 1.92674e-12
2.86453e-07 1.16544e-12
2.86624e-07 7.09236e-13
2.86482e-07 1.76090e-12
2.86868e-07 2.42261e-12
2.87020e-07 2.22063e-12
2.87076e-07 3.04592e-12
2.87105e-07 2.80014e-12
2.87080e-07 2.60199e-12
2.87263e-07 3.05318e-12
2.87409e-07 4.62534e-12
2.87507e-07 5.33498e-12
2.87506e-07 5.84924e-12
2.87859e-07 6.07052e-12
2.88058e-07 7.27508e-12
2.88121e-07 9.43721e-12
2.88129e-07 1.05182e-11
2.88605e-07 9.66869e-12
2.88360e-07 8.20307e-12
2.88607e-07 7.76882e-12
2.88719e-07 7.75968e-12
2.88538e-07 7.67449e-12
2.88537e-07 6.80368e-12
2.88356e-07 5.55960e-12
2.88819e-07 2.90455e-12
2.88720e-07 1.89576e-12
2.88732e-07 1.72281e-12
2.88834e-07 5.57370e-13
2.89109e-07 4.10247e-13
2.89265e-07 3.28178e-13
2.89279e-07 1.02521e-12
2.89109e-07 1.52049e-12
2.89909e-07 1.43190e-12
2.89681e-07 1.60191e-12
2.89505e-07 1.90645e-12
2.89756e-07 7.55684e-13
2.89820e-07 -1.16139e-13
2.89921e-07 -4.58931e-13
2.89958e-07 -4.78158e-13
2.90187e-07 -3.23286e-13
2.90142e-07 5.73308e-13
2.90278e-07 1.55696e-12
2.90418e-07 1.54033e-12
2.90617e-07 4.44161e-12
2.90927e-07 6.72742e-12
2.91010e-07 7.54299e-12
2.91147e-07 7.99324e-12
2.91193e-07 8.53763e-12
2.91156e-07 9.12604e-12
2.91330e-07 9.83970e-12
2.91572e-07 1.03905e-11
2.91644e-07 1.05696e-11
2.91397e-07 7.37829e-12
2.91749e-07 3.92548e-12
2.91704e-07 1.45636e-12
2.91859e-07 7.63941e-13
2.91740e-07 1.68716e-12
2.92100e-07 2.67162e-12
2.92057e-07 2.52263e-12
2.92345e-07 3.59547e-12
2.92404e-07 3.37478e-12
2.92496e-07 4.73426e-12
2.92548e-07 6.58070e-12
2.92591e-07 7.60428e-12
2.92708e-07 8.02480e-12
2.92979e-07 8.30436e-12
2.92827e-07 8.50172e-12
2.93128e-07 6.33637e-12
2.93213e-07 4.11744e-12
2.93224e-07 1.63315e-12
2.93242e-07 -1.73327e-12
2.93262e-07 -2.26482e-12
2.93539e-07 -2.92375e-12
2.93364e-07 -4.80549e-12
2.93241e-07 -5.12367e-12
2.93840e-07 -5.11353e-12
2.93933e-07 -4.28916e-12
2.93845e-07 -2.70993e-12
2.94208e-07 -2.48943e-12
2.93999e-07 -8.98776e-13
2.94152e-07 6.22903e-13
2.94481e-07 1.50139e-12
2.94676e-07 3.71106e-12
2.94490e-07 5.71410e-12
2.94858e-07 8.05132e-12
2.94953e-07 8.36882e-12
2.95344e-07 1.08451e-11
2.95181e-07 1.32586e-11
2.95441e-07 1.34737e-11
2.95716e-07 1.24929e-11
2.95764e-07 1.05575e-11
2.95907e-07 8.13244e-12
2.95540e-07 7.48205e-12
2.95950e-07 6.62806e-12
2.95843e-07 3.67665e-12
2.95622e-07 -1.25223e-12
2.95697e-07 -6.02568e-12
2.95842e-07 -9.80475e-12
2.95796e-07 -1.23056e-11
2.95775e-07 -1.29288e-11
2.95761e-07 -1.30635e-11
2.95798e-07 -1.22392e-11
2.95951e-07 -1.01662e-11
2.96356e-07 -1.00862e-11
2.96120e-07 -9.58356e-12
2.96167e-07 -7.60919e-12
2.96669e-07 -7.95914e-12
2.96545e-07 -8.88465e-12
2.96752e-07 -8.56165e-12
2.96897e-07 -6.73485e-12
2.97268e-07 -4.01540e-12
2.97337e-07 -1.93795e-12
2.97474e-07 -9.08440e-13
2.97893e-07 7.27501e-13
2.97807e-07 1.77392e-12
2.98144e-07 3.47809e-12
2.97978e-07 4.09399e-12
2.98079e-07 3.20485e-12
2.98235e-07 1.43118e-12
2.98241e-07 2.17688e-12
2.98195e-07 2.47380e-12
2.98443e-07 6.70048e-13
2.98486e-07 -1.68481e-12
2.98488e-07 -3.30299e-12
2.98619e-07 -5.80254e-12
2.98726e-07 -8.49611e-12
2.98605e-07 -8.19511e-12
2.98725e-07 -6.54667e-12
2.98840e-07 -5.92638e-12
2.98725e-07 -7.40133e-12
2.98860e-07 -9.52400e-12
2.99151e-07 -1.05847e-11
2.98887e-07 -1.20683e-11
2.99095e-07 -1.22770e-11
2.99218e-07 -1.22295e-11
2.99390e-07 -1.21235e-11
2.99503e-07 -1.06821e-11
2.99731e-07 -7.48619e-12
3.00279e-07 -3.10351e-12
3.00242e-07 1.11036e-12
3.00318e-07 3.38303e-12
3.00418e-07 5.27279e-12
3.00651e-07 8.05363e-12
3.00601e-07 9.62127e-12
3.01102e-07 1.03664e-11
3.01206e-07 8.98694e-12
3.00482e-07 6.63356e-12
3.00962e-07 2.23892e-12
3.00937e-07 -1.03669e-12
3.01057e-07 -3.04334e-12
3.00906e-07 -4.76177e-12
3.01089e-07 -6.27797e-12
3.01321e-07 -7.73578e-12
3.01215e-07 -9.22391e-12
3.01392e-07 -8.96682e-12
3.01684e-07 -7.19531e-12
3.01656e-07 -2.42905e-12
3.02006e-07 7.78383e-13
3.02190e-07 1.80903e-12
3.02178e-07 2.84342e-12
3.02319e-07 6.21829e-12
3.02618e-07 7.64307e-12
3.02768e-07 7.08919e-12
3.02546e-07 6.58464e-12
3.02896e-07 5.60339e-12
3.02940e-07 3.55440e-12
3.02651e-07 1.06357e-12
3.02850e-07 -5.51338e-13
3.03145e-07 -1.50483e-12
3.03199e-07 -2.40325e-12
3.02897e-07 -4.17320e-12
3.03171e-07 -5.19374e-12
3.03147e-07 -3.95079e-12
3.03263e-07 -1.59789e-12
3.03685e-07 6.80255e-13
3.03751e-07 4.08567e-13
3.03983e-07 6.58526e-13
3.04189e-07 2.90631e-12
3.04162e-07 4.06038e-12
3.04057e-07 9.00553e-13
3.04154e-07 -2.33828e-12
3.03988e-07 -5.07138e-12
3.04452e-07 -6.30756e-12
3.04463e-07 -7.66102e-12
3.04559e-07 -9.54898e-12
3.04361e-07 -9.60131e-12
3.04595e-07 -1.01245e-11
3.04561e-07 -9.76340e-12
3.04786e-07 -9.72733e-12
3.04755e-07 -6.74627e-12
3.04911e-07 -1.78403e-12
3.05405e-07 6.91576e-13
3.05648e-07 2.68215e-12
3.05871e-07 6.00250e-12
3.06079e-07 9.13816e-12
3.06080e-07 1.14349e-11
3.06286e-07 1.19843e-11
3.06427e-07 1.11801e-11
3.06270e-07 1.20799e-11
3.06723e-07 1.41725e-11
3.06931e-07 1.62059e-11
3.06952e-07 1.43295e-11
3.06642e-07 1.25691e-11
3.06934e-07 1.18221e-11
3.06957e-07 1.13733e-11
3.07266e-07 1.14074e-11
3.07210e-07 1.02706e-11
3.07364e-07 9.30369e-12
3.07275e-07 7.74993e-12
3.07220e-07 4.40687e-12
3.07427e-07 1.95358e-12
3.07409e-07 8.24208e-13
3.07527e-07 -1.51296e-12
3.07742e-07 -2.63133e-12
3.07559e-07 -3.63038e-12
3.07439e-07 -7.50004e-12
3.07760e-07 -9.37729e-12
3.07373e-07 -8.35773e-12
3.07731e-07 -5.20339e-12
3.08167e-07 -2.20010e-12
3.08169e-07 1.78023e-12
3.08564e-07 4.65218e-12
3.08734e-07 6.67085e-12
3.08777e-07 7.68096e-12
3.08610e-07 7.70453e-12
3.09134e-07 9.68765e-12
3.09081e-07 1.03405e-11
3.09213e-07 8.97050e-12
3.09368e-07 6.63780e-12
3.09630e-07 6.37084e-12
3.09552e-07 5.41822e-12
3.09498e-07 4.35729e-12
3.09530e-07 1.40623e-12
3.09650e-07 -1.45259e-12
3.09812e-07 -2.19323e-12
3.09577e-07 -1.95616e-12
3.09915e-07 -2.11187e-13
3.09895e-07 -5.32171e-13
3.09915e-07 -1.62960e-12
3.10070e-07 -2.87415e-12
3.10073e-07 -2.22545e-12
3.10190e-07 -2.35078e-12
3.10301e-07 -1.83133e-12
3.10224e-07 -1.05800e-12
3.10507e-07 -1.24120e-12
3.10992e-07 -1.56274e-12
3.10835e-07 -1.48771e-12
3.10897e-07 -1.87478e-12
3.11057e-07 -2.13773e-12
3.11047e-07 -1.01552e-12
3.11301e-07 -1.24547e-12
3.11419e-07 -1.35196e-12
3.11190e-07 -9.37551e-14
3.11599e-07 9.51078e-13
3.11821e-07 3.68405e-12
3.11997e-07 4.77254e-12
3.12132e-07 7.70728e-12
3.12331e-07 1.05817e-11
3.12375e-07 1.24774e-11
3.12534e-07 1.16148e-11
3.12503e-07 1.12459e-11
3.12413e-07 1.13670e-11
3.12621e-07 1.06056e-11
3.12736e-07 9.28487e-12
3.12872e-07 6.05838e-12
3.12811e-07 2.01292e-12
3.12871e-07 4.33336e-13
3.13070e-07 -4.86919e-14
3.12848e-07 -3.06804e-12
3.13045e-07 -4.71574e-12
3.12912e-07 -4.77923e-12
3.12988e-07 -6.14434e-12
3.12769e-07 -6.53696e-12
3.13204e-07 -5.83058e-12
3.13402e-07 -4.64180e-12
3.13728e-07 -4.97987e-12
3.13833e-07 -5.73549e-12
3.14126e-07 -5.63479e-12
3.13943e-07 -5.25363e-12
3.13965e-07 -4.03268e-12
3.13918e-07 -3.75674e-12
3.14227e-07 -6.36613e-13
3.14464e-07 1.68140e-12
3.14778e-07 3.83711e-12
3.14691e-07 4.30924e-12
3.14786e-07 3.21080e-12
3.15038e-07 1.54464e-12
3.15135e-07 2.19593e-12
3.15085e-07 2.66326e-12
3.15123e-07 2.69269e-12
3.15282e-07 2.68122e-12
3.15319e-07 2.68126e-12
3.15642e-07 2.10691e-14
3.15353e-07 -2.75543e-12
3.15174e-07 -6.16517e-12
3.15478e-07 -8.52678e-12
3.15605e-07 -1.19930e-11
3.15684e-07 -1.38377e-11
3.15430e-07 -1.44397e-11
3.15937e-07 -1.35244e-11
3.16037e-07 -1.33368e-11
3.15924e-07 -1.39183e-11
3.15970e-07 -1.39359e-11
3.16169e-07 -1.24662e-11
3.16355e-07 -1.02617e-11
3.16375e-07 -7.68531e-12
3.16831e-07 -4.37676e-12
3.16687e-07 -1.98440e-12
3.16970e-07 -2.16072e-12
3.16930e-07 -2.54139e-12
3.17085e-07 -2.93676e-12
3.17236e-07 -4.83804e-12
3.17095e-07 -6.82840e-12
3.17283e-07 -7.90151e-12
3.17173e-07 -8.69102e-12
3.17782e-07 -7.81475e-12
3.17509e-07 -7.29736e-12
3.17721e-07 -8.79465e-12
3.17469e-07 -1.01882e-11
3.17855e-07 -1.14852e-11
3.17832e-07 -1.16316e-11
3.18133e-07 -1.10203e-11
3.18031e-07 -1.07160e-11
3.18096e-07 -1.01661e-11
3.18495e-07 -8.56884e-12
3.18395e-07 -8.75670e-12
3.18582e-07 -1.04323e-11
3.18504e-07 -9.12946e-12
3.18817e-07 -7.30626e-12
3.18655e-07 -7.41267e-12
3.18994e-07 -5.90638e-12
3.19256e-07 -3.11285e-12
3.19425e-07 2.89855e-13
3.19616e-07 2.92223e-12
3.19723e-07 4.45563e-12
3.20087e-07 5.27833e-12
3.20199e-07 5.83114e-12
3.19979e-07 5.68065e-12
3.20262e-07 7.15783e-12
3.20120e-07 7.95830e-12
3.20487e-07 8.04496e-12
3.20859e-07 9.10952e-12
3.20880e-07 9.73843e-12
3.20823e-07 8.59375e-12
3.20752e-07 7.00334e-12
3.20870e-07 6.63187e-12
3.21272e-07 5.78664e-12
3.21305e-07 3.99372e-12
3.21079e-07 3.09298e-12
3.21110e-07 2.90808e-12
3.21444e-07 1.99807e-12
3.21301e-07 2.16725e-12
3.21519e-07 3.67042e-12
3.21647e-07 3.88018e-12
3.21985e-07 3.92497e-12
3.22012e-07 4.99253e-12
3.21902e-07 7.32002e-12
3.21805e-07 9.73310e-12
3.22249e-07 1.07074e-11
3.22751e-07 1.03496e-11
3.22662e-07 8.52956e-12
3.22439e-07 6.31217e-12
3.22384e-07 4.66173e-12
3.22516e-07 2.73466e-12
3.22739e-07 1.31748e-12
3.22820e-07 -1.29891e-12
3.22715e-07 -5.00439e-12
3.22942e-07 -7.46298e-12
3.22582e-07 -9.55140e-12
3.22549e-07 -1.00071e-11
3.22664e-07 -9.90024e-12
3.23007e-07 -1.22180e-11
3.23153e-07 -1.26173e-11
3.23340e-07 -1.09413e-11
3.23561e-07 -9.89426e-12
3.23460e-07 -9.02220e-12
3.23490e-07 -9.80188e-12
3.23539e-07 -9.43587e-12
3.23596e-07 -8.58323e-12
3.23758e-07 -7.91770e-12
3.24072e-07 -6.35582e-12
3.24113e-07 -6.24172e-12
3.24220e-07 -6.96075e-12
3.24421e-07 -7.36599e-12
3.24508e-07 -7.00965e-12
3.24791e-07 -5.25723e-12
3.24916e-07 -4.29014e-12
3.24825e-07 -3.38142e-12
3.25120e-07 -2.66597e-12
3.24981e-07 -3.46517e-12
3.24875e-07 -2.71237e-12
3.25433e-07 -2.81889e-13
3.25598e-07 -3.83502e-13
3.25507e-07 -8.74651e-13
3.25784e-07 4.44505e-13
3.25789e-07 2.26189e-12
3.25992e-07 1.92719e-12
3.26163e-07 2.56034e-12
3.26258e-07 4.27638e-12
3.26254e-07 3.33012e-12
3.26170e-07 1.64762e-12
3.26400e-07 7.00817e-13
3.26356e-07 7.88213e-13
3.26593e-07 6.03671e-13
3.26584e-07 -1.36431e-12
3.26783e-07 -3.21512e-12
3.26543e-07 -5.11237e-12
3.26828e-07 -8.87341e-12
3.26553e-07 -1.26514e-11
3.26761e-07 -1.53630e-11
3.26478e-07 -1.88233e-11
3.26643e-07 -2.17214e-11
3.26992e-07 -2.02059e-11
3.27192e-07 -1.84221e-11
3.27209e-07 -1.76412e-11
3.27221e-07 -1.44651e-11
3.27469e-07 -1.26313e-11
3.27484e-07 -1.07856e-11
3.27732e-07 -7.81865e-12
3.27955e-07 -4.23539e-12
3.28224e-07 7.45431e-13
3.28420e-07 4.68348e-12
3.28639e-07 7.59774e-12
3.28909e-07 8.97100e-12
3.28948e-07 9.01366e-12
3.28782e-07 8.24350e-12
3.28922e-07 7.39574e-12
3.29275e-07 5.10102e-12
3.29077e-07 3.91479e-12
3.29179e-07 1.93823e-12
3.29333e-07 3.17796e-12
3.29484e-07 2.96001e-12
3.29575e-07 2.03690e-12
3.29464e-07 2.09129e-12
3.29809e-07 2.06599e-12
3.30120e-07 3.82100e-12
3.29979e-07 4.62882e-12
3.29894e-07 5.16990e-12
3.30193e-07 5.16237e-12
3.30355e-07 4.68930e-12
3.30574e-07 5.11782e-12
3.30566e-07 3.74987e-12
3.30551e-07 1.59960e-12
3.30535e-07 -1.10690e-12
3.30350e-07 -3.29961e-12
3.30474e-07 -6.29657e-12
3.30873e-07 -6.39608e-12
3.30762e-07 -6.06532e-12
3.30846e-07 -4.39338e-12
3.31013e-07 -2.74130e-12
3.31180e-07 -5.48743e-13
3.31427e-07 9.88407e-13
3.31660e-07 2.91141e-12
3.31494e-07 4.96546e-12
3.31615e-07 6.60779e-12
3.32220e-07 8.52515e-12
3.32440e-07 8.93360e-12
3.32229e-07 9.05853e-12
3.32381e-07 8.30539e-12
3.32531e-07 6.34864e-12
3.32366e-07 5.05450e-12
3.32448e-07 4.15214e-12
3.32644e-07 1.88085e-12
3.32625e-07 -6.28234e-13
3.32493e-07 -2.35352e-12
3.32713e-07 -3.33207e-12
3.32574e-07 -2.73349e-12
3.33109e-07 -1.25317e-12
3.33063e-07 -1.28558e-13
3.33238e-07 6.56901e-13
3.33300e-07 3.34969e-12
3.33239e-07 5.72198e-12
3.33616e-07 6.67062e-12
3.33666e-07 5.90862e-12
3.33762e-07 3.75777e-12
3.33578e-07 4.78460e-13
3.33855e-07 -2.14079e-12
3.33812e-07 -3.15534e-12
3.33810e-07 -3.77549e-12
3.33997e-07 -6.84919e-12
3.33983e-07 -1.12062e-11
3.33656e-07 -1.31472e-11
3.33744e-07 -1.52696e-11
3.34079e-07 -1.44795e-11
3.34111e-07 -1.09941e-11
3.34391e-07 -9.32577e-12
3.34621e-07 -8.60422e-12
3.34704e-07 -7.49771e-12
3.34847e-07 -6.87069e-12
3.34999e-07 -7.89980e-12
3.35006e-07 -9.10765e-12
3.35229e-07 -9.11900e-12
3.35381e-07 -6.81545e-12
3.35710e-07 -4.79473e-12
3.35527e-07 -2.71455e-12
3.35849e-07 -5.23483e-14
3.35686e-07 1.49849e-12
3.35691e-07 3.33420e-12
3.36205e-07 4.43873e-12
3.36241e-07 4.69661e-12
3.36330e-07 5.38265e-12
3.36775e-07 7.79779e-12
3.36962e-07 8.64783e-12
3.36903e-07 6.61234e-12
3.36555e-07 2.60196e-12
3.36454e-07 -2.11009e-12
3.36689e-07 -6.52486e-12
3.36829e-07 -8.51190e-12
3.36928e-07 -6.94697e-12
3.37125e-07 -4.10412e-12
3.37047e-07 -2.23514e-12
3.37466e-07 -1.43748e-12
3.37298e-07 2.48666e-13
3.37729e-07 2.23157e-12
3.37812e-07 2.19324e-12
3.37615e-07 2.16924e-12
3.37808e-07 1.50707e-12
3.38111e-07 1.35462e-12
3.38166e-07 1.89379e-12
3.38371e-07 4.65220e-13
3.38184e-07 -1.49649e-12
3.38253e-07 -4.74709e-12
3.38121e-07 -8.42421e-12
3.38247e-07 -1.13603e-11
3.38528e-07 -1.24686e-11
3.38344e-07 -1.26720e-11
3.38495e-07 -1.17688e-11
3.38360e-07 -1.30292e-11
3.38724e-07 -1.33292e-11
3.38878e-07 -1.26137e-11
3.38666e-07 -1.31148e-11
3.38645e-07 -1.34355e-11
3.39159e-07 -1.17552e-11
3.39164e-07 -1.02017e-11
3.39221e-07 -9.06453e-12
3.39476e-07 -7.86390e-12
3.39701e-07 -4.74721e-12
3.39731e-07 -1.34020e-12
3.40217e-07 1.17533e-12
3.40224e-07 2.24442e-12
3.40438e-07 3.33107e-12
3.40494e-07 4.17915e-12
3.40749e-07 5.09316e-12
3.40707e-07 4.66813e-12
3.40632e-07 5.22563e-12
3.40815e-07 5.67160e-12
3.41278e-07 4.71365e-12
3.40871e-07 2.58915e-12
3.41141e-07 1.44205e-12
3.41222e-07 7.91000e-13
3.41327e-07 -2.80392e-13
3.41319e-07 -2.74349e-12
3.41481e-07 -4.05103e-12
3.41303e-07 -3.51942e-12
3.41568e-07 -2.56585e-12
3.41607e-07 -4.48996e-12
3.41780e-07 -6.28686e-12
3.41696e-07 -6.56281e-12
3.41793e-07 -5.34807e-12
3.41988e-07 -3.96965e-12
3.42081e-07 -2.58233e-12
3.42075e-07 -3.05625e-12
3.42312e-07 -2.96546e-12
3.42249e-07 -2.30888e-12
3.42344e-07 -4.23723e-12
3.42374e-07 -4.17934e-12
3.42910e-07 -3.80818e-12
3.42925e-07 -4.75731e-12
3.42854e-07 -5.20687e-12
3.42868e-07 -4.77490e-12
3.42943e-07 -4.20067e-12
3.42997e-07 -5.10893e-12
3.43262e-07 -5.84576e-12
3.43514e-07 -4.45131e-12
3.43775e-07 -3.64192e-12
3.43722e-07 -4.67633e-12
3.43550e-07 -4.77146e-12
3.43610e-07 -3.80546e-12
3.43817e-07 -4.90493e-12
3.43981e-07 -6.96853e-12
3.44114e-07 -8.30817e-12
3.44029e-07 -8.61978e-12
3.44194e-07 -1.06893e-11
3.44435e-07 -1.24333e-11
3.44185e-07 -1.26185e-11
3.44272e-07 -1.28216e-11
3.44286e-07 -1.21220e-11
3.44592e-07 -9.39100e-12
3.44877e-07 -6.74382e-12
3.44942e-07 -4.49684e-12
3.45366e-07 -1.86985e-12
3.45433e-07 1.27064e-13
3.45492e-07 -4.69636e-14
3.45443e-07 4.37870e-13
3.45873e-07 1.27374e-12
3.45612e-07 3.53215e-12
3.45947e-07 1.52684e-12
3.46149e-07 -1.35966e-12
3.46084e-07 -3.30822e-12
3.45950e-07 -5.38389e-12
3.45928e-07 -9.11336e-12
3.45869e-07 -1.23019e-11
3.45803e-07 -1.28741e-11
3.46356e-07 -1.14075e-11
3.46219e-07 -9.62406e-12
3.46649e-07 -8.78800e-12
3.46610e-07 -9.11609e-12
3.46591e-07 -8.85546e-12
3.46766e-07 -7.53794e-12
3.47087e-07 -4.89850e-12
3.47333e-07 -1.99789e-12
3.47430e-07 -2.17421e-13
3.47428e-07 -2.75864e-13
3.47424e-07 7.11951e-13
3.47689e-07 8.27245e-13
3.47718e-07 1.11566e-12
3.48067e-07 1.51126e-12
3.47736e-07 1.37955e-12
3.48108e-07 1.06319e-12
3.48013e-07 1.01495e-12
3.48139e-07 3.37830e-12
3.48580e-07 5.69367e-12
3.48621e-07 4.95569e-12
3.48497e-07 4.87080e-12
3.48810e-07 5.84810e-12
3.48997e-07 6.41958e-12
3.49386e-07 5.48362e-12
3.48947e-07 4.09395e-12
3.49173e-07 2.73504e-12
3.49200e-07 1.93263e-13
3.49065e-07 -2.47020e-12
3.48993e-07 -2.67142e-12
3.49552e-07 -2.44736e-12
3.49410e-07 -2.75646e-12
3.49389e-07 -3.39828e-12
3.49713e-07 -3.21980e-12
3.49601e-07 -2.64886e-12
3.49810e-07 -1.42784e-12
3.50030e-07 1.51987e-12
3.50336e-07 3.97173e-12
3.50494e-07 4.79614e-12
3.50590e-07 6.85091e-12
3.50856e-07 8.08693e-12
3.50798e-07 6.35124e-12
3.50892e-07 4.41270e-12
3.51156e-07 5.03110e-12
3.51115e-07 6.06139e-12
3.51101e-07 5.62605e-12
3.51321e-07 6.05602e-12
3.51600e-07 5.75692e-12
3.51393e-07 4.29424e-12
3.51560e-07 2.30919e-12
3.51616e-07 -4.93759e-13
3.51731e-07 -6.84542e-13
3.51781e-07 -5.94896e-13
3.51828e-07 2.42855e-13
3.51927e-07 1.81347e-12
3.52099e-07 4.18608e-12
3.52280e-07 4.28268e-12
3.52055e-07 4.82238e-12
3.52372e-07 5.35471e-12
3.52328e-07 5.16944e-12
3.52903e-07 5.58725e-12
3.52683e-07 6.84519e-12
3.53222e-07 7.86873e-12
3.53042e-07 8.35020e-12
3.52856e-07 7.25736e-12
3.52977e-07 4.16672e-12
3.53326e-07 2.31984e-12
3.53181e-07 4.79111e-13
3.53210e-07 -6.47091e-14
3.53520e-07 2.51274e-12
3.53813e-07 3.17228e-12
3.53613e-07 3.91719e-12
3.53808e-07 3.59816e-12
3.53792e-07 3.11455e-12
3.53974e-07 1.55631e-12
3.54113e-07 1.52150e-12
3.54186e-07 2.88349e-12
3.54227e-07 4.11366e-12
3.54523e-07 4.00391e-12
3.54645e-07 5.71692e-12
3.54561e-07 6.83929e-12
3.54730e-07 4.62800e-12
3.54977e-07 2.50958e-12
3.54763e-07 3.09509e-12
3.54913e-07 3.67343e-12
3.55091e-07 3.38450e-12
3.55058e-07 4.37544e-12
3.55489e-07 5.79668e-12
3.55522e-07 6.53021e-12
3.55552e-07 6.28756e-12
3.55475e-07 3.15722e-12
3.55429e-07 2.03404e-12
3.55759e-07 2.42389e-12
3.55801e-07 3.38083e-12
3.56098e-07 4.45924e-12
3.56229e-07 4.73776e-12
3.56202e-07 3.64498e-12
3.56387e-07 3.86727e-12
3.56201e-07 2.79374e-12
3.56295e-07 8.49622e-13
3.56459e-07 1.27757e-12
3.56652e-07 2.85115e-12
3.56480e-07 2.18473e-12
3.56779e-07 1.60619e-12
3.56988e-07 3.11846e-12
3.57005e-07 4.46833e-12
3.57284e-07 3.31183e-12
3.57425e-07 1.94509e-12
3.57282e-07 -1.21572e-12
3.57089e-07 -2.82368e-12
3.57253e-07 -4.34655e-12
3.57303e-07 -4.50967e-12
3.57521e-07 -2.47906e-12
3.57461e-07 -9.06573e-13
3.57791e-07 2.11381e-14
3.58087e-07 3.02205e-12
3.57963e-07 5.19730e-12
3.58237e-07 7.24245e-12
3.58858e-07 9.04634e-12
3.58683e-07 1.05141e-11
3.58973e-07 1.02482e-11
3.59128e-07 1.12552e-11
3.59353e-07 1.21240e-11
3.59014e-07 1.09094e-11
3.58970e-07 8.19280e-12
3.59327e-07 7.68491e-12
3.59278e-07 5.38858e-12
3.59200e-07 4.18086e-12
3.59377e-07 4.15987e-12
3.59709e-07 5.99696e-12
3.59652e-07 7.62730e-12
3.59759e-07 8.04529e-12
3.60092e-07 7.94538e-12
3.60073e-07 8.77645e-12
3.59999e-07 9.35330e-12
3.60304e-07 1.00875e-11
3.60371e-07 1.01605e-11
3.60534e-07 9.97773e-12
3.60843e-07 1.05816e-11
3.60589e-07 1.16456e-11
3.60807e-07 1.08835e-11
3.60909e-07 8.63285e-12
3.60501e-07 5.36010e-12
3.60925e-07 4.33807e-12
3.61039e-07 2.45078e-12
3.61083e-07 1.22725e-12
3.60821e-07 1.18511e-13
3.61170e-07 -6.46296e-13
3.61531e-07 -1.58498e-12
3.61236e-07 -3.41132e-12
3.61259e-07 -5.25869e-12
3.61276e-07 -6.41926e-12
3.61378e-07 -7.01736e-12
3.61352e-07 -8.05770e-12
3.61581e-07 -7.64187e-12
3.61709e-07 -6.61400e-12
3.61893e-07 -6.15023e-12
3.62005e-07 -6.14268e-12
3.61936e-07 -7.38066e-12
3.62065e-07 -9.11203e-12
3.62384e-07 -1.01925e-11
3.62467e-07 -9.08874e-12
3.62334e-07 -1.05661e-11
3.62427e-07 -1.14102e-11
3.62582e-07 -1.23840e-11
3.62712e-07 -1.24069e-11
3.62662e-07 -1.13775e-11
3.62757e-07 -1.07796e-11
3.62920e-07 -1.09262e-11
3.62978e-07 -9.75587e-12
3.63324e-07 -8.06832e-12
3.63535e-07 -7.03962e-12
3.63721e-07 -4.26589e-12
3.63701e-07 -2.90546e-12
3.63976e-07 -1.11636e-12
3.63751e-07 1.65573e-12
3.64015e-07 3.70071e-12
3.64176e-07 5.17787e-12
3.64591e-07 4.71851e-12
3.64236e-07 3.03214e-12
3.64675e-07 1.90799e-12
3.64607e-07 2.12705e-12
3.64596e-07 1.52112e-12
3.64896e-07 4.04910e-12
3.64888e-07 4.93316e-12
3.65108e-07 3.98581e-12
3.64886e-07 4.05366e-12
3.65311e-07 5.02588e-12
3.65444e-07 3.67258e-12
3.65488e-07 2.74945e-12
3.65403e-07 3.28681e-12
3.65695e-07 3.91558e-12
3.65974e-07 5.00770e-12
3.65890e-07 5.01693e-12
3.66123e-07 5.28094e-12
3.66038e-07 6.08309e-12
3.66055e-07 5.76056e-12
3.66360e-07 4.80422e-12
3.66434e-07 4.23705e-12
3.66585e-07 5.12416e-12
3.66690e-07 4.34417e-12
3.66693e-07 4.43393e-12
3.66643e-07 3.50418e-12
3.66814e-07 5.83058e-12
3.67088e-07 5.63445e-12
3.66978e-07 5.40302e-12
3.66978e-07 5.13629e-12
3.67286e-07 4.83426e-12
3.67396e-07 4.49693e-12
3.67458e-07 4.12429e-12
3.67435e-07 3.71635e-12
3.67626e-07 3.27311e-12
3.68003e-07 2.79457e-12
